2025-11-13 14:47:04,765 | INFO | === BRUTE-FORCE DETECTOR STARTED ===
2025-11-13 14:47:04,765 | INFO | Config: {'log_file': 'month1/fake_auth.log', 'output_file': 'month1/alerts.json', 'threshold_count': 3, 'time_window_minutes': 15, 'log_level': 'INFO', 'alert_title': 'BRUTE_FORCE_15MIN'}
2025-11-13 14:47:04,771 | INFO | Parsed 5 failed logins
2025-11-13 14:47:04,771 | WARNING | ALERT: 203.0.113.27 → 4 attempts in window
2025-11-13 14:47:04,772 | INFO | Exported 1 alert(s) to month1/alerts.json
2025-11-13 14:47:04,772 | INFO | Sample: {
  "alert_type": "BRUTE_FORCE_15MIN",
  "ip": "203.0.113.27",
  "attempt_count": 4,
  "window_minutes": 9,
  "first_attempt": "2025-11-01T09:00:00",
  "last_attempt": "2025-11-01T09:09:00",
  "log_lines": [
    7,
    15,
    4,
    6
  ],
  "severity": "CRITICAL",
  "recommendation": "BLOCK IP + INVESTIGATE"
}
2025-11-13 14:47:19,434 | INFO | === BRUTE-FORCE DETECTOR STARTED ===
2025-11-13 14:47:19,434 | INFO | Config: {'log_file': 'month1/fake_auth.log', 'output_file': 'month1/alerts.json', 'threshold_count': 3, 'time_window_minutes': 15, 'log_level': 'INFO', 'alert_title': 'BRUTE_FORCE_15MIN'}
2025-11-13 14:47:19,439 | INFO | Parsed 5 failed logins
2025-11-13 14:47:19,440 | WARNING | ALERT: 203.0.113.27 → 4 attempts in window
2025-11-13 14:47:19,440 | INFO | Exported 1 alert(s) to month1/alerts.json
2025-11-13 14:47:19,440 | INFO | Sample: {
  "alert_type": "BRUTE_FORCE_15MIN",
  "ip": "203.0.113.27",
  "attempt_count": 4,
  "window_minutes": 9,
  "first_attempt": "2025-11-01T09:00:00",
  "last_attempt": "2025-11-01T09:09:00",
  "log_lines": [
    7,
    15,
    4,
    6
  ],
  "severity": "CRITICAL",
  "recommendation": "BLOCK IP + INVESTIGATE"
}
2025-11-14 20:04:53,542 | INFO | === EMAIL ALERTS MODULE STARTED ===
2025-11-14 20:04:53,574 | WARNING | ALERT: 203.0.113.27 → 4 attempts
2025-11-14 20:06:04,216 | INFO | === EMAIL ALERTS MODULE STARTED ===
2025-11-14 20:06:04,218 | WARNING | ALERT: 203.0.113.27 → 4 attempts
2025-11-14 20:12:01,468 | INFO | === EMAIL ALERTS MODULE STARTED ===
2025-11-14 20:12:01,470 | WARNING | ALERT: 203.0.113.27 → 4 attempts
2025-11-14 20:54:45,789 | INFO | === EMAIL ALERTS MODULE STARTED ===
2025-11-14 20:54:45,791 | WARNING | ALERT: 203.0.113.27 → 4 attempts
2025-11-14 20:55:05,881 | INFO | EMAIL SENT: 1 alert(s) to cyberlootkeeper@gmail.com
2025-11-14 21:15:23,708 | INFO | === EMAIL ALERTS MODULE STARTED ===
2025-11-14 21:15:23,710 | WARNING | ALERT: 203.0.113.27 → 4 attempts
2025-11-14 21:15:45,020 | INFO | EMAIL SENT: 1 alert(s) to cyberlootkeeper@gmail.com
2025-11-14 21:32:09,391 | INFO | === EMAIL ALERTS MODULE STARTED ===
2025-11-14 21:32:09,393 | WARNING | ALERT: 203.0.113.27 → 4 attempts
2025-11-14 21:32:14,608 | INFO | EMAIL SENT: 1 alert(s) to cyberlootkeeper@gmail.com
2025-11-16 21:42:06,054 | INFO | === BRUTE-FORCE DETECTOR STARTED ===
2025-11-16 21:42:06,062 | INFO | Config: {'log_file': 'month1/fake_auth.log', 'output_file': 'month1/alerts.json', 'threshold_count': 3, 'time_window_minutes': 15, 'log_level': 'INFO', 'alert_title': 'BRUTE_FORCE_15MIN', 'smtp_server': 'smtp.gmail.com', 'smtp_port': 587, 'email_from': 'suleephraim1@gmail.com', 'email_to': 'cyberlootkeeper@gmail.com', 'email_password': 'check google doc for it'}
2025-11-16 21:42:06,067 | INFO | Parsed 5 failed logins
2025-11-16 21:42:06,067 | WARNING | ALERT: 203.0.113.27 → 4 attempts in window
2025-11-16 21:42:06,067 | INFO | Exported 1 alert(s) to month1/alerts.json
2025-11-16 21:42:06,067 | INFO | Sample: {
  "alert_type": "BRUTE_FORCE_15MIN",
  "ip": "203.0.113.27",
  "attempt_count": 4,
  "window_minutes": 9,
  "first_attempt": "2025-11-01T09:00:00",
  "last_attempt": "2025-11-01T09:09:00",
  "log_lines": [
    7,
    15,
    4,
    6
  ],
  "severity": "CRITICAL",
  "recommendation": "BLOCK IP + INVESTIGATE"
}
2025-11-17 13:32:53,733 | INFO | === BRUTE-FORCE DETECTOR STARTED ===
2025-11-17 13:32:53,734 | INFO | Config: {'log_file': 'month1/fake_auth.log', 'output_file': 'month1/alerts.json', 'threshold_count': 3, 'time_window_minutes': 15, 'log_level': 'INFO', 'alert_title': 'BRUTE_FORCE_15MIN', 'smtp_server': 'smtp.gmail.com', 'smtp_port': 587, 'email_from': 'suleephraim1@gmail.com', 'email_to': 'cyberlootkeeper@gmail.com', 'email_password': 'check google doc for it'}
2025-11-17 13:32:53,738 | INFO | Parsed 5 failed logins
2025-11-17 13:32:53,738 | WARNING | ALERT: 203.0.113.27 → 4 attempts in window
2025-11-17 13:32:53,738 | INFO | Exported 1 alert(s) to month1/alerts.json
2025-11-17 13:32:53,739 | INFO | Sample: {
  "alert_type": "BRUTE_FORCE_15MIN",
  "ip": "203.0.113.27",
  "attempt_count": 4,
  "window_minutes": 9,
  "first_attempt": "2025-11-01T09:00:00",
  "last_attempt": "2025-11-01T09:09:00",
  "log_lines": [
    7,
    15,
    4,
    6
  ],
  "severity": "CRITICAL",
  "recommendation": "BLOCK IP + INVESTIGATE"
}
2025-11-18 10:32:33,459 | INFO | === BRUTE-FORCE DETECTOR STARTED ===
2025-11-18 10:32:33,459 | INFO | Config: {'log_file': 'month1/fake_auth.log', 'output_file': 'month1/alerts.json', 'threshold_count': 3, 'time_window_minutes': 15, 'log_level': 'INFO', 'alert_title': 'BRUTE_FORCE_15MIN', 'smtp_server': 'smtp.gmail.com', 'smtp_port': 587, 'email_from': 'suleephraim1@gmail.com', 'email_to': 'cyberlootkeeper@gmail.com', 'email_password': 'uwijddtfwdtmmony'}
2025-11-18 10:32:33,473 | INFO | Parsed 5 failed logins
2025-11-18 10:32:33,473 | WARNING | ALERT: 203.0.113.27 → 4 attempts in window
2025-11-18 10:32:33,473 | INFO | Exported 1 alert(s) to month1/alerts.json
2025-11-18 10:32:33,473 | INFO | Sample: {
  "alert_type": "BRUTE_FORCE_15MIN",
  "ip": "203.0.113.27",
  "attempt_count": 4,
  "window_minutes": 9,
  "first_attempt": "2025-11-01T09:00:00",
  "last_attempt": "2025-11-01T09:09:00",
  "log_lines": [
    7,
    15,
    4,
    6
  ],
  "severity": "CRITICAL",
  "recommendation": "BLOCK IP + INVESTIGATE"
}
2025-11-18 10:32:35,830 | INFO | === BRUTE-FORCE DETECTOR STARTED ===
2025-11-18 10:32:35,830 | INFO | Config: {'log_file': 'month1/fake_auth.log', 'output_file': 'month1/alerts.json', 'threshold_count': 3, 'time_window_minutes': 15, 'log_level': 'INFO', 'alert_title': 'BRUTE_FORCE_15MIN', 'smtp_server': 'smtp.gmail.com', 'smtp_port': 587, 'email_from': 'suleephraim1@gmail.com', 'email_to': 'cyberlootkeeper@gmail.com', 'email_password': 'uwijddtfwdtmmony'}
2025-11-18 10:32:35,835 | INFO | Parsed 5 failed logins
2025-11-18 10:32:35,835 | WARNING | ALERT: 203.0.113.27 → 4 attempts in window
2025-11-18 10:32:35,835 | INFO | Exported 1 alert(s) to month1/alerts.json
2025-11-18 10:32:35,836 | INFO | Sample: {
  "alert_type": "BRUTE_FORCE_15MIN",
  "ip": "203.0.113.27",
  "attempt_count": 4,
  "window_minutes": 9,
  "first_attempt": "2025-11-01T09:00:00",
  "last_attempt": "2025-11-01T09:09:00",
  "log_lines": [
    7,
    15,
    4,
    6
  ],
  "severity": "CRITICAL",
  "recommendation": "BLOCK IP + INVESTIGATE"
}
2025-11-18 10:32:37,279 | INFO | === BRUTE-FORCE DETECTOR STARTED ===
2025-11-18 10:32:37,280 | INFO | Config: {'log_file': 'month1/fake_auth.log', 'output_file': 'month1/alerts.json', 'threshold_count': 3, 'time_window_minutes': 15, 'log_level': 'INFO', 'alert_title': 'BRUTE_FORCE_15MIN', 'smtp_server': 'smtp.gmail.com', 'smtp_port': 587, 'email_from': 'suleephraim1@gmail.com', 'email_to': 'cyberlootkeeper@gmail.com', 'email_password': 'uwijddtfwdtmmony'}
2025-11-18 10:32:37,284 | INFO | Parsed 5 failed logins
2025-11-18 10:32:37,285 | WARNING | ALERT: 203.0.113.27 → 4 attempts in window
2025-11-18 10:32:37,285 | INFO | Exported 1 alert(s) to month1/alerts.json
2025-11-18 10:32:37,285 | INFO | Sample: {
  "alert_type": "BRUTE_FORCE_15MIN",
  "ip": "203.0.113.27",
  "attempt_count": 4,
  "window_minutes": 9,
  "first_attempt": "2025-11-01T09:00:00",
  "last_attempt": "2025-11-01T09:09:00",
  "log_lines": [
    7,
    15,
    4,
    6
  ],
  "severity": "CRITICAL",
  "recommendation": "BLOCK IP + INVESTIGATE"
}
2025-11-18 10:32:38,395 | INFO | === BRUTE-FORCE DETECTOR STARTED ===
2025-11-18 10:32:38,395 | INFO | Config: {'log_file': 'month1/fake_auth.log', 'output_file': 'month1/alerts.json', 'threshold_count': 3, 'time_window_minutes': 15, 'log_level': 'INFO', 'alert_title': 'BRUTE_FORCE_15MIN', 'smtp_server': 'smtp.gmail.com', 'smtp_port': 587, 'email_from': 'suleephraim1@gmail.com', 'email_to': 'cyberlootkeeper@gmail.com', 'email_password': 'uwijddtfwdtmmony'}
2025-11-18 10:32:38,400 | INFO | Parsed 5 failed logins
2025-11-18 10:32:38,400 | WARNING | ALERT: 203.0.113.27 → 4 attempts in window
2025-11-18 10:32:38,400 | INFO | Exported 1 alert(s) to month1/alerts.json
2025-11-18 10:32:38,401 | INFO | Sample: {
  "alert_type": "BRUTE_FORCE_15MIN",
  "ip": "203.0.113.27",
  "attempt_count": 4,
  "window_minutes": 9,
  "first_attempt": "2025-11-01T09:00:00",
  "last_attempt": "2025-11-01T09:09:00",
  "log_lines": [
    7,
    15,
    4,
    6
  ],
  "severity": "CRITICAL",
  "recommendation": "BLOCK IP + INVESTIGATE"
}
2025-11-18 10:56:53,074 | INFO | === BRUTE-FORCE DETECTOR STARTED ===
2025-11-18 10:56:53,074 | INFO | Config: {'log_file': 'month1/fake_auth.log', 'output_file': 'month1/alerts.json', 'threshold_count': 3, 'time_window_minutes': 15, 'log_level': 'INFO', 'alert_title': 'BRUTE_FORCE_15MIN', 'smtp_server': 'smtp.gmail.com', 'smtp_port': 587, 'email_from': 'suleephraim1@gmail.com', 'email_to': 'cyberlootkeeper@gmail.com', 'email_password': 'uwijddtfwdtmmony'}
2025-11-18 10:56:53,078 | INFO | Parsed 5 failed logins
2025-11-18 10:56:53,079 | WARNING | ALERT: 203.0.113.27 → 4 attempts in window
2025-11-18 10:56:53,079 | INFO | Exported 1 alert(s) to month1/alerts.json
2025-11-18 10:56:53,079 | INFO | Sample: {
  "alert_type": "BRUTE_FORCE_15MIN",
  "ip": "203.0.113.27",
  "attempt_count": 4,
  "window_minutes": 9,
  "first_attempt": "2025-11-01T09:00:00",
  "last_attempt": "2025-11-01T09:09:00",
  "log_lines": [
    7,
    15,
    4,
    6
  ],
  "severity": "CRITICAL",
  "recommendation": "BLOCK IP + INVESTIGATE"
}
2025-11-18 10:57:44,844 | INFO | === BRUTE-FORCE DETECTOR STARTED ===
2025-11-18 10:57:44,844 | INFO | Config: {'log_file': 'month1/fake_auth.log', 'output_file': 'month1/alerts.json', 'threshold_count': 3, 'time_window_minutes': 15, 'log_level': 'INFO', 'alert_title': 'BRUTE_FORCE_15MIN', 'smtp_server': 'smtp.gmail.com', 'smtp_port': 587, 'email_from': 'suleephraim1@gmail.com', 'email_to': 'cyberlootkeeper@gmail.com', 'email_password': 'uwijddtfwdtmmony'}
2025-11-18 10:57:44,849 | INFO | Parsed 5 failed logins
2025-11-18 10:57:44,849 | WARNING | ALERT: 203.0.113.27 → 4 attempts in window
2025-11-18 10:57:44,850 | INFO | Exported 1 alert(s) to month1/alerts.json
2025-11-18 10:57:44,850 | INFO | Sample: {
  "alert_type": "BRUTE_FORCE_15MIN",
  "ip": "203.0.113.27",
  "attempt_count": 4,
  "window_minutes": 9,
  "first_attempt": "2025-11-01T09:00:00",
  "last_attempt": "2025-11-01T09:09:00",
  "log_lines": [
    7,
    15,
    4,
    6
  ],
  "severity": "CRITICAL",
  "recommendation": "BLOCK IP + INVESTIGATE"
}
2025-11-18 10:57:44,954 | INFO | === EMAIL ALERTS MODULE STARTED ===
2025-11-18 10:57:44,957 | WARNING | ALERT: 203.0.113.27 → 4 attempts
2025-11-18 10:59:09,001 | INFO | === BRUTE-FORCE DETECTOR STARTED ===
2025-11-18 10:59:09,001 | INFO | Config: {'log_file': 'month1/fake_auth.log', 'output_file': 'month1/alerts.json', 'threshold_count': 3, 'time_window_minutes': 15, 'log_level': 'INFO', 'alert_title': 'BRUTE_FORCE_15MIN', 'smtp_server': 'smtp.gmail.com', 'smtp_port': 587, 'email_from': 'suleephraim1@gmail.com', 'email_to': 'cyberlootkeeper@gmail.com', 'email_password': 'uwijddtfwdtmmony'}
2025-11-18 10:59:09,009 | INFO | Parsed 5 failed logins
2025-11-18 10:59:09,009 | WARNING | ALERT: 203.0.113.27 → 4 attempts in window
2025-11-18 10:59:09,010 | INFO | Exported 1 alert(s) to month1/alerts.json
2025-11-18 10:59:09,010 | INFO | Sample: {
  "alert_type": "BRUTE_FORCE_15MIN",
  "ip": "203.0.113.27",
  "attempt_count": 4,
  "window_minutes": 9,
  "first_attempt": "2025-11-01T09:00:00",
  "last_attempt": "2025-11-01T09:09:00",
  "log_lines": [
    7,
    15,
    4,
    6
  ],
  "severity": "CRITICAL",
  "recommendation": "BLOCK IP + INVESTIGATE"
}
2025-11-18 10:59:09,097 | INFO | === EMAIL ALERTS MODULE STARTED ===
2025-11-18 10:59:09,099 | WARNING | ALERT: 203.0.113.27 → 4 attempts
2025-11-18 11:00:01,282 | INFO | === BRUTE-FORCE DETECTOR STARTED ===
2025-11-18 11:00:01,283 | INFO | Config: {'log_file': 'month1/fake_auth.log', 'output_file': 'month1/alerts.json', 'threshold_count': 3, 'time_window_minutes': 15, 'log_level': 'INFO', 'alert_title': 'BRUTE_FORCE_15MIN', 'smtp_server': 'smtp.gmail.com', 'smtp_port': 587, 'email_from': 'suleephraim1@gmail.com', 'email_to': 'cyberlootkeeper@gmail.com', 'email_password': 'uwijddtfwdtmmony'}
2025-11-18 11:00:01,289 | INFO | Parsed 5 failed logins
2025-11-18 11:00:01,289 | WARNING | ALERT: 203.0.113.27 → 4 attempts in window
2025-11-18 11:00:01,290 | INFO | Exported 1 alert(s) to month1/alerts.json
2025-11-18 11:00:01,290 | INFO | Sample: {
  "alert_type": "BRUTE_FORCE_15MIN",
  "ip": "203.0.113.27",
  "attempt_count": 4,
  "window_minutes": 9,
  "first_attempt": "2025-11-01T09:00:00",
  "last_attempt": "2025-11-01T09:09:00",
  "log_lines": [
    7,
    15,
    4,
    6
  ],
  "severity": "CRITICAL",
  "recommendation": "BLOCK IP + INVESTIGATE"
}
2025-11-18 11:00:01,403 | INFO | === EMAIL ALERTS MODULE STARTED ===
2025-11-18 11:00:01,405 | WARNING | ALERT: 203.0.113.27 → 4 attempts
2025-11-18 11:05:01,918 | INFO | === BRUTE-FORCE DETECTOR STARTED ===
2025-11-18 11:05:01,919 | INFO | Config: {'log_file': 'month1/fake_auth.log', 'output_file': 'month1/alerts.json', 'threshold_count': 3, 'time_window_minutes': 15, 'log_level': 'INFO', 'alert_title': 'BRUTE_FORCE_15MIN', 'smtp_server': 'smtp.gmail.com', 'smtp_port': 587, 'email_from': 'suleephraim1@gmail.com', 'email_to': 'cyberlootkeeper@gmail.com', 'email_password': 'uwijddtfwdtmmony'}
2025-11-18 11:05:01,923 | INFO | Parsed 5 failed logins
2025-11-18 11:05:01,924 | WARNING | ALERT: 203.0.113.27 → 4 attempts in window
2025-11-18 11:05:01,924 | INFO | Exported 1 alert(s) to month1/alerts.json
2025-11-18 11:05:01,924 | INFO | Sample: {
  "alert_type": "BRUTE_FORCE_15MIN",
  "ip": "203.0.113.27",
  "attempt_count": 4,
  "window_minutes": 9,
  "first_attempt": "2025-11-01T09:00:00",
  "last_attempt": "2025-11-01T09:09:00",
  "log_lines": [
    7,
    15,
    4,
    6
  ],
  "severity": "CRITICAL",
  "recommendation": "BLOCK IP + INVESTIGATE"
}
2025-11-18 11:05:02,019 | INFO | === EMAIL ALERTS MODULE STARTED ===
2025-11-18 11:05:02,021 | WARNING | ALERT: 203.0.113.27 → 4 attempts
2025-11-18 11:10:01,931 | INFO | === BRUTE-FORCE DETECTOR STARTED ===
2025-11-18 11:10:01,931 | INFO | Config: {'log_file': 'month1/fake_auth.log', 'output_file': 'month1/alerts.json', 'threshold_count': 3, 'time_window_minutes': 15, 'log_level': 'INFO', 'alert_title': 'BRUTE_FORCE_15MIN', 'smtp_server': 'smtp.gmail.com', 'smtp_port': 587, 'email_from': 'suleephraim1@gmail.com', 'email_to': 'cyberlootkeeper@gmail.com', 'email_password': 'uwijddtfwdtmmony'}
2025-11-18 11:10:01,936 | INFO | Parsed 5 failed logins
2025-11-18 11:10:01,936 | WARNING | ALERT: 203.0.113.27 → 4 attempts in window
2025-11-18 11:10:01,936 | INFO | Exported 1 alert(s) to month1/alerts.json
2025-11-18 11:10:01,936 | INFO | Sample: {
  "alert_type": "BRUTE_FORCE_15MIN",
  "ip": "203.0.113.27",
  "attempt_count": 4,
  "window_minutes": 9,
  "first_attempt": "2025-11-01T09:00:00",
  "last_attempt": "2025-11-01T09:09:00",
  "log_lines": [
    7,
    15,
    4,
    6
  ],
  "severity": "CRITICAL",
  "recommendation": "BLOCK IP + INVESTIGATE"
}
2025-11-18 11:10:02,014 | INFO | === EMAIL ALERTS MODULE STARTED ===
2025-11-18 11:10:02,016 | WARNING | ALERT: 203.0.113.27 → 4 attempts
2025-11-18 11:15:02,710 | INFO | === BRUTE-FORCE DETECTOR STARTED ===
2025-11-18 11:15:02,711 | INFO | Config: {'log_file': 'month1/fake_auth.log', 'output_file': 'month1/alerts.json', 'threshold_count': 3, 'time_window_minutes': 15, 'log_level': 'INFO', 'alert_title': 'BRUTE_FORCE_15MIN', 'smtp_server': 'smtp.gmail.com', 'smtp_port': 587, 'email_from': 'suleephraim1@gmail.com', 'email_to': 'cyberlootkeeper@gmail.com', 'email_password': 'uwijddtfwdtmmony'}
2025-11-18 11:15:02,715 | INFO | Parsed 5 failed logins
2025-11-18 11:15:02,715 | WARNING | ALERT: 203.0.113.27 → 4 attempts in window
2025-11-18 11:15:02,716 | INFO | Exported 1 alert(s) to month1/alerts.json
2025-11-18 11:15:02,716 | INFO | Sample: {
  "alert_type": "BRUTE_FORCE_15MIN",
  "ip": "203.0.113.27",
  "attempt_count": 4,
  "window_minutes": 9,
  "first_attempt": "2025-11-01T09:00:00",
  "last_attempt": "2025-11-01T09:09:00",
  "log_lines": [
    7,
    15,
    4,
    6
  ],
  "severity": "CRITICAL",
  "recommendation": "BLOCK IP + INVESTIGATE"
}
2025-11-18 11:15:02,787 | INFO | === EMAIL ALERTS MODULE STARTED ===
2025-11-18 11:15:02,790 | WARNING | ALERT: 203.0.113.27 → 4 attempts
2025-11-18 14:00:01,884 | INFO | === BRUTE-FORCE DETECTOR STARTED ===
2025-11-18 14:00:01,910 | INFO | Config: {'log_file': 'month1/fake_auth.log', 'output_file': 'month1/alerts.json', 'threshold_count': 3, 'time_window_minutes': 15, 'log_level': 'INFO', 'alert_title': 'BRUTE_FORCE_15MIN', 'smtp_server': 'smtp.gmail.com', 'smtp_port': 587, 'email_from': 'suleephraim1@gmail.com', 'email_to': 'cyberlootkeeper@gmail.com', 'email_password': 'uwijddtfwdtmmony'}
2025-11-18 14:00:01,948 | INFO | Parsed 5 failed logins
2025-11-18 14:00:01,949 | WARNING | ALERT: 203.0.113.27 → 4 attempts in window
2025-11-18 14:00:01,949 | INFO | Exported 1 alert(s) to month1/alerts.json
2025-11-18 14:00:01,950 | INFO | Sample: {
  "alert_type": "BRUTE_FORCE_15MIN",
  "ip": "203.0.113.27",
  "attempt_count": 4,
  "window_minutes": 9,
  "first_attempt": "2025-11-01T09:00:00",
  "last_attempt": "2025-11-01T09:09:00",
  "log_lines": [
    7,
    15,
    4,
    6
  ],
  "severity": "CRITICAL",
  "recommendation": "BLOCK IP + INVESTIGATE"
}
2025-11-18 14:00:02,063 | INFO | === EMAIL ALERTS MODULE STARTED ===
2025-11-18 14:00:02,066 | WARNING | ALERT: 203.0.113.27 → 4 attempts
2025-11-18 14:00:06,474 | INFO | EMAIL SENT: 1 alert(s) to cyberlootkeeper@gmail.com
2025-11-18 14:05:01,588 | INFO | === BRUTE-FORCE DETECTOR STARTED ===
2025-11-18 14:05:01,588 | INFO | Config: {'log_file': 'month1/fake_auth.log', 'output_file': 'month1/alerts.json', 'threshold_count': 3, 'time_window_minutes': 15, 'log_level': 'INFO', 'alert_title': 'BRUTE_FORCE_15MIN', 'smtp_server': 'smtp.gmail.com', 'smtp_port': 587, 'email_from': 'suleephraim1@gmail.com', 'email_to': 'cyberlootkeeper@gmail.com', 'email_password': 'uwijddtfwdtmmony'}
2025-11-18 14:05:01,592 | INFO | Parsed 5 failed logins
2025-11-18 14:05:01,592 | WARNING | ALERT: 203.0.113.27 → 4 attempts in window
2025-11-18 14:05:01,592 | INFO | Exported 1 alert(s) to month1/alerts.json
2025-11-18 14:05:01,593 | INFO | Sample: {
  "alert_type": "BRUTE_FORCE_15MIN",
  "ip": "203.0.113.27",
  "attempt_count": 4,
  "window_minutes": 9,
  "first_attempt": "2025-11-01T09:00:00",
  "last_attempt": "2025-11-01T09:09:00",
  "log_lines": [
    7,
    15,
    4,
    6
  ],
  "severity": "CRITICAL",
  "recommendation": "BLOCK IP + INVESTIGATE"
}
2025-11-18 14:05:01,656 | INFO | === EMAIL ALERTS MODULE STARTED ===
2025-11-18 14:05:01,657 | WARNING | ALERT: 203.0.113.27 → 4 attempts
2025-11-18 14:05:20,271 | INFO | EMAIL SENT: 1 alert(s) to cyberlootkeeper@gmail.com
2025-11-18 14:10:01,382 | INFO | === BRUTE-FORCE DETECTOR STARTED ===
2025-11-18 14:10:01,382 | INFO | Config: {'log_file': 'month1/fake_auth.log', 'output_file': 'month1/alerts.json', 'threshold_count': 3, 'time_window_minutes': 15, 'log_level': 'INFO', 'alert_title': 'BRUTE_FORCE_15MIN', 'smtp_server': 'smtp.gmail.com', 'smtp_port': 587, 'email_from': 'suleephraim1@gmail.com', 'email_to': 'cyberlootkeeper@gmail.com', 'email_password': 'uwijddtfwdtmmony'}
2025-11-18 14:10:01,386 | INFO | Parsed 5 failed logins
2025-11-18 14:10:01,386 | WARNING | ALERT: 203.0.113.27 → 4 attempts in window
2025-11-18 14:10:01,387 | INFO | Exported 1 alert(s) to month1/alerts.json
2025-11-18 14:10:01,387 | INFO | Sample: {
  "alert_type": "BRUTE_FORCE_15MIN",
  "ip": "203.0.113.27",
  "attempt_count": 4,
  "window_minutes": 9,
  "first_attempt": "2025-11-01T09:00:00",
  "last_attempt": "2025-11-01T09:09:00",
  "log_lines": [
    7,
    15,
    4,
    6
  ],
  "severity": "CRITICAL",
  "recommendation": "BLOCK IP + INVESTIGATE"
}
2025-11-18 14:10:01,449 | INFO | === EMAIL ALERTS MODULE STARTED ===
2025-11-18 14:10:01,451 | WARNING | ALERT: 203.0.113.27 → 4 attempts
2025-11-18 14:10:04,888 | INFO | EMAIL SENT: 1 alert(s) to cyberlootkeeper@gmail.com
2025-11-18 14:15:02,048 | INFO | === BRUTE-FORCE DETECTOR STARTED ===
2025-11-18 14:15:02,048 | INFO | Config: {'log_file': 'month1/fake_auth.log', 'output_file': 'month1/alerts.json', 'threshold_count': 3, 'time_window_minutes': 15, 'log_level': 'INFO', 'alert_title': 'BRUTE_FORCE_15MIN', 'smtp_server': 'smtp.gmail.com', 'smtp_port': 587, 'email_from': 'suleephraim1@gmail.com', 'email_to': 'cyberlootkeeper@gmail.com', 'email_password': 'uwijddtfwdtmmony'}
2025-11-18 14:15:02,055 | INFO | Parsed 5 failed logins
2025-11-18 14:15:02,055 | WARNING | ALERT: 203.0.113.27 → 4 attempts in window
2025-11-18 14:15:02,056 | INFO | Exported 1 alert(s) to month1/alerts.json
2025-11-18 14:15:02,056 | INFO | Sample: {
  "alert_type": "BRUTE_FORCE_15MIN",
  "ip": "203.0.113.27",
  "attempt_count": 4,
  "window_minutes": 9,
  "first_attempt": "2025-11-01T09:00:00",
  "last_attempt": "2025-11-01T09:09:00",
  "log_lines": [
    7,
    15,
    4,
    6
  ],
  "severity": "CRITICAL",
  "recommendation": "BLOCK IP + INVESTIGATE"
}
2025-11-18 14:15:02,168 | INFO | === EMAIL ALERTS MODULE STARTED ===
2025-11-18 14:15:02,171 | WARNING | ALERT: 203.0.113.27 → 4 attempts
2025-11-18 14:20:01,492 | INFO | === BRUTE-FORCE DETECTOR STARTED ===
2025-11-18 14:20:01,492 | INFO | Config: {'log_file': 'month1/fake_auth.log', 'output_file': 'month1/alerts.json', 'threshold_count': 3, 'time_window_minutes': 15, 'log_level': 'INFO', 'alert_title': 'BRUTE_FORCE_15MIN', 'smtp_server': 'smtp.gmail.com', 'smtp_port': 587, 'email_from': 'suleephraim1@gmail.com', 'email_to': 'cyberlootkeeper@gmail.com', 'email_password': 'uwijddtfwdtmmony'}
2025-11-18 14:20:01,496 | INFO | Parsed 5 failed logins
2025-11-18 14:20:01,496 | WARNING | ALERT: 203.0.113.27 → 4 attempts in window
2025-11-18 14:20:01,497 | INFO | Exported 1 alert(s) to month1/alerts.json
2025-11-18 14:20:01,497 | INFO | Sample: {
  "alert_type": "BRUTE_FORCE_15MIN",
  "ip": "203.0.113.27",
  "attempt_count": 4,
  "window_minutes": 9,
  "first_attempt": "2025-11-01T09:00:00",
  "last_attempt": "2025-11-01T09:09:00",
  "log_lines": [
    7,
    15,
    4,
    6
  ],
  "severity": "CRITICAL",
  "recommendation": "BLOCK IP + INVESTIGATE"
}
2025-11-18 14:20:01,567 | INFO | === EMAIL ALERTS MODULE STARTED ===
2025-11-18 14:20:01,569 | WARNING | ALERT: 203.0.113.27 → 4 attempts
2025-11-19 11:10:01,962 | INFO | === BRUTE-FORCE DETECTOR STARTED ===
2025-11-19 11:10:01,995 | INFO | Config: {'log_file': 'month1/fake_auth.log', 'output_file': 'month1/alerts.json', 'threshold_count': 3, 'time_window_minutes': 15, 'log_level': 'INFO', 'alert_title': 'BRUTE_FORCE_15MIN', 'smtp_server': 'smtp.gmail.com', 'smtp_port': 587, 'email_from': 'suleephraim1@gmail.com', 'email_to': 'cyberlootkeeper@gmail.com', 'email_password': 'uwijddtfwdtmmony'}
2025-11-19 11:10:02,026 | INFO | Parsed 5 failed logins
2025-11-19 11:10:02,026 | WARNING | ALERT: 203.0.113.27 → 4 attempts in window
2025-11-19 11:10:02,026 | INFO | Exported 1 alert(s) to month1/alerts.json
2025-11-19 11:10:02,026 | INFO | Sample: {
  "alert_type": "BRUTE_FORCE_15MIN",
  "ip": "203.0.113.27",
  "attempt_count": 4,
  "window_minutes": 9,
  "first_attempt": "2025-11-01T09:00:00",
  "last_attempt": "2025-11-01T09:09:00",
  "log_lines": [
    7,
    15,
    4,
    6
  ],
  "severity": "CRITICAL",
  "recommendation": "BLOCK IP + INVESTIGATE"
}
2025-11-19 11:10:02,132 | INFO | === EMAIL ALERTS MODULE STARTED ===
2025-11-19 11:10:02,134 | WARNING | ALERT: 203.0.113.27 → 4 attempts
2025-11-19 11:10:25,723 | INFO | EMAIL SENT: 1 alert(s) to cyberlootkeeper@gmail.com
2025-11-19 11:15:01,826 | INFO | === BRUTE-FORCE DETECTOR STARTED ===
2025-11-19 11:15:01,826 | INFO | Config: {'log_file': 'month1/fake_auth.log', 'output_file': 'month1/alerts.json', 'threshold_count': 3, 'time_window_minutes': 15, 'log_level': 'INFO', 'alert_title': 'BRUTE_FORCE_15MIN', 'smtp_server': 'smtp.gmail.com', 'smtp_port': 587, 'email_from': 'suleephraim1@gmail.com', 'email_to': 'cyberlootkeeper@gmail.com', 'email_password': 'uwijddtfwdtmmony'}
2025-11-19 11:15:01,830 | INFO | Parsed 5 failed logins
2025-11-19 11:15:01,830 | WARNING | ALERT: 203.0.113.27 → 4 attempts in window
2025-11-19 11:15:01,831 | INFO | Exported 1 alert(s) to month1/alerts.json
2025-11-19 11:15:01,831 | INFO | Sample: {
  "alert_type": "BRUTE_FORCE_15MIN",
  "ip": "203.0.113.27",
  "attempt_count": 4,
  "window_minutes": 9,
  "first_attempt": "2025-11-01T09:00:00",
  "last_attempt": "2025-11-01T09:09:00",
  "log_lines": [
    7,
    15,
    4,
    6
  ],
  "severity": "CRITICAL",
  "recommendation": "BLOCK IP + INVESTIGATE"
}
2025-11-19 11:15:01,893 | INFO | === EMAIL ALERTS MODULE STARTED ===
2025-11-19 11:15:01,895 | WARNING | ALERT: 203.0.113.27 → 4 attempts
2025-11-19 11:15:22,624 | INFO | EMAIL SENT: 1 alert(s) to cyberlootkeeper@gmail.com
2025-11-19 11:20:01,816 | INFO | === BRUTE-FORCE DETECTOR STARTED ===
2025-11-19 11:20:01,816 | INFO | Config: {'log_file': 'month1/fake_auth.log', 'output_file': 'month1/alerts.json', 'threshold_count': 3, 'time_window_minutes': 15, 'log_level': 'INFO', 'alert_title': 'BRUTE_FORCE_15MIN', 'smtp_server': 'smtp.gmail.com', 'smtp_port': 587, 'email_from': 'suleephraim1@gmail.com', 'email_to': 'cyberlootkeeper@gmail.com', 'email_password': 'uwijddtfwdtmmony'}
2025-11-19 11:20:01,820 | INFO | Parsed 5 failed logins
2025-11-19 11:20:01,820 | WARNING | ALERT: 203.0.113.27 → 4 attempts in window
2025-11-19 11:20:01,820 | INFO | Exported 1 alert(s) to month1/alerts.json
2025-11-19 11:20:01,821 | INFO | Sample: {
  "alert_type": "BRUTE_FORCE_15MIN",
  "ip": "203.0.113.27",
  "attempt_count": 4,
  "window_minutes": 9,
  "first_attempt": "2025-11-01T09:00:00",
  "last_attempt": "2025-11-01T09:09:00",
  "log_lines": [
    7,
    15,
    4,
    6
  ],
  "severity": "CRITICAL",
  "recommendation": "BLOCK IP + INVESTIGATE"
}
2025-11-19 11:20:01,884 | INFO | === EMAIL ALERTS MODULE STARTED ===
2025-11-19 11:20:01,885 | WARNING | ALERT: 203.0.113.27 → 4 attempts
2025-11-19 11:20:05,898 | INFO | EMAIL SENT: 1 alert(s) to cyberlootkeeper@gmail.com
2025-11-19 11:25:01,995 | INFO | === BRUTE-FORCE DETECTOR STARTED ===
2025-11-19 11:25:01,995 | INFO | Config: {'log_file': 'month1/fake_auth.log', 'output_file': 'month1/alerts.json', 'threshold_count': 3, 'time_window_minutes': 15, 'log_level': 'INFO', 'alert_title': 'BRUTE_FORCE_15MIN', 'smtp_server': 'smtp.gmail.com', 'smtp_port': 587, 'email_from': 'suleephraim1@gmail.com', 'email_to': 'cyberlootkeeper@gmail.com', 'email_password': 'uwijddtfwdtmmony'}
2025-11-19 11:25:01,998 | INFO | Parsed 5 failed logins
2025-11-19 11:25:01,999 | WARNING | ALERT: 203.0.113.27 → 4 attempts in window
2025-11-19 11:25:01,999 | INFO | Exported 1 alert(s) to month1/alerts.json
2025-11-19 11:25:01,999 | INFO | Sample: {
  "alert_type": "BRUTE_FORCE_15MIN",
  "ip": "203.0.113.27",
  "attempt_count": 4,
  "window_minutes": 9,
  "first_attempt": "2025-11-01T09:00:00",
  "last_attempt": "2025-11-01T09:09:00",
  "log_lines": [
    7,
    15,
    4,
    6
  ],
  "severity": "CRITICAL",
  "recommendation": "BLOCK IP + INVESTIGATE"
}
2025-11-19 11:25:02,063 | INFO | === EMAIL ALERTS MODULE STARTED ===
2025-11-19 11:25:02,064 | WARNING | ALERT: 203.0.113.27 → 4 attempts
2025-11-19 11:25:06,680 | INFO | EMAIL SENT: 1 alert(s) to cyberlootkeeper@gmail.com
2025-11-19 11:30:01,785 | INFO | === BRUTE-FORCE DETECTOR STARTED ===
2025-11-19 11:30:01,785 | INFO | Config: {'log_file': 'month1/fake_auth.log', 'output_file': 'month1/alerts.json', 'threshold_count': 3, 'time_window_minutes': 15, 'log_level': 'INFO', 'alert_title': 'BRUTE_FORCE_15MIN', 'smtp_server': 'smtp.gmail.com', 'smtp_port': 587, 'email_from': 'suleephraim1@gmail.com', 'email_to': 'cyberlootkeeper@gmail.com', 'email_password': 'uwijddtfwdtmmony'}
2025-11-19 11:30:01,788 | INFO | Parsed 5 failed logins
2025-11-19 11:30:01,789 | WARNING | ALERT: 203.0.113.27 → 4 attempts in window
2025-11-19 11:30:01,789 | INFO | Exported 1 alert(s) to month1/alerts.json
2025-11-19 11:30:01,789 | INFO | Sample: {
  "alert_type": "BRUTE_FORCE_15MIN",
  "ip": "203.0.113.27",
  "attempt_count": 4,
  "window_minutes": 9,
  "first_attempt": "2025-11-01T09:00:00",
  "last_attempt": "2025-11-01T09:09:00",
  "log_lines": [
    7,
    15,
    4,
    6
  ],
  "severity": "CRITICAL",
  "recommendation": "BLOCK IP + INVESTIGATE"
}
2025-11-19 11:30:01,851 | INFO | === EMAIL ALERTS MODULE STARTED ===
2025-11-19 11:30:01,853 | WARNING | ALERT: 203.0.113.27 → 4 attempts
2025-11-19 11:30:07,130 | INFO | EMAIL SENT: 1 alert(s) to cyberlootkeeper@gmail.com
2025-11-19 11:35:01,224 | INFO | === BRUTE-FORCE DETECTOR STARTED ===
2025-11-19 11:35:01,224 | INFO | Config: {'log_file': 'month1/fake_auth.log', 'output_file': 'month1/alerts.json', 'threshold_count': 3, 'time_window_minutes': 15, 'log_level': 'INFO', 'alert_title': 'BRUTE_FORCE_15MIN', 'smtp_server': 'smtp.gmail.com', 'smtp_port': 587, 'email_from': 'suleephraim1@gmail.com', 'email_to': 'cyberlootkeeper@gmail.com', 'email_password': 'uwijddtfwdtmmony'}
2025-11-19 11:35:01,227 | INFO | Parsed 5 failed logins
2025-11-19 11:35:01,228 | WARNING | ALERT: 203.0.113.27 → 4 attempts in window
2025-11-19 11:35:01,228 | INFO | Exported 1 alert(s) to month1/alerts.json
2025-11-19 11:35:01,228 | INFO | Sample: {
  "alert_type": "BRUTE_FORCE_15MIN",
  "ip": "203.0.113.27",
  "attempt_count": 4,
  "window_minutes": 9,
  "first_attempt": "2025-11-01T09:00:00",
  "last_attempt": "2025-11-01T09:09:00",
  "log_lines": [
    7,
    15,
    4,
    6
  ],
  "severity": "CRITICAL",
  "recommendation": "BLOCK IP + INVESTIGATE"
}
2025-11-19 11:35:01,293 | INFO | === EMAIL ALERTS MODULE STARTED ===
2025-11-19 11:35:01,295 | WARNING | ALERT: 203.0.113.27 → 4 attempts
2025-11-19 11:35:20,780 | INFO | EMAIL SENT: 1 alert(s) to cyberlootkeeper@gmail.com
2025-11-19 11:40:01,885 | INFO | === BRUTE-FORCE DETECTOR STARTED ===
2025-11-19 11:40:01,885 | INFO | Config: {'log_file': 'month1/fake_auth.log', 'output_file': 'month1/alerts.json', 'threshold_count': 3, 'time_window_minutes': 15, 'log_level': 'INFO', 'alert_title': 'BRUTE_FORCE_15MIN', 'smtp_server': 'smtp.gmail.com', 'smtp_port': 587, 'email_from': 'suleephraim1@gmail.com', 'email_to': 'cyberlootkeeper@gmail.com', 'email_password': 'uwijddtfwdtmmony'}
2025-11-19 11:40:01,889 | INFO | Parsed 5 failed logins
2025-11-19 11:40:01,889 | WARNING | ALERT: 203.0.113.27 → 4 attempts in window
2025-11-19 11:40:01,889 | INFO | Exported 1 alert(s) to month1/alerts.json
2025-11-19 11:40:01,889 | INFO | Sample: {
  "alert_type": "BRUTE_FORCE_15MIN",
  "ip": "203.0.113.27",
  "attempt_count": 4,
  "window_minutes": 9,
  "first_attempt": "2025-11-01T09:00:00",
  "last_attempt": "2025-11-01T09:09:00",
  "log_lines": [
    7,
    15,
    4,
    6
  ],
  "severity": "CRITICAL",
  "recommendation": "BLOCK IP + INVESTIGATE"
}
2025-11-19 11:40:01,952 | INFO | === EMAIL ALERTS MODULE STARTED ===
2025-11-19 11:40:01,953 | WARNING | ALERT: 203.0.113.27 → 4 attempts
2025-11-19 11:40:22,451 | INFO | EMAIL SENT: 1 alert(s) to cyberlootkeeper@gmail.com
2025-11-19 11:45:01,545 | INFO | === BRUTE-FORCE DETECTOR STARTED ===
2025-11-19 11:45:01,545 | INFO | Config: {'log_file': 'month1/fake_auth.log', 'output_file': 'month1/alerts.json', 'threshold_count': 3, 'time_window_minutes': 15, 'log_level': 'INFO', 'alert_title': 'BRUTE_FORCE_15MIN', 'smtp_server': 'smtp.gmail.com', 'smtp_port': 587, 'email_from': 'suleephraim1@gmail.com', 'email_to': 'cyberlootkeeper@gmail.com', 'email_password': 'uwijddtfwdtmmony'}
2025-11-19 11:45:01,549 | INFO | Parsed 5 failed logins
2025-11-19 11:45:01,549 | WARNING | ALERT: 203.0.113.27 → 4 attempts in window
2025-11-19 11:45:01,549 | INFO | Exported 1 alert(s) to month1/alerts.json
2025-11-19 11:45:01,549 | INFO | Sample: {
  "alert_type": "BRUTE_FORCE_15MIN",
  "ip": "203.0.113.27",
  "attempt_count": 4,
  "window_minutes": 9,
  "first_attempt": "2025-11-01T09:00:00",
  "last_attempt": "2025-11-01T09:09:00",
  "log_lines": [
    7,
    15,
    4,
    6
  ],
  "severity": "CRITICAL",
  "recommendation": "BLOCK IP + INVESTIGATE"
}
2025-11-19 11:45:01,612 | INFO | === EMAIL ALERTS MODULE STARTED ===
2025-11-19 11:45:01,613 | WARNING | ALERT: 203.0.113.27 → 4 attempts
2025-11-19 11:45:05,179 | INFO | EMAIL SENT: 1 alert(s) to cyberlootkeeper@gmail.com
2025-11-19 11:50:01,287 | INFO | === BRUTE-FORCE DETECTOR STARTED ===
2025-11-19 11:50:01,287 | INFO | Config: {'log_file': 'month1/fake_auth.log', 'output_file': 'month1/alerts.json', 'threshold_count': 3, 'time_window_minutes': 15, 'log_level': 'INFO', 'alert_title': 'BRUTE_FORCE_15MIN', 'smtp_server': 'smtp.gmail.com', 'smtp_port': 587, 'email_from': 'suleephraim1@gmail.com', 'email_to': 'cyberlootkeeper@gmail.com', 'email_password': 'uwijddtfwdtmmony'}
2025-11-19 11:50:01,291 | INFO | Parsed 5 failed logins
2025-11-19 11:50:01,291 | WARNING | ALERT: 203.0.113.27 → 4 attempts in window
2025-11-19 11:50:01,291 | INFO | Exported 1 alert(s) to month1/alerts.json
2025-11-19 11:50:01,292 | INFO | Sample: {
  "alert_type": "BRUTE_FORCE_15MIN",
  "ip": "203.0.113.27",
  "attempt_count": 4,
  "window_minutes": 9,
  "first_attempt": "2025-11-01T09:00:00",
  "last_attempt": "2025-11-01T09:09:00",
  "log_lines": [
    7,
    15,
    4,
    6
  ],
  "severity": "CRITICAL",
  "recommendation": "BLOCK IP + INVESTIGATE"
}
2025-11-19 11:50:01,355 | INFO | === EMAIL ALERTS MODULE STARTED ===
2025-11-19 11:50:01,357 | WARNING | ALERT: 203.0.113.27 → 4 attempts
2025-11-19 11:50:06,637 | INFO | EMAIL SENT: 1 alert(s) to cyberlootkeeper@gmail.com
2025-11-19 11:55:01,738 | INFO | === BRUTE-FORCE DETECTOR STARTED ===
2025-11-19 11:55:01,738 | INFO | Config: {'log_file': 'month1/fake_auth.log', 'output_file': 'month1/alerts.json', 'threshold_count': 3, 'time_window_minutes': 15, 'log_level': 'INFO', 'alert_title': 'BRUTE_FORCE_15MIN', 'smtp_server': 'smtp.gmail.com', 'smtp_port': 587, 'email_from': 'suleephraim1@gmail.com', 'email_to': 'cyberlootkeeper@gmail.com', 'email_password': 'uwijddtfwdtmmony'}
2025-11-19 11:55:01,742 | INFO | Parsed 5 failed logins
2025-11-19 11:55:01,742 | WARNING | ALERT: 203.0.113.27 → 4 attempts in window
2025-11-19 11:55:01,742 | INFO | Exported 1 alert(s) to month1/alerts.json
2025-11-19 11:55:01,742 | INFO | Sample: {
  "alert_type": "BRUTE_FORCE_15MIN",
  "ip": "203.0.113.27",
  "attempt_count": 4,
  "window_minutes": 9,
  "first_attempt": "2025-11-01T09:00:00",
  "last_attempt": "2025-11-01T09:09:00",
  "log_lines": [
    7,
    15,
    4,
    6
  ],
  "severity": "CRITICAL",
  "recommendation": "BLOCK IP + INVESTIGATE"
}
2025-11-19 11:55:01,806 | INFO | === EMAIL ALERTS MODULE STARTED ===
2025-11-19 11:55:01,807 | WARNING | ALERT: 203.0.113.27 → 4 attempts
2025-11-19 11:55:20,484 | INFO | EMAIL SENT: 1 alert(s) to cyberlootkeeper@gmail.com
2025-11-19 12:00:01,598 | INFO | === BRUTE-FORCE DETECTOR STARTED ===
2025-11-19 12:00:01,598 | INFO | Config: {'log_file': 'month1/fake_auth.log', 'output_file': 'month1/alerts.json', 'threshold_count': 3, 'time_window_minutes': 15, 'log_level': 'INFO', 'alert_title': 'BRUTE_FORCE_15MIN', 'smtp_server': 'smtp.gmail.com', 'smtp_port': 587, 'email_from': 'suleephraim1@gmail.com', 'email_to': 'cyberlootkeeper@gmail.com', 'email_password': 'uwijddtfwdtmmony'}
2025-11-19 12:00:01,602 | INFO | Parsed 5 failed logins
2025-11-19 12:00:01,602 | WARNING | ALERT: 203.0.113.27 → 4 attempts in window
2025-11-19 12:00:01,602 | INFO | Exported 1 alert(s) to month1/alerts.json
2025-11-19 12:00:01,602 | INFO | Sample: {
  "alert_type": "BRUTE_FORCE_15MIN",
  "ip": "203.0.113.27",
  "attempt_count": 4,
  "window_minutes": 9,
  "first_attempt": "2025-11-01T09:00:00",
  "last_attempt": "2025-11-01T09:09:00",
  "log_lines": [
    7,
    15,
    4,
    6
  ],
  "severity": "CRITICAL",
  "recommendation": "BLOCK IP + INVESTIGATE"
}
2025-11-19 12:00:01,665 | INFO | === EMAIL ALERTS MODULE STARTED ===
2025-11-19 12:00:01,666 | WARNING | ALERT: 203.0.113.27 → 4 attempts
2025-11-19 12:00:22,764 | INFO | EMAIL SENT: 1 alert(s) to cyberlootkeeper@gmail.com
2025-11-19 12:05:01,875 | INFO | === BRUTE-FORCE DETECTOR STARTED ===
2025-11-19 12:05:01,875 | INFO | Config: {'log_file': 'month1/fake_auth.log', 'output_file': 'month1/alerts.json', 'threshold_count': 3, 'time_window_minutes': 15, 'log_level': 'INFO', 'alert_title': 'BRUTE_FORCE_15MIN', 'smtp_server': 'smtp.gmail.com', 'smtp_port': 587, 'email_from': 'suleephraim1@gmail.com', 'email_to': 'cyberlootkeeper@gmail.com', 'email_password': 'uwijddtfwdtmmony'}
2025-11-19 12:05:01,880 | INFO | Parsed 5 failed logins
2025-11-19 12:05:01,880 | WARNING | ALERT: 203.0.113.27 → 4 attempts in window
2025-11-19 12:05:01,881 | INFO | Exported 1 alert(s) to month1/alerts.json
2025-11-19 12:05:01,881 | INFO | Sample: {
  "alert_type": "BRUTE_FORCE_15MIN",
  "ip": "203.0.113.27",
  "attempt_count": 4,
  "window_minutes": 9,
  "first_attempt": "2025-11-01T09:00:00",
  "last_attempt": "2025-11-01T09:09:00",
  "log_lines": [
    7,
    15,
    4,
    6
  ],
  "severity": "CRITICAL",
  "recommendation": "BLOCK IP + INVESTIGATE"
}
2025-11-19 12:05:01,950 | INFO | === EMAIL ALERTS MODULE STARTED ===
2025-11-19 12:05:01,952 | WARNING | ALERT: 203.0.113.27 → 4 attempts
2025-11-19 12:05:15,831 | INFO | EMAIL SENT: 1 alert(s) to cyberlootkeeper@gmail.com
2025-11-19 12:10:01,952 | INFO | === BRUTE-FORCE DETECTOR STARTED ===
2025-11-19 12:10:01,952 | INFO | Config: {'log_file': 'month1/fake_auth.log', 'output_file': 'month1/alerts.json', 'threshold_count': 3, 'time_window_minutes': 15, 'log_level': 'INFO', 'alert_title': 'BRUTE_FORCE_15MIN', 'smtp_server': 'smtp.gmail.com', 'smtp_port': 587, 'email_from': 'suleephraim1@gmail.com', 'email_to': 'cyberlootkeeper@gmail.com', 'email_password': 'uwijddtfwdtmmony'}
2025-11-19 12:10:01,956 | INFO | Parsed 5 failed logins
2025-11-19 12:10:01,957 | WARNING | ALERT: 203.0.113.27 → 4 attempts in window
2025-11-19 12:10:01,957 | INFO | Exported 1 alert(s) to month1/alerts.json
2025-11-19 12:10:01,957 | INFO | Sample: {
  "alert_type": "BRUTE_FORCE_15MIN",
  "ip": "203.0.113.27",
  "attempt_count": 4,
  "window_minutes": 9,
  "first_attempt": "2025-11-01T09:00:00",
  "last_attempt": "2025-11-01T09:09:00",
  "log_lines": [
    7,
    15,
    4,
    6
  ],
  "severity": "CRITICAL",
  "recommendation": "BLOCK IP + INVESTIGATE"
}
2025-11-19 12:10:02,021 | INFO | === EMAIL ALERTS MODULE STARTED ===
2025-11-19 12:10:02,023 | WARNING | ALERT: 203.0.113.27 → 4 attempts
2025-11-19 12:10:07,568 | INFO | EMAIL SENT: 1 alert(s) to cyberlootkeeper@gmail.com
2025-11-19 12:15:01,666 | INFO | === BRUTE-FORCE DETECTOR STARTED ===
2025-11-19 12:15:01,666 | INFO | Config: {'log_file': 'month1/fake_auth.log', 'output_file': 'month1/alerts.json', 'threshold_count': 3, 'time_window_minutes': 15, 'log_level': 'INFO', 'alert_title': 'BRUTE_FORCE_15MIN', 'smtp_server': 'smtp.gmail.com', 'smtp_port': 587, 'email_from': 'suleephraim1@gmail.com', 'email_to': 'cyberlootkeeper@gmail.com', 'email_password': 'uwijddtfwdtmmony'}
2025-11-19 12:15:01,670 | INFO | Parsed 5 failed logins
2025-11-19 12:15:01,670 | WARNING | ALERT: 203.0.113.27 → 4 attempts in window
2025-11-19 12:15:01,671 | INFO | Exported 1 alert(s) to month1/alerts.json
2025-11-19 12:15:01,671 | INFO | Sample: {
  "alert_type": "BRUTE_FORCE_15MIN",
  "ip": "203.0.113.27",
  "attempt_count": 4,
  "window_minutes": 9,
  "first_attempt": "2025-11-01T09:00:00",
  "last_attempt": "2025-11-01T09:09:00",
  "log_lines": [
    7,
    15,
    4,
    6
  ],
  "severity": "CRITICAL",
  "recommendation": "BLOCK IP + INVESTIGATE"
}
2025-11-19 12:15:01,734 | INFO | === EMAIL ALERTS MODULE STARTED ===
2025-11-19 12:15:01,736 | WARNING | ALERT: 203.0.113.27 → 4 attempts
2025-11-19 12:15:16,610 | INFO | EMAIL SENT: 1 alert(s) to cyberlootkeeper@gmail.com
2025-11-19 12:20:01,749 | INFO | === BRUTE-FORCE DETECTOR STARTED ===
2025-11-19 12:20:01,749 | INFO | Config: {'log_file': 'month1/fake_auth.log', 'output_file': 'month1/alerts.json', 'threshold_count': 3, 'time_window_minutes': 15, 'log_level': 'INFO', 'alert_title': 'BRUTE_FORCE_15MIN', 'smtp_server': 'smtp.gmail.com', 'smtp_port': 587, 'email_from': 'suleephraim1@gmail.com', 'email_to': 'cyberlootkeeper@gmail.com', 'email_password': 'uwijddtfwdtmmony'}
2025-11-19 12:20:01,753 | INFO | Parsed 5 failed logins
2025-11-19 12:20:01,753 | WARNING | ALERT: 203.0.113.27 → 4 attempts in window
2025-11-19 12:20:01,753 | INFO | Exported 1 alert(s) to month1/alerts.json
2025-11-19 12:20:01,754 | INFO | Sample: {
  "alert_type": "BRUTE_FORCE_15MIN",
  "ip": "203.0.113.27",
  "attempt_count": 4,
  "window_minutes": 9,
  "first_attempt": "2025-11-01T09:00:00",
  "last_attempt": "2025-11-01T09:09:00",
  "log_lines": [
    7,
    15,
    4,
    6
  ],
  "severity": "CRITICAL",
  "recommendation": "BLOCK IP + INVESTIGATE"
}
2025-11-19 12:20:01,817 | INFO | === EMAIL ALERTS MODULE STARTED ===
2025-11-19 12:20:01,819 | WARNING | ALERT: 203.0.113.27 → 4 attempts
2025-11-19 12:20:05,685 | INFO | EMAIL SENT: 1 alert(s) to cyberlootkeeper@gmail.com
2025-11-19 12:25:01,783 | INFO | === BRUTE-FORCE DETECTOR STARTED ===
2025-11-19 12:25:01,783 | INFO | Config: {'log_file': 'month1/fake_auth.log', 'output_file': 'month1/alerts.json', 'threshold_count': 3, 'time_window_minutes': 15, 'log_level': 'INFO', 'alert_title': 'BRUTE_FORCE_15MIN', 'smtp_server': 'smtp.gmail.com', 'smtp_port': 587, 'email_from': 'suleephraim1@gmail.com', 'email_to': 'cyberlootkeeper@gmail.com', 'email_password': 'uwijddtfwdtmmony'}
2025-11-19 12:25:01,787 | INFO | Parsed 5 failed logins
2025-11-19 12:25:01,787 | WARNING | ALERT: 203.0.113.27 → 4 attempts in window
2025-11-19 12:25:01,788 | INFO | Exported 1 alert(s) to month1/alerts.json
2025-11-19 12:25:01,788 | INFO | Sample: {
  "alert_type": "BRUTE_FORCE_15MIN",
  "ip": "203.0.113.27",
  "attempt_count": 4,
  "window_minutes": 9,
  "first_attempt": "2025-11-01T09:00:00",
  "last_attempt": "2025-11-01T09:09:00",
  "log_lines": [
    7,
    15,
    4,
    6
  ],
  "severity": "CRITICAL",
  "recommendation": "BLOCK IP + INVESTIGATE"
}
2025-11-19 12:25:01,850 | INFO | === EMAIL ALERTS MODULE STARTED ===
2025-11-19 12:25:01,852 | WARNING | ALERT: 203.0.113.27 → 4 attempts
2025-11-19 12:25:20,476 | INFO | EMAIL SENT: 1 alert(s) to cyberlootkeeper@gmail.com
2025-11-19 12:30:01,587 | INFO | === BRUTE-FORCE DETECTOR STARTED ===
2025-11-19 12:30:01,587 | INFO | Config: {'log_file': 'month1/fake_auth.log', 'output_file': 'month1/alerts.json', 'threshold_count': 3, 'time_window_minutes': 15, 'log_level': 'INFO', 'alert_title': 'BRUTE_FORCE_15MIN', 'smtp_server': 'smtp.gmail.com', 'smtp_port': 587, 'email_from': 'suleephraim1@gmail.com', 'email_to': 'cyberlootkeeper@gmail.com', 'email_password': 'uwijddtfwdtmmony'}
2025-11-19 12:30:01,591 | INFO | Parsed 5 failed logins
2025-11-19 12:30:01,591 | WARNING | ALERT: 203.0.113.27 → 4 attempts in window
2025-11-19 12:30:01,591 | INFO | Exported 1 alert(s) to month1/alerts.json
2025-11-19 12:30:01,591 | INFO | Sample: {
  "alert_type": "BRUTE_FORCE_15MIN",
  "ip": "203.0.113.27",
  "attempt_count": 4,
  "window_minutes": 9,
  "first_attempt": "2025-11-01T09:00:00",
  "last_attempt": "2025-11-01T09:09:00",
  "log_lines": [
    7,
    15,
    4,
    6
  ],
  "severity": "CRITICAL",
  "recommendation": "BLOCK IP + INVESTIGATE"
}
2025-11-19 12:30:01,654 | INFO | === EMAIL ALERTS MODULE STARTED ===
2025-11-19 12:30:01,656 | WARNING | ALERT: 203.0.113.27 → 4 attempts
2025-11-19 12:30:25,434 | INFO | EMAIL SENT: 1 alert(s) to cyberlootkeeper@gmail.com
2025-11-19 12:35:01,534 | INFO | === BRUTE-FORCE DETECTOR STARTED ===
2025-11-19 12:35:01,534 | INFO | Config: {'log_file': 'month1/fake_auth.log', 'output_file': 'month1/alerts.json', 'threshold_count': 3, 'time_window_minutes': 15, 'log_level': 'INFO', 'alert_title': 'BRUTE_FORCE_15MIN', 'smtp_server': 'smtp.gmail.com', 'smtp_port': 587, 'email_from': 'suleephraim1@gmail.com', 'email_to': 'cyberlootkeeper@gmail.com', 'email_password': 'uwijddtfwdtmmony'}
2025-11-19 12:35:01,538 | INFO | Parsed 5 failed logins
2025-11-19 12:35:01,538 | WARNING | ALERT: 203.0.113.27 → 4 attempts in window
2025-11-19 12:35:01,538 | INFO | Exported 1 alert(s) to month1/alerts.json
2025-11-19 12:35:01,538 | INFO | Sample: {
  "alert_type": "BRUTE_FORCE_15MIN",
  "ip": "203.0.113.27",
  "attempt_count": 4,
  "window_minutes": 9,
  "first_attempt": "2025-11-01T09:00:00",
  "last_attempt": "2025-11-01T09:09:00",
  "log_lines": [
    7,
    15,
    4,
    6
  ],
  "severity": "CRITICAL",
  "recommendation": "BLOCK IP + INVESTIGATE"
}
2025-11-19 12:35:01,602 | INFO | === EMAIL ALERTS MODULE STARTED ===
2025-11-19 12:35:01,603 | WARNING | ALERT: 203.0.113.27 → 4 attempts
2025-11-19 12:35:05,095 | INFO | EMAIL SENT: 1 alert(s) to cyberlootkeeper@gmail.com
2025-11-19 12:40:01,205 | INFO | === BRUTE-FORCE DETECTOR STARTED ===
2025-11-19 12:40:01,205 | INFO | Config: {'log_file': 'month1/fake_auth.log', 'output_file': 'month1/alerts.json', 'threshold_count': 3, 'time_window_minutes': 15, 'log_level': 'INFO', 'alert_title': 'BRUTE_FORCE_15MIN', 'smtp_server': 'smtp.gmail.com', 'smtp_port': 587, 'email_from': 'suleephraim1@gmail.com', 'email_to': 'cyberlootkeeper@gmail.com', 'email_password': 'uwijddtfwdtmmony'}
2025-11-19 12:40:01,209 | INFO | Parsed 5 failed logins
2025-11-19 12:40:01,209 | WARNING | ALERT: 203.0.113.27 → 4 attempts in window
2025-11-19 12:40:01,210 | INFO | Exported 1 alert(s) to month1/alerts.json
2025-11-19 12:40:01,210 | INFO | Sample: {
  "alert_type": "BRUTE_FORCE_15MIN",
  "ip": "203.0.113.27",
  "attempt_count": 4,
  "window_minutes": 9,
  "first_attempt": "2025-11-01T09:00:00",
  "last_attempt": "2025-11-01T09:09:00",
  "log_lines": [
    7,
    15,
    4,
    6
  ],
  "severity": "CRITICAL",
  "recommendation": "BLOCK IP + INVESTIGATE"
}
2025-11-19 12:40:01,273 | INFO | === EMAIL ALERTS MODULE STARTED ===
2025-11-19 12:40:01,275 | WARNING | ALERT: 203.0.113.27 → 4 attempts
2025-11-19 12:40:05,645 | INFO | EMAIL SENT: 1 alert(s) to cyberlootkeeper@gmail.com
2025-11-19 12:45:01,739 | INFO | === BRUTE-FORCE DETECTOR STARTED ===
2025-11-19 12:45:01,739 | INFO | Config: {'log_file': 'month1/fake_auth.log', 'output_file': 'month1/alerts.json', 'threshold_count': 3, 'time_window_minutes': 15, 'log_level': 'INFO', 'alert_title': 'BRUTE_FORCE_15MIN', 'smtp_server': 'smtp.gmail.com', 'smtp_port': 587, 'email_from': 'suleephraim1@gmail.com', 'email_to': 'cyberlootkeeper@gmail.com', 'email_password': 'uwijddtfwdtmmony'}
2025-11-19 12:45:01,743 | INFO | Parsed 5 failed logins
2025-11-19 12:45:01,743 | WARNING | ALERT: 203.0.113.27 → 4 attempts in window
2025-11-19 12:45:01,744 | INFO | Exported 1 alert(s) to month1/alerts.json
2025-11-19 12:45:01,744 | INFO | Sample: {
  "alert_type": "BRUTE_FORCE_15MIN",
  "ip": "203.0.113.27",
  "attempt_count": 4,
  "window_minutes": 9,
  "first_attempt": "2025-11-01T09:00:00",
  "last_attempt": "2025-11-01T09:09:00",
  "log_lines": [
    7,
    15,
    4,
    6
  ],
  "severity": "CRITICAL",
  "recommendation": "BLOCK IP + INVESTIGATE"
}
2025-11-19 12:45:01,807 | INFO | === EMAIL ALERTS MODULE STARTED ===
2025-11-19 12:45:01,808 | WARNING | ALERT: 203.0.113.27 → 4 attempts
2025-11-19 12:45:05,170 | INFO | EMAIL SENT: 1 alert(s) to cyberlootkeeper@gmail.com
2025-11-19 12:50:01,284 | INFO | === BRUTE-FORCE DETECTOR STARTED ===
2025-11-19 12:50:01,284 | INFO | Config: {'log_file': 'month1/fake_auth.log', 'output_file': 'month1/alerts.json', 'threshold_count': 3, 'time_window_minutes': 15, 'log_level': 'INFO', 'alert_title': 'BRUTE_FORCE_15MIN', 'smtp_server': 'smtp.gmail.com', 'smtp_port': 587, 'email_from': 'suleephraim1@gmail.com', 'email_to': 'cyberlootkeeper@gmail.com', 'email_password': 'uwijddtfwdtmmony'}
2025-11-19 12:50:01,288 | INFO | Parsed 5 failed logins
2025-11-19 12:50:01,288 | WARNING | ALERT: 203.0.113.27 → 4 attempts in window
2025-11-19 12:50:01,289 | INFO | Exported 1 alert(s) to month1/alerts.json
2025-11-19 12:50:01,289 | INFO | Sample: {
  "alert_type": "BRUTE_FORCE_15MIN",
  "ip": "203.0.113.27",
  "attempt_count": 4,
  "window_minutes": 9,
  "first_attempt": "2025-11-01T09:00:00",
  "last_attempt": "2025-11-01T09:09:00",
  "log_lines": [
    7,
    15,
    4,
    6
  ],
  "severity": "CRITICAL",
  "recommendation": "BLOCK IP + INVESTIGATE"
}
2025-11-19 12:50:01,355 | INFO | === EMAIL ALERTS MODULE STARTED ===
2025-11-19 12:50:01,357 | WARNING | ALERT: 203.0.113.27 → 4 attempts
2025-11-19 12:50:05,001 | INFO | EMAIL SENT: 1 alert(s) to cyberlootkeeper@gmail.com
2025-11-19 12:55:01,097 | INFO | === BRUTE-FORCE DETECTOR STARTED ===
2025-11-19 12:55:01,097 | INFO | Config: {'log_file': 'month1/fake_auth.log', 'output_file': 'month1/alerts.json', 'threshold_count': 3, 'time_window_minutes': 15, 'log_level': 'INFO', 'alert_title': 'BRUTE_FORCE_15MIN', 'smtp_server': 'smtp.gmail.com', 'smtp_port': 587, 'email_from': 'suleephraim1@gmail.com', 'email_to': 'cyberlootkeeper@gmail.com', 'email_password': 'uwijddtfwdtmmony'}
2025-11-19 12:55:01,101 | INFO | Parsed 5 failed logins
2025-11-19 12:55:01,101 | WARNING | ALERT: 203.0.113.27 → 4 attempts in window
2025-11-19 12:55:01,101 | INFO | Exported 1 alert(s) to month1/alerts.json
2025-11-19 12:55:01,101 | INFO | Sample: {
  "alert_type": "BRUTE_FORCE_15MIN",
  "ip": "203.0.113.27",
  "attempt_count": 4,
  "window_minutes": 9,
  "first_attempt": "2025-11-01T09:00:00",
  "last_attempt": "2025-11-01T09:09:00",
  "log_lines": [
    7,
    15,
    4,
    6
  ],
  "severity": "CRITICAL",
  "recommendation": "BLOCK IP + INVESTIGATE"
}
2025-11-19 12:55:01,164 | INFO | === EMAIL ALERTS MODULE STARTED ===
2025-11-19 12:55:01,166 | WARNING | ALERT: 203.0.113.27 → 4 attempts
2025-11-19 12:55:19,681 | INFO | EMAIL SENT: 1 alert(s) to cyberlootkeeper@gmail.com
2025-11-19 13:00:01,792 | INFO | === BRUTE-FORCE DETECTOR STARTED ===
2025-11-19 13:00:01,792 | INFO | Config: {'log_file': 'month1/fake_auth.log', 'output_file': 'month1/alerts.json', 'threshold_count': 3, 'time_window_minutes': 15, 'log_level': 'INFO', 'alert_title': 'BRUTE_FORCE_15MIN', 'smtp_server': 'smtp.gmail.com', 'smtp_port': 587, 'email_from': 'suleephraim1@gmail.com', 'email_to': 'cyberlootkeeper@gmail.com', 'email_password': 'uwijddtfwdtmmony'}
2025-11-19 13:00:01,796 | INFO | Parsed 5 failed logins
2025-11-19 13:00:01,796 | WARNING | ALERT: 203.0.113.27 → 4 attempts in window
2025-11-19 13:00:01,796 | INFO | Exported 1 alert(s) to month1/alerts.json
2025-11-19 13:00:01,796 | INFO | Sample: {
  "alert_type": "BRUTE_FORCE_15MIN",
  "ip": "203.0.113.27",
  "attempt_count": 4,
  "window_minutes": 9,
  "first_attempt": "2025-11-01T09:00:00",
  "last_attempt": "2025-11-01T09:09:00",
  "log_lines": [
    7,
    15,
    4,
    6
  ],
  "severity": "CRITICAL",
  "recommendation": "BLOCK IP + INVESTIGATE"
}
2025-11-19 13:00:01,861 | INFO | === EMAIL ALERTS MODULE STARTED ===
2025-11-19 13:00:01,863 | WARNING | ALERT: 203.0.113.27 → 4 attempts
2025-11-19 13:00:20,539 | INFO | EMAIL SENT: 1 alert(s) to cyberlootkeeper@gmail.com
2025-11-19 13:05:01,672 | INFO | === BRUTE-FORCE DETECTOR STARTED ===
2025-11-19 13:05:01,672 | INFO | Config: {'log_file': 'month1/fake_auth.log', 'output_file': 'month1/alerts.json', 'threshold_count': 3, 'time_window_minutes': 15, 'log_level': 'INFO', 'alert_title': 'BRUTE_FORCE_15MIN', 'smtp_server': 'smtp.gmail.com', 'smtp_port': 587, 'email_from': 'suleephraim1@gmail.com', 'email_to': 'cyberlootkeeper@gmail.com', 'email_password': 'uwijddtfwdtmmony'}
2025-11-19 13:05:01,685 | INFO | Parsed 5 failed logins
2025-11-19 13:05:01,685 | WARNING | ALERT: 203.0.113.27 → 4 attempts in window
2025-11-19 13:05:01,686 | INFO | Exported 1 alert(s) to month1/alerts.json
2025-11-19 13:05:01,686 | INFO | Sample: {
  "alert_type": "BRUTE_FORCE_15MIN",
  "ip": "203.0.113.27",
  "attempt_count": 4,
  "window_minutes": 9,
  "first_attempt": "2025-11-01T09:00:00",
  "last_attempt": "2025-11-01T09:09:00",
  "log_lines": [
    7,
    15,
    4,
    6
  ],
  "severity": "CRITICAL",
  "recommendation": "BLOCK IP + INVESTIGATE"
}
2025-11-19 13:05:01,760 | INFO | === EMAIL ALERTS MODULE STARTED ===
2025-11-19 13:05:01,763 | WARNING | ALERT: 203.0.113.27 → 4 attempts
2025-11-19 13:05:21,499 | INFO | EMAIL SENT: 1 alert(s) to cyberlootkeeper@gmail.com
2025-11-19 13:10:01,615 | INFO | === BRUTE-FORCE DETECTOR STARTED ===
2025-11-19 13:10:01,616 | INFO | Config: {'log_file': 'month1/fake_auth.log', 'output_file': 'month1/alerts.json', 'threshold_count': 3, 'time_window_minutes': 15, 'log_level': 'INFO', 'alert_title': 'BRUTE_FORCE_15MIN', 'smtp_server': 'smtp.gmail.com', 'smtp_port': 587, 'email_from': 'suleephraim1@gmail.com', 'email_to': 'cyberlootkeeper@gmail.com', 'email_password': 'uwijddtfwdtmmony'}
2025-11-19 13:10:01,620 | INFO | Parsed 5 failed logins
2025-11-19 13:10:01,620 | WARNING | ALERT: 203.0.113.27 → 4 attempts in window
2025-11-19 13:10:01,620 | INFO | Exported 1 alert(s) to month1/alerts.json
2025-11-19 13:10:01,620 | INFO | Sample: {
  "alert_type": "BRUTE_FORCE_15MIN",
  "ip": "203.0.113.27",
  "attempt_count": 4,
  "window_minutes": 9,
  "first_attempt": "2025-11-01T09:00:00",
  "last_attempt": "2025-11-01T09:09:00",
  "log_lines": [
    7,
    15,
    4,
    6
  ],
  "severity": "CRITICAL",
  "recommendation": "BLOCK IP + INVESTIGATE"
}
2025-11-19 13:10:01,686 | INFO | === EMAIL ALERTS MODULE STARTED ===
2025-11-19 13:10:01,688 | WARNING | ALERT: 203.0.113.27 → 4 attempts
2025-11-19 13:15:02,051 | INFO | === BRUTE-FORCE DETECTOR STARTED ===
2025-11-19 13:15:02,052 | INFO | Config: {'log_file': 'month1/fake_auth.log', 'output_file': 'month1/alerts.json', 'threshold_count': 3, 'time_window_minutes': 15, 'log_level': 'INFO', 'alert_title': 'BRUTE_FORCE_15MIN', 'smtp_server': 'smtp.gmail.com', 'smtp_port': 587, 'email_from': 'suleephraim1@gmail.com', 'email_to': 'cyberlootkeeper@gmail.com', 'email_password': 'uwijddtfwdtmmony'}
2025-11-19 13:15:02,056 | INFO | Parsed 5 failed logins
2025-11-19 13:15:02,056 | WARNING | ALERT: 203.0.113.27 → 4 attempts in window
2025-11-19 13:15:02,348 | INFO | Exported 1 alert(s) to month1/alerts.json
2025-11-19 13:15:02,348 | INFO | Sample: {
  "alert_type": "BRUTE_FORCE_15MIN",
  "ip": "203.0.113.27",
  "attempt_count": 4,
  "window_minutes": 9,
  "first_attempt": "2025-11-01T09:00:00",
  "last_attempt": "2025-11-01T09:09:00",
  "log_lines": [
    7,
    15,
    4,
    6
  ],
  "severity": "CRITICAL",
  "recommendation": "BLOCK IP + INVESTIGATE"
}
2025-11-19 13:15:02,413 | INFO | === EMAIL ALERTS MODULE STARTED ===
2025-11-19 13:15:02,415 | WARNING | ALERT: 203.0.113.27 → 4 attempts
2025-11-19 13:15:20,821 | INFO | EMAIL SENT: 1 alert(s) to cyberlootkeeper@gmail.com
2025-11-19 13:20:01,944 | INFO | === BRUTE-FORCE DETECTOR STARTED ===
2025-11-19 13:20:01,944 | INFO | Config: {'log_file': 'month1/fake_auth.log', 'output_file': 'month1/alerts.json', 'threshold_count': 3, 'time_window_minutes': 15, 'log_level': 'INFO', 'alert_title': 'BRUTE_FORCE_15MIN', 'smtp_server': 'smtp.gmail.com', 'smtp_port': 587, 'email_from': 'suleephraim1@gmail.com', 'email_to': 'cyberlootkeeper@gmail.com', 'email_password': 'uwijddtfwdtmmony'}
2025-11-19 13:20:01,948 | INFO | Parsed 5 failed logins
2025-11-19 13:20:01,949 | WARNING | ALERT: 203.0.113.27 → 4 attempts in window
2025-11-19 13:20:01,949 | INFO | Exported 1 alert(s) to month1/alerts.json
2025-11-19 13:20:01,949 | INFO | Sample: {
  "alert_type": "BRUTE_FORCE_15MIN",
  "ip": "203.0.113.27",
  "attempt_count": 4,
  "window_minutes": 9,
  "first_attempt": "2025-11-01T09:00:00",
  "last_attempt": "2025-11-01T09:09:00",
  "log_lines": [
    7,
    15,
    4,
    6
  ],
  "severity": "CRITICAL",
  "recommendation": "BLOCK IP + INVESTIGATE"
}
2025-11-19 13:20:02,014 | INFO | === EMAIL ALERTS MODULE STARTED ===
2025-11-19 13:20:02,015 | WARNING | ALERT: 203.0.113.27 → 4 attempts
2025-11-19 13:20:05,804 | INFO | EMAIL SENT: 1 alert(s) to cyberlootkeeper@gmail.com
2025-11-19 13:25:01,903 | INFO | === BRUTE-FORCE DETECTOR STARTED ===
2025-11-19 13:25:01,903 | INFO | Config: {'log_file': 'month1/fake_auth.log', 'output_file': 'month1/alerts.json', 'threshold_count': 3, 'time_window_minutes': 15, 'log_level': 'INFO', 'alert_title': 'BRUTE_FORCE_15MIN', 'smtp_server': 'smtp.gmail.com', 'smtp_port': 587, 'email_from': 'suleephraim1@gmail.com', 'email_to': 'cyberlootkeeper@gmail.com', 'email_password': 'uwijddtfwdtmmony'}
2025-11-19 13:25:01,907 | INFO | Parsed 5 failed logins
2025-11-19 13:25:01,907 | WARNING | ALERT: 203.0.113.27 → 4 attempts in window
2025-11-19 13:25:01,907 | INFO | Exported 1 alert(s) to month1/alerts.json
2025-11-19 13:25:01,907 | INFO | Sample: {
  "alert_type": "BRUTE_FORCE_15MIN",
  "ip": "203.0.113.27",
  "attempt_count": 4,
  "window_minutes": 9,
  "first_attempt": "2025-11-01T09:00:00",
  "last_attempt": "2025-11-01T09:09:00",
  "log_lines": [
    7,
    15,
    4,
    6
  ],
  "severity": "CRITICAL",
  "recommendation": "BLOCK IP + INVESTIGATE"
}
2025-11-19 13:25:01,975 | INFO | === EMAIL ALERTS MODULE STARTED ===
2025-11-19 13:25:01,977 | WARNING | ALERT: 203.0.113.27 → 4 attempts
2025-11-19 13:25:06,352 | INFO | EMAIL SENT: 1 alert(s) to cyberlootkeeper@gmail.com
2025-11-19 13:30:01,460 | INFO | === BRUTE-FORCE DETECTOR STARTED ===
2025-11-19 13:30:01,460 | INFO | Config: {'log_file': 'month1/fake_auth.log', 'output_file': 'month1/alerts.json', 'threshold_count': 3, 'time_window_minutes': 15, 'log_level': 'INFO', 'alert_title': 'BRUTE_FORCE_15MIN', 'smtp_server': 'smtp.gmail.com', 'smtp_port': 587, 'email_from': 'suleephraim1@gmail.com', 'email_to': 'cyberlootkeeper@gmail.com', 'email_password': 'uwijddtfwdtmmony'}
2025-11-19 13:30:01,464 | INFO | Parsed 5 failed logins
2025-11-19 13:30:01,464 | WARNING | ALERT: 203.0.113.27 → 4 attempts in window
2025-11-19 13:30:01,464 | INFO | Exported 1 alert(s) to month1/alerts.json
2025-11-19 13:30:01,464 | INFO | Sample: {
  "alert_type": "BRUTE_FORCE_15MIN",
  "ip": "203.0.113.27",
  "attempt_count": 4,
  "window_minutes": 9,
  "first_attempt": "2025-11-01T09:00:00",
  "last_attempt": "2025-11-01T09:09:00",
  "log_lines": [
    7,
    15,
    4,
    6
  ],
  "severity": "CRITICAL",
  "recommendation": "BLOCK IP + INVESTIGATE"
}
2025-11-19 13:30:01,529 | INFO | === EMAIL ALERTS MODULE STARTED ===
2025-11-19 13:30:01,531 | WARNING | ALERT: 203.0.113.27 → 4 attempts
2025-11-19 13:30:07,101 | INFO | EMAIL SENT: 1 alert(s) to cyberlootkeeper@gmail.com
2025-11-19 13:35:01,207 | INFO | === BRUTE-FORCE DETECTOR STARTED ===
2025-11-19 13:35:01,207 | INFO | Config: {'log_file': 'month1/fake_auth.log', 'output_file': 'month1/alerts.json', 'threshold_count': 3, 'time_window_minutes': 15, 'log_level': 'INFO', 'alert_title': 'BRUTE_FORCE_15MIN', 'smtp_server': 'smtp.gmail.com', 'smtp_port': 587, 'email_from': 'suleephraim1@gmail.com', 'email_to': 'cyberlootkeeper@gmail.com', 'email_password': 'uwijddtfwdtmmony'}
2025-11-19 13:35:01,211 | INFO | Parsed 5 failed logins
2025-11-19 13:35:01,211 | WARNING | ALERT: 203.0.113.27 → 4 attempts in window
2025-11-19 13:35:01,212 | INFO | Exported 1 alert(s) to month1/alerts.json
2025-11-19 13:35:01,212 | INFO | Sample: {
  "alert_type": "BRUTE_FORCE_15MIN",
  "ip": "203.0.113.27",
  "attempt_count": 4,
  "window_minutes": 9,
  "first_attempt": "2025-11-01T09:00:00",
  "last_attempt": "2025-11-01T09:09:00",
  "log_lines": [
    7,
    15,
    4,
    6
  ],
  "severity": "CRITICAL",
  "recommendation": "BLOCK IP + INVESTIGATE"
}
2025-11-19 13:35:01,275 | INFO | === EMAIL ALERTS MODULE STARTED ===
2025-11-19 13:35:01,276 | WARNING | ALERT: 203.0.113.27 → 4 attempts
2025-11-19 13:35:19,716 | INFO | EMAIL SENT: 1 alert(s) to cyberlootkeeper@gmail.com
2025-11-19 13:40:01,836 | INFO | === BRUTE-FORCE DETECTOR STARTED ===
2025-11-19 13:40:01,836 | INFO | Config: {'log_file': 'month1/fake_auth.log', 'output_file': 'month1/alerts.json', 'threshold_count': 3, 'time_window_minutes': 15, 'log_level': 'INFO', 'alert_title': 'BRUTE_FORCE_15MIN', 'smtp_server': 'smtp.gmail.com', 'smtp_port': 587, 'email_from': 'suleephraim1@gmail.com', 'email_to': 'cyberlootkeeper@gmail.com', 'email_password': 'uwijddtfwdtmmony'}
2025-11-19 13:40:01,840 | INFO | Parsed 5 failed logins
2025-11-19 13:40:01,840 | WARNING | ALERT: 203.0.113.27 → 4 attempts in window
2025-11-19 13:40:01,840 | INFO | Exported 1 alert(s) to month1/alerts.json
2025-11-19 13:40:01,840 | INFO | Sample: {
  "alert_type": "BRUTE_FORCE_15MIN",
  "ip": "203.0.113.27",
  "attempt_count": 4,
  "window_minutes": 9,
  "first_attempt": "2025-11-01T09:00:00",
  "last_attempt": "2025-11-01T09:09:00",
  "log_lines": [
    7,
    15,
    4,
    6
  ],
  "severity": "CRITICAL",
  "recommendation": "BLOCK IP + INVESTIGATE"
}
2025-11-19 13:40:01,904 | INFO | === EMAIL ALERTS MODULE STARTED ===
2025-11-19 13:40:01,906 | WARNING | ALERT: 203.0.113.27 → 4 attempts
2025-11-19 13:40:22,402 | INFO | EMAIL SENT: 1 alert(s) to cyberlootkeeper@gmail.com
2025-11-19 13:45:01,506 | INFO | === BRUTE-FORCE DETECTOR STARTED ===
2025-11-19 13:45:01,507 | INFO | Config: {'log_file': 'month1/fake_auth.log', 'output_file': 'month1/alerts.json', 'threshold_count': 3, 'time_window_minutes': 15, 'log_level': 'INFO', 'alert_title': 'BRUTE_FORCE_15MIN', 'smtp_server': 'smtp.gmail.com', 'smtp_port': 587, 'email_from': 'suleephraim1@gmail.com', 'email_to': 'cyberlootkeeper@gmail.com', 'email_password': 'uwijddtfwdtmmony'}
2025-11-19 13:45:01,511 | INFO | Parsed 5 failed logins
2025-11-19 13:45:01,511 | WARNING | ALERT: 203.0.113.27 → 4 attempts in window
2025-11-19 13:45:01,511 | INFO | Exported 1 alert(s) to month1/alerts.json
2025-11-19 13:45:01,511 | INFO | Sample: {
  "alert_type": "BRUTE_FORCE_15MIN",
  "ip": "203.0.113.27",
  "attempt_count": 4,
  "window_minutes": 9,
  "first_attempt": "2025-11-01T09:00:00",
  "last_attempt": "2025-11-01T09:09:00",
  "log_lines": [
    7,
    15,
    4,
    6
  ],
  "severity": "CRITICAL",
  "recommendation": "BLOCK IP + INVESTIGATE"
}
2025-11-19 13:45:01,574 | INFO | === EMAIL ALERTS MODULE STARTED ===
2025-11-19 13:45:01,576 | WARNING | ALERT: 203.0.113.27 → 4 attempts
2025-11-19 13:45:04,921 | INFO | EMAIL SENT: 1 alert(s) to cyberlootkeeper@gmail.com
2025-11-19 13:50:02,030 | INFO | === BRUTE-FORCE DETECTOR STARTED ===
2025-11-19 13:50:02,030 | INFO | Config: {'log_file': 'month1/fake_auth.log', 'output_file': 'month1/alerts.json', 'threshold_count': 3, 'time_window_minutes': 15, 'log_level': 'INFO', 'alert_title': 'BRUTE_FORCE_15MIN', 'smtp_server': 'smtp.gmail.com', 'smtp_port': 587, 'email_from': 'suleephraim1@gmail.com', 'email_to': 'cyberlootkeeper@gmail.com', 'email_password': 'uwijddtfwdtmmony'}
2025-11-19 13:50:02,034 | INFO | Parsed 5 failed logins
2025-11-19 13:50:02,035 | WARNING | ALERT: 203.0.113.27 → 4 attempts in window
2025-11-19 13:50:02,035 | INFO | Exported 1 alert(s) to month1/alerts.json
2025-11-19 13:50:02,035 | INFO | Sample: {
  "alert_type": "BRUTE_FORCE_15MIN",
  "ip": "203.0.113.27",
  "attempt_count": 4,
  "window_minutes": 9,
  "first_attempt": "2025-11-01T09:00:00",
  "last_attempt": "2025-11-01T09:09:00",
  "log_lines": [
    7,
    15,
    4,
    6
  ],
  "severity": "CRITICAL",
  "recommendation": "BLOCK IP + INVESTIGATE"
}
2025-11-19 13:50:02,101 | INFO | === EMAIL ALERTS MODULE STARTED ===
2025-11-19 13:50:02,102 | WARNING | ALERT: 203.0.113.27 → 4 attempts
2025-11-19 13:50:22,770 | INFO | EMAIL SENT: 1 alert(s) to cyberlootkeeper@gmail.com
2025-11-19 13:55:01,869 | INFO | === BRUTE-FORCE DETECTOR STARTED ===
2025-11-19 13:55:01,870 | INFO | Config: {'log_file': 'month1/fake_auth.log', 'output_file': 'month1/alerts.json', 'threshold_count': 3, 'time_window_minutes': 15, 'log_level': 'INFO', 'alert_title': 'BRUTE_FORCE_15MIN', 'smtp_server': 'smtp.gmail.com', 'smtp_port': 587, 'email_from': 'suleephraim1@gmail.com', 'email_to': 'cyberlootkeeper@gmail.com', 'email_password': 'uwijddtfwdtmmony'}
2025-11-19 13:55:01,874 | INFO | Parsed 5 failed logins
2025-11-19 13:55:01,874 | WARNING | ALERT: 203.0.113.27 → 4 attempts in window
2025-11-19 13:55:01,874 | INFO | Exported 1 alert(s) to month1/alerts.json
2025-11-19 13:55:01,874 | INFO | Sample: {
  "alert_type": "BRUTE_FORCE_15MIN",
  "ip": "203.0.113.27",
  "attempt_count": 4,
  "window_minutes": 9,
  "first_attempt": "2025-11-01T09:00:00",
  "last_attempt": "2025-11-01T09:09:00",
  "log_lines": [
    7,
    15,
    4,
    6
  ],
  "severity": "CRITICAL",
  "recommendation": "BLOCK IP + INVESTIGATE"
}
2025-11-19 13:55:01,943 | INFO | === EMAIL ALERTS MODULE STARTED ===
2025-11-19 13:55:01,944 | WARNING | ALERT: 203.0.113.27 → 4 attempts
2025-11-19 13:55:05,495 | INFO | EMAIL SENT: 1 alert(s) to cyberlootkeeper@gmail.com
2025-11-19 14:00:01,621 | INFO | === BRUTE-FORCE DETECTOR STARTED ===
2025-11-19 14:00:01,621 | INFO | Config: {'log_file': 'month1/fake_auth.log', 'output_file': 'month1/alerts.json', 'threshold_count': 3, 'time_window_minutes': 15, 'log_level': 'INFO', 'alert_title': 'BRUTE_FORCE_15MIN', 'smtp_server': 'smtp.gmail.com', 'smtp_port': 587, 'email_from': 'suleephraim1@gmail.com', 'email_to': 'cyberlootkeeper@gmail.com', 'email_password': 'uwijddtfwdtmmony'}
2025-11-19 14:00:01,625 | INFO | Parsed 5 failed logins
2025-11-19 14:00:01,625 | WARNING | ALERT: 203.0.113.27 → 4 attempts in window
2025-11-19 14:00:01,625 | INFO | Exported 1 alert(s) to month1/alerts.json
2025-11-19 14:00:01,626 | INFO | Sample: {
  "alert_type": "BRUTE_FORCE_15MIN",
  "ip": "203.0.113.27",
  "attempt_count": 4,
  "window_minutes": 9,
  "first_attempt": "2025-11-01T09:00:00",
  "last_attempt": "2025-11-01T09:09:00",
  "log_lines": [
    7,
    15,
    4,
    6
  ],
  "severity": "CRITICAL",
  "recommendation": "BLOCK IP + INVESTIGATE"
}
2025-11-19 14:00:01,690 | INFO | === EMAIL ALERTS MODULE STARTED ===
2025-11-19 14:00:01,692 | WARNING | ALERT: 203.0.113.27 → 4 attempts
2025-11-19 14:00:25,086 | INFO | EMAIL SENT: 1 alert(s) to cyberlootkeeper@gmail.com
2025-11-19 14:05:01,187 | INFO | === BRUTE-FORCE DETECTOR STARTED ===
2025-11-19 14:05:01,187 | INFO | Config: {'log_file': 'month1/fake_auth.log', 'output_file': 'month1/alerts.json', 'threshold_count': 3, 'time_window_minutes': 15, 'log_level': 'INFO', 'alert_title': 'BRUTE_FORCE_15MIN', 'smtp_server': 'smtp.gmail.com', 'smtp_port': 587, 'email_from': 'suleephraim1@gmail.com', 'email_to': 'cyberlootkeeper@gmail.com', 'email_password': 'uwijddtfwdtmmony'}
2025-11-19 14:05:01,191 | INFO | Parsed 5 failed logins
2025-11-19 14:05:01,191 | WARNING | ALERT: 203.0.113.27 → 4 attempts in window
2025-11-19 14:05:01,191 | INFO | Exported 1 alert(s) to month1/alerts.json
2025-11-19 14:05:01,192 | INFO | Sample: {
  "alert_type": "BRUTE_FORCE_15MIN",
  "ip": "203.0.113.27",
  "attempt_count": 4,
  "window_minutes": 9,
  "first_attempt": "2025-11-01T09:00:00",
  "last_attempt": "2025-11-01T09:09:00",
  "log_lines": [
    7,
    15,
    4,
    6
  ],
  "severity": "CRITICAL",
  "recommendation": "BLOCK IP + INVESTIGATE"
}
2025-11-19 14:05:01,255 | INFO | === EMAIL ALERTS MODULE STARTED ===
2025-11-19 14:05:01,256 | WARNING | ALERT: 203.0.113.27 → 4 attempts
2025-11-19 14:05:04,949 | INFO | EMAIL SENT: 1 alert(s) to cyberlootkeeper@gmail.com
2025-11-19 14:10:02,057 | INFO | === BRUTE-FORCE DETECTOR STARTED ===
2025-11-19 14:10:02,057 | INFO | Config: {'log_file': 'month1/fake_auth.log', 'output_file': 'month1/alerts.json', 'threshold_count': 3, 'time_window_minutes': 15, 'log_level': 'INFO', 'alert_title': 'BRUTE_FORCE_15MIN', 'smtp_server': 'smtp.gmail.com', 'smtp_port': 587, 'email_from': 'suleephraim1@gmail.com', 'email_to': 'cyberlootkeeper@gmail.com', 'email_password': 'uwijddtfwdtmmony'}
2025-11-19 14:10:02,061 | INFO | Parsed 5 failed logins
2025-11-19 14:10:02,061 | WARNING | ALERT: 203.0.113.27 → 4 attempts in window
2025-11-19 14:10:02,062 | INFO | Exported 1 alert(s) to month1/alerts.json
2025-11-19 14:10:02,062 | INFO | Sample: {
  "alert_type": "BRUTE_FORCE_15MIN",
  "ip": "203.0.113.27",
  "attempt_count": 4,
  "window_minutes": 9,
  "first_attempt": "2025-11-01T09:00:00",
  "last_attempt": "2025-11-01T09:09:00",
  "log_lines": [
    7,
    15,
    4,
    6
  ],
  "severity": "CRITICAL",
  "recommendation": "BLOCK IP + INVESTIGATE"
}
2025-11-19 14:10:02,127 | INFO | === EMAIL ALERTS MODULE STARTED ===
2025-11-19 14:10:02,128 | WARNING | ALERT: 203.0.113.27 → 4 attempts
2025-11-19 14:10:27,517 | INFO | EMAIL SENT: 1 alert(s) to cyberlootkeeper@gmail.com
2025-11-19 14:15:01,612 | INFO | === BRUTE-FORCE DETECTOR STARTED ===
2025-11-19 14:15:01,612 | INFO | Config: {'log_file': 'month1/fake_auth.log', 'output_file': 'month1/alerts.json', 'threshold_count': 3, 'time_window_minutes': 15, 'log_level': 'INFO', 'alert_title': 'BRUTE_FORCE_15MIN', 'smtp_server': 'smtp.gmail.com', 'smtp_port': 587, 'email_from': 'suleephraim1@gmail.com', 'email_to': 'cyberlootkeeper@gmail.com', 'email_password': 'uwijddtfwdtmmony'}
2025-11-19 14:15:01,616 | INFO | Parsed 5 failed logins
2025-11-19 14:15:01,616 | WARNING | ALERT: 203.0.113.27 → 4 attempts in window
2025-11-19 14:15:01,617 | INFO | Exported 1 alert(s) to month1/alerts.json
2025-11-19 14:15:01,617 | INFO | Sample: {
  "alert_type": "BRUTE_FORCE_15MIN",
  "ip": "203.0.113.27",
  "attempt_count": 4,
  "window_minutes": 9,
  "first_attempt": "2025-11-01T09:00:00",
  "last_attempt": "2025-11-01T09:09:00",
  "log_lines": [
    7,
    15,
    4,
    6
  ],
  "severity": "CRITICAL",
  "recommendation": "BLOCK IP + INVESTIGATE"
}
2025-11-19 14:15:01,682 | INFO | === EMAIL ALERTS MODULE STARTED ===
2025-11-19 14:15:01,684 | WARNING | ALERT: 203.0.113.27 → 4 attempts
2025-11-19 14:15:06,562 | INFO | EMAIL SENT: 1 alert(s) to cyberlootkeeper@gmail.com
2025-11-19 14:20:01,680 | INFO | === BRUTE-FORCE DETECTOR STARTED ===
2025-11-19 14:20:01,680 | INFO | Config: {'log_file': 'month1/fake_auth.log', 'output_file': 'month1/alerts.json', 'threshold_count': 3, 'time_window_minutes': 15, 'log_level': 'INFO', 'alert_title': 'BRUTE_FORCE_15MIN', 'smtp_server': 'smtp.gmail.com', 'smtp_port': 587, 'email_from': 'suleephraim1@gmail.com', 'email_to': 'cyberlootkeeper@gmail.com', 'email_password': 'uwijddtfwdtmmony'}
2025-11-19 14:20:01,684 | INFO | Parsed 5 failed logins
2025-11-19 14:20:01,684 | WARNING | ALERT: 203.0.113.27 → 4 attempts in window
2025-11-19 14:20:01,684 | INFO | Exported 1 alert(s) to month1/alerts.json
2025-11-19 14:20:01,685 | INFO | Sample: {
  "alert_type": "BRUTE_FORCE_15MIN",
  "ip": "203.0.113.27",
  "attempt_count": 4,
  "window_minutes": 9,
  "first_attempt": "2025-11-01T09:00:00",
  "last_attempt": "2025-11-01T09:09:00",
  "log_lines": [
    7,
    15,
    4,
    6
  ],
  "severity": "CRITICAL",
  "recommendation": "BLOCK IP + INVESTIGATE"
}
2025-11-19 14:20:01,753 | INFO | === EMAIL ALERTS MODULE STARTED ===
2025-11-19 14:20:01,755 | WARNING | ALERT: 203.0.113.27 → 4 attempts
2025-11-19 14:20:19,706 | INFO | EMAIL SENT: 1 alert(s) to cyberlootkeeper@gmail.com
2025-11-19 14:25:01,804 | INFO | === BRUTE-FORCE DETECTOR STARTED ===
2025-11-19 14:25:01,804 | INFO | Config: {'log_file': 'month1/fake_auth.log', 'output_file': 'month1/alerts.json', 'threshold_count': 3, 'time_window_minutes': 15, 'log_level': 'INFO', 'alert_title': 'BRUTE_FORCE_15MIN', 'smtp_server': 'smtp.gmail.com', 'smtp_port': 587, 'email_from': 'suleephraim1@gmail.com', 'email_to': 'cyberlootkeeper@gmail.com', 'email_password': 'uwijddtfwdtmmony'}
2025-11-19 14:25:01,808 | INFO | Parsed 5 failed logins
2025-11-19 14:25:01,808 | WARNING | ALERT: 203.0.113.27 → 4 attempts in window
2025-11-19 14:25:01,808 | INFO | Exported 1 alert(s) to month1/alerts.json
2025-11-19 14:25:01,808 | INFO | Sample: {
  "alert_type": "BRUTE_FORCE_15MIN",
  "ip": "203.0.113.27",
  "attempt_count": 4,
  "window_minutes": 9,
  "first_attempt": "2025-11-01T09:00:00",
  "last_attempt": "2025-11-01T09:09:00",
  "log_lines": [
    7,
    15,
    4,
    6
  ],
  "severity": "CRITICAL",
  "recommendation": "BLOCK IP + INVESTIGATE"
}
2025-11-19 14:25:01,871 | INFO | === EMAIL ALERTS MODULE STARTED ===
2025-11-19 14:25:01,873 | WARNING | ALERT: 203.0.113.27 → 4 attempts
2025-11-19 14:25:25,697 | INFO | EMAIL SENT: 1 alert(s) to cyberlootkeeper@gmail.com
2025-11-19 14:28:24,160 | INFO | === BRUTE-FORCE DETECTOR STARTED ===
2025-11-19 14:28:24,160 | INFO | Config: {'log_file': 'month1/fake_auth.log', 'output_file': 'month1/alerts.json', 'threshold_count': 3, 'time_window_minutes': 15, 'log_level': 'INFO', 'alert_title': 'BRUTE_FORCE_15MIN', 'smtp_server': 'smtp.gmail.com', 'smtp_port': 587, 'email_from': 'suleephraim1@gmail.com', 'email_to': 'cyberlootkeeper@gmail.com', 'email_password': 'uwijddtfwdtmmony'}
2025-11-19 14:28:24,165 | INFO | Parsed 5 failed logins
2025-11-19 14:28:24,165 | WARNING | ALERT: 203.0.113.27 → 4 attempts in window
2025-11-19 14:28:24,166 | INFO | Exported 1 alert(s) to month1/alerts.json
2025-11-19 14:28:24,166 | INFO | Sample: {
  "alert_type": "BRUTE_FORCE_15MIN",
  "ip": "203.0.113.27",
  "attempt_count": 4,
  "window_minutes": 9,
  "first_attempt": "2025-11-01T09:00:00",
  "last_attempt": "2025-11-01T09:09:00",
  "log_lines": [
    7,
    15,
    4,
    6
  ],
  "severity": "CRITICAL",
  "recommendation": "BLOCK IP + INVESTIGATE"
}
2025-11-19 14:28:24,303 | INFO | === EMAIL ALERTS MODULE STARTED ===
2025-11-19 14:28:24,306 | WARNING | ALERT: 203.0.113.27 → 4 attempts
2025-11-19 14:28:29,083 | INFO | EMAIL SENT: 1 alert(s) to cyberlootkeeper@gmail.com
2025-11-19 14:29:40,799 | INFO | === BRUTE-FORCE DETECTOR STARTED ===
2025-11-19 14:29:40,800 | INFO | Config: {'log_file': 'month1/fake_auth.log', 'output_file': 'month1/alerts.json', 'threshold_count': 3, 'time_window_minutes': 15, 'log_level': 'INFO', 'alert_title': 'BRUTE_FORCE_15MIN', 'smtp_server': 'smtp.gmail.com', 'smtp_port': 587, 'email_from': 'suleephraim1@gmail.com', 'email_to': 'cyberlootkeeper@gmail.com', 'email_password': 'uwijddtfwdtmmony'}
2025-11-19 14:29:40,804 | INFO | Parsed 5 failed logins
2025-11-19 14:29:40,804 | WARNING | ALERT: 203.0.113.27 → 4 attempts in window
2025-11-19 14:29:40,805 | INFO | Exported 1 alert(s) to month1/alerts.json
2025-11-19 14:29:40,805 | INFO | Sample: {
  "alert_type": "BRUTE_FORCE_15MIN",
  "ip": "203.0.113.27",
  "attempt_count": 4,
  "window_minutes": 9,
  "first_attempt": "2025-11-01T09:00:00",
  "last_attempt": "2025-11-01T09:09:00",
  "log_lines": [
    7,
    15,
    4,
    6
  ],
  "severity": "CRITICAL",
  "recommendation": "BLOCK IP + INVESTIGATE"
}
2025-11-19 14:29:40,907 | INFO | === EMAIL ALERTS MODULE STARTED ===
2025-11-19 14:29:40,910 | WARNING | ALERT: 203.0.113.27 → 4 attempts
2025-11-19 14:30:00,323 | INFO | EMAIL SENT: 1 alert(s) to cyberlootkeeper@gmail.com
2025-11-19 14:30:01,833 | INFO | === BRUTE-FORCE DETECTOR STARTED ===
2025-11-19 14:30:01,833 | INFO | Config: {'log_file': 'month1/fake_auth.log', 'output_file': 'month1/alerts.json', 'threshold_count': 3, 'time_window_minutes': 15, 'log_level': 'INFO', 'alert_title': 'BRUTE_FORCE_15MIN', 'smtp_server': 'smtp.gmail.com', 'smtp_port': 587, 'email_from': 'suleephraim1@gmail.com', 'email_to': 'cyberlootkeeper@gmail.com', 'email_password': 'uwijddtfwdtmmony'}
2025-11-19 14:30:01,838 | INFO | Parsed 5 failed logins
2025-11-19 14:30:01,839 | WARNING | ALERT: 203.0.113.27 → 4 attempts in window
2025-11-19 14:30:01,839 | INFO | Exported 1 alert(s) to month1/alerts.json
2025-11-19 14:30:01,840 | INFO | Sample: {
  "alert_type": "BRUTE_FORCE_15MIN",
  "ip": "203.0.113.27",
  "attempt_count": 4,
  "window_minutes": 9,
  "first_attempt": "2025-11-01T09:00:00",
  "last_attempt": "2025-11-01T09:09:00",
  "log_lines": [
    7,
    15,
    4,
    6
  ],
  "severity": "CRITICAL",
  "recommendation": "BLOCK IP + INVESTIGATE"
}
2025-11-19 14:30:01,928 | INFO | === EMAIL ALERTS MODULE STARTED ===
2025-11-19 14:30:01,929 | WARNING | ALERT: 203.0.113.27 → 4 attempts
2025-11-19 14:30:05,135 | INFO | EMAIL SENT: 1 alert(s) to cyberlootkeeper@gmail.com
2025-11-19 14:35:01,264 | INFO | === BRUTE-FORCE DETECTOR STARTED ===
2025-11-19 14:35:01,264 | INFO | Config: {'log_file': 'month1/fake_auth.log', 'output_file': 'month1/alerts.json', 'threshold_count': 3, 'time_window_minutes': 15, 'log_level': 'INFO', 'alert_title': 'BRUTE_FORCE_15MIN', 'smtp_server': 'smtp.gmail.com', 'smtp_port': 587, 'email_from': 'suleephraim1@gmail.com', 'email_to': 'cyberlootkeeper@gmail.com', 'email_password': 'uwijddtfwdtmmony'}
2025-11-19 14:35:01,272 | INFO | Parsed 5 failed logins
2025-11-19 14:35:01,273 | WARNING | ALERT: 203.0.113.27 → 4 attempts in window
2025-11-19 14:35:01,273 | INFO | Exported 1 alert(s) to month1/alerts.json
2025-11-19 14:35:01,274 | INFO | Sample: {
  "alert_type": "BRUTE_FORCE_15MIN",
  "ip": "203.0.113.27",
  "attempt_count": 4,
  "window_minutes": 9,
  "first_attempt": "2025-11-01T09:00:00",
  "last_attempt": "2025-11-01T09:09:00",
  "log_lines": [
    7,
    15,
    4,
    6
  ],
  "severity": "CRITICAL",
  "recommendation": "BLOCK IP + INVESTIGATE"
}
2025-11-19 14:35:01,404 | INFO | === EMAIL ALERTS MODULE STARTED ===
2025-11-19 14:35:01,406 | WARNING | ALERT: 203.0.113.27 → 4 attempts
2025-11-19 14:35:04,520 | INFO | EMAIL SENT: 1 alert(s) to cyberlootkeeper@gmail.com
2025-11-19 14:40:01,641 | INFO | === BRUTE-FORCE DETECTOR STARTED ===
2025-11-19 14:40:01,641 | INFO | Config: {'log_file': 'month1/fake_auth.log', 'output_file': 'month1/alerts.json', 'threshold_count': 3, 'time_window_minutes': 15, 'log_level': 'INFO', 'alert_title': 'BRUTE_FORCE_15MIN', 'smtp_server': 'smtp.gmail.com', 'smtp_port': 587, 'email_from': 'suleephraim1@gmail.com', 'email_to': 'cyberlootkeeper@gmail.com', 'email_password': 'uwijddtfwdtmmony'}
2025-11-19 14:40:01,645 | INFO | Parsed 5 failed logins
2025-11-19 14:40:01,645 | WARNING | ALERT: 203.0.113.27 → 4 attempts in window
2025-11-19 14:40:01,646 | INFO | Exported 1 alert(s) to month1/alerts.json
2025-11-19 14:40:01,646 | INFO | Sample: {
  "alert_type": "BRUTE_FORCE_15MIN",
  "ip": "203.0.113.27",
  "attempt_count": 4,
  "window_minutes": 9,
  "first_attempt": "2025-11-01T09:00:00",
  "last_attempt": "2025-11-01T09:09:00",
  "log_lines": [
    7,
    15,
    4,
    6
  ],
  "severity": "CRITICAL",
  "recommendation": "BLOCK IP + INVESTIGATE"
}
2025-11-19 14:40:01,729 | INFO | === EMAIL ALERTS MODULE STARTED ===
2025-11-19 14:40:01,731 | WARNING | ALERT: 203.0.113.27 → 4 attempts
2025-11-19 14:40:19,857 | INFO | EMAIL SENT: 1 alert(s) to cyberlootkeeper@gmail.com
2025-11-19 14:45:02,004 | INFO | === BRUTE-FORCE DETECTOR STARTED ===
2025-11-19 14:45:02,004 | INFO | Config: {'log_file': 'month1/fake_auth.log', 'output_file': 'month1/alerts.json', 'threshold_count': 3, 'time_window_minutes': 15, 'log_level': 'INFO', 'alert_title': 'BRUTE_FORCE_15MIN', 'smtp_server': 'smtp.gmail.com', 'smtp_port': 587, 'email_from': 'suleephraim1@gmail.com', 'email_to': 'cyberlootkeeper@gmail.com', 'email_password': 'uwijddtfwdtmmony'}
2025-11-19 14:45:02,011 | INFO | Parsed 5 failed logins
2025-11-19 14:45:02,011 | WARNING | ALERT: 203.0.113.27 → 4 attempts in window
2025-11-19 14:45:02,012 | INFO | Exported 1 alert(s) to month1/alerts.json
2025-11-19 14:45:02,012 | INFO | Sample: {
  "alert_type": "BRUTE_FORCE_15MIN",
  "ip": "203.0.113.27",
  "attempt_count": 4,
  "window_minutes": 9,
  "first_attempt": "2025-11-01T09:00:00",
  "last_attempt": "2025-11-01T09:09:00",
  "log_lines": [
    7,
    15,
    4,
    6
  ],
  "severity": "CRITICAL",
  "recommendation": "BLOCK IP + INVESTIGATE"
}
2025-11-19 14:45:02,109 | INFO | === EMAIL ALERTS MODULE STARTED ===
2025-11-19 14:45:02,111 | WARNING | ALERT: 203.0.113.27 → 4 attempts
2025-11-19 14:45:21,542 | INFO | EMAIL SENT: 1 alert(s) to cyberlootkeeper@gmail.com
2025-11-19 14:47:44,136 | INFO | === BRUTE-FORCE DETECTOR STARTED ===
2025-11-19 14:47:44,136 | INFO | Config: {'log_file': 'month1/fake_auth.log', 'output_file': 'month1/alerts.json', 'threshold_count': 3, 'time_window_minutes': 15, 'log_level': 'INFO', 'alert_title': 'BRUTE_FORCE_15MIN', 'smtp_server': 'smtp.gmail.com', 'smtp_port': 587, 'email_from': 'suleephraim1@gmail.com', 'email_to': 'cyberlootkeeper@gmail.com', 'email_password': 'uwijddtfwdtmmony'}
2025-11-19 14:47:44,141 | INFO | Parsed 5 failed logins
2025-11-19 14:47:44,141 | WARNING | ALERT: 203.0.113.27 → 4 attempts in window
2025-11-19 14:47:44,141 | INFO | Exported 1 alert(s) to month1/alerts.json
2025-11-19 14:47:44,142 | INFO | Sample: {
  "alert_type": "BRUTE_FORCE_15MIN",
  "ip": "203.0.113.27",
  "attempt_count": 4,
  "window_minutes": 9,
  "first_attempt": "2025-11-01T09:00:00",
  "last_attempt": "2025-11-01T09:09:00",
  "log_lines": [
    7,
    15,
    4,
    6
  ],
  "severity": "CRITICAL",
  "recommendation": "BLOCK IP + INVESTIGATE"
}
2025-11-19 14:47:44,265 | INFO | === EMAIL ALERTS MODULE STARTED ===
2025-11-19 14:47:44,267 | WARNING | ALERT: 203.0.113.27 → 4 attempts
2025-11-19 14:47:49,105 | INFO | EMAIL SENT: 1 alert(s) to cyberlootkeeper@gmail.com
2025-11-19 14:50:01,646 | INFO | === BRUTE-FORCE DETECTOR STARTED ===
2025-11-19 14:50:01,647 | INFO | Config: {'log_file': 'month1/fake_auth.log', 'output_file': 'month1/alerts.json', 'threshold_count': 3, 'time_window_minutes': 15, 'log_level': 'INFO', 'alert_title': 'BRUTE_FORCE_15MIN', 'smtp_server': 'smtp.gmail.com', 'smtp_port': 587, 'email_from': 'suleephraim1@gmail.com', 'email_to': 'cyberlootkeeper@gmail.com', 'email_password': 'uwijddtfwdtmmony'}
2025-11-19 14:50:01,651 | INFO | Parsed 5 failed logins
2025-11-19 14:50:01,651 | WARNING | ALERT: 203.0.113.27 → 4 attempts in window
2025-11-19 14:50:01,651 | INFO | Exported 1 alert(s) to month1/alerts.json
2025-11-19 14:50:01,651 | INFO | Sample: {
  "alert_type": "BRUTE_FORCE_15MIN",
  "ip": "203.0.113.27",
  "attempt_count": 4,
  "window_minutes": 9,
  "first_attempt": "2025-11-01T09:00:00",
  "last_attempt": "2025-11-01T09:09:00",
  "log_lines": [
    7,
    15,
    4,
    6
  ],
  "severity": "CRITICAL",
  "recommendation": "BLOCK IP + INVESTIGATE"
}
2025-11-19 14:50:01,714 | INFO | === EMAIL ALERTS MODULE STARTED ===
2025-11-19 14:50:01,716 | WARNING | ALERT: 203.0.113.27 → 4 attempts
2025-11-19 14:50:04,993 | INFO | EMAIL SENT: 1 alert(s) to cyberlootkeeper@gmail.com
2025-11-19 14:55:01,090 | INFO | === BRUTE-FORCE DETECTOR STARTED ===
2025-11-19 14:55:01,090 | INFO | Config: {'log_file': 'month1/fake_auth.log', 'output_file': 'month1/alerts.json', 'threshold_count': 3, 'time_window_minutes': 15, 'log_level': 'INFO', 'alert_title': 'BRUTE_FORCE_15MIN', 'smtp_server': 'smtp.gmail.com', 'smtp_port': 587, 'email_from': 'suleephraim1@gmail.com', 'email_to': 'cyberlootkeeper@gmail.com', 'email_password': 'uwijddtfwdtmmony'}
2025-11-19 14:55:01,094 | INFO | Parsed 5 failed logins
2025-11-19 14:55:01,094 | WARNING | ALERT: 203.0.113.27 → 4 attempts in window
2025-11-19 14:55:01,094 | INFO | Exported 1 alert(s) to month1/alerts.json
2025-11-19 14:55:01,094 | INFO | Sample: {
  "alert_type": "BRUTE_FORCE_15MIN",
  "ip": "203.0.113.27",
  "attempt_count": 4,
  "window_minutes": 9,
  "first_attempt": "2025-11-01T09:00:00",
  "last_attempt": "2025-11-01T09:09:00",
  "log_lines": [
    7,
    15,
    4,
    6
  ],
  "severity": "CRITICAL",
  "recommendation": "BLOCK IP + INVESTIGATE"
}
2025-11-19 14:55:01,164 | INFO | === EMAIL ALERTS MODULE STARTED ===
2025-11-19 14:55:01,166 | WARNING | ALERT: 203.0.113.27 → 4 attempts
2025-11-19 14:55:26,507 | INFO | EMAIL SENT: 1 alert(s) to cyberlootkeeper@gmail.com
2025-11-19 15:00:01,638 | INFO | === BRUTE-FORCE DETECTOR STARTED ===
2025-11-19 15:00:01,638 | INFO | Config: {'log_file': 'month1/fake_auth.log', 'output_file': 'month1/alerts.json', 'threshold_count': 3, 'time_window_minutes': 15, 'log_level': 'INFO', 'alert_title': 'BRUTE_FORCE_15MIN', 'smtp_server': 'smtp.gmail.com', 'smtp_port': 587, 'email_from': 'suleephraim1@gmail.com', 'email_to': 'cyberlootkeeper@gmail.com', 'email_password': 'uwijddtfwdtmmony'}
2025-11-19 15:00:01,643 | INFO | Parsed 5 failed logins
2025-11-19 15:00:01,643 | WARNING | ALERT: 203.0.113.27 → 4 attempts in window
2025-11-19 15:00:01,643 | INFO | Exported 1 alert(s) to month1/alerts.json
2025-11-19 15:00:01,643 | INFO | Sample: {
  "alert_type": "BRUTE_FORCE_15MIN",
  "ip": "203.0.113.27",
  "attempt_count": 4,
  "window_minutes": 9,
  "first_attempt": "2025-11-01T09:00:00",
  "last_attempt": "2025-11-01T09:09:00",
  "log_lines": [
    7,
    15,
    4,
    6
  ],
  "severity": "CRITICAL",
  "recommendation": "BLOCK IP + INVESTIGATE"
}
2025-11-19 15:00:01,712 | INFO | === EMAIL ALERTS MODULE STARTED ===
2025-11-19 15:00:01,714 | WARNING | ALERT: 203.0.113.27 → 4 attempts
2025-11-19 15:00:22,088 | INFO | EMAIL SENT: 1 alert(s) to cyberlootkeeper@gmail.com
2025-11-19 15:05:01,192 | INFO | === BRUTE-FORCE DETECTOR STARTED ===
2025-11-19 15:05:01,193 | INFO | Config: {'log_file': 'month1/fake_auth.log', 'output_file': 'month1/alerts.json', 'threshold_count': 3, 'time_window_minutes': 15, 'log_level': 'INFO', 'alert_title': 'BRUTE_FORCE_15MIN', 'smtp_server': 'smtp.gmail.com', 'smtp_port': 587, 'email_from': 'suleephraim1@gmail.com', 'email_to': 'cyberlootkeeper@gmail.com', 'email_password': 'uwijddtfwdtmmony'}
2025-11-19 15:05:01,197 | INFO | Parsed 5 failed logins
2025-11-19 15:05:01,197 | WARNING | ALERT: 203.0.113.27 → 4 attempts in window
2025-11-19 15:05:01,197 | INFO | Exported 1 alert(s) to month1/alerts.json
2025-11-19 15:05:01,197 | INFO | Sample: {
  "alert_type": "BRUTE_FORCE_15MIN",
  "ip": "203.0.113.27",
  "attempt_count": 4,
  "window_minutes": 9,
  "first_attempt": "2025-11-01T09:00:00",
  "last_attempt": "2025-11-01T09:09:00",
  "log_lines": [
    7,
    15,
    4,
    6
  ],
  "severity": "CRITICAL",
  "recommendation": "BLOCK IP + INVESTIGATE"
}
2025-11-19 15:05:01,266 | INFO | === EMAIL ALERTS MODULE STARTED ===
2025-11-19 15:05:01,267 | WARNING | ALERT: 203.0.113.27 → 4 attempts
2025-11-19 15:10:01,469 | INFO | === BRUTE-FORCE DETECTOR STARTED ===
2025-11-19 15:10:01,469 | INFO | Config: {'log_file': 'month1/fake_auth.log', 'output_file': 'month1/alerts.json', 'threshold_count': 3, 'time_window_minutes': 15, 'log_level': 'INFO', 'alert_title': 'BRUTE_FORCE_15MIN', 'smtp_server': 'smtp.gmail.com', 'smtp_port': 587, 'email_from': 'suleephraim1@gmail.com', 'email_to': 'cyberlootkeeper@gmail.com', 'email_password': 'uwijddtfwdtmmony'}
2025-11-19 15:10:01,475 | INFO | Parsed 5 failed logins
2025-11-19 15:10:01,476 | WARNING | ALERT: 203.0.113.27 → 4 attempts in window
2025-11-19 15:10:01,476 | INFO | Exported 1 alert(s) to month1/alerts.json
2025-11-19 15:10:01,476 | INFO | Sample: {
  "alert_type": "BRUTE_FORCE_15MIN",
  "ip": "203.0.113.27",
  "attempt_count": 4,
  "window_minutes": 9,
  "first_attempt": "2025-11-01T09:00:00",
  "last_attempt": "2025-11-01T09:09:00",
  "log_lines": [
    7,
    15,
    4,
    6
  ],
  "severity": "CRITICAL",
  "recommendation": "BLOCK IP + INVESTIGATE"
}
2025-11-19 15:10:01,586 | INFO | === EMAIL ALERTS MODULE STARTED ===
2025-11-19 15:10:01,588 | WARNING | ALERT: 203.0.113.27 → 4 attempts
2025-11-19 15:15:01,676 | INFO | === BRUTE-FORCE DETECTOR STARTED ===
2025-11-19 15:15:01,676 | INFO | Config: {'log_file': 'month1/fake_auth.log', 'output_file': 'month1/alerts.json', 'threshold_count': 3, 'time_window_minutes': 15, 'log_level': 'INFO', 'alert_title': 'BRUTE_FORCE_15MIN', 'smtp_server': 'smtp.gmail.com', 'smtp_port': 587, 'email_from': 'suleephraim1@gmail.com', 'email_to': 'cyberlootkeeper@gmail.com', 'email_password': 'uwijddtfwdtmmony'}
2025-11-19 15:15:01,680 | INFO | Parsed 5 failed logins
2025-11-19 15:15:01,680 | WARNING | ALERT: 203.0.113.27 → 4 attempts in window
2025-11-19 15:15:01,681 | INFO | Exported 1 alert(s) to month1/alerts.json
2025-11-19 15:15:01,681 | INFO | Sample: {
  "alert_type": "BRUTE_FORCE_15MIN",
  "ip": "203.0.113.27",
  "attempt_count": 4,
  "window_minutes": 9,
  "first_attempt": "2025-11-01T09:00:00",
  "last_attempt": "2025-11-01T09:09:00",
  "log_lines": [
    7,
    15,
    4,
    6
  ],
  "severity": "CRITICAL",
  "recommendation": "BLOCK IP + INVESTIGATE"
}
2025-11-19 15:15:01,751 | INFO | === EMAIL ALERTS MODULE STARTED ===
2025-11-19 15:15:01,754 | WARNING | ALERT: 203.0.113.27 → 4 attempts
2025-11-19 15:20:01,846 | INFO | === BRUTE-FORCE DETECTOR STARTED ===
2025-11-19 15:20:01,846 | INFO | Config: {'log_file': 'month1/fake_auth.log', 'output_file': 'month1/alerts.json', 'threshold_count': 3, 'time_window_minutes': 15, 'log_level': 'INFO', 'alert_title': 'BRUTE_FORCE_15MIN', 'smtp_server': 'smtp.gmail.com', 'smtp_port': 587, 'email_from': 'suleephraim1@gmail.com', 'email_to': 'cyberlootkeeper@gmail.com', 'email_password': 'uwijddtfwdtmmony'}
2025-11-19 15:20:01,851 | INFO | Parsed 5 failed logins
2025-11-19 15:20:01,852 | WARNING | ALERT: 203.0.113.27 → 4 attempts in window
2025-11-19 15:20:01,852 | INFO | Exported 1 alert(s) to month1/alerts.json
2025-11-19 15:20:01,853 | INFO | Sample: {
  "alert_type": "BRUTE_FORCE_15MIN",
  "ip": "203.0.113.27",
  "attempt_count": 4,
  "window_minutes": 9,
  "first_attempt": "2025-11-01T09:00:00",
  "last_attempt": "2025-11-01T09:09:00",
  "log_lines": [
    7,
    15,
    4,
    6
  ],
  "severity": "CRITICAL",
  "recommendation": "BLOCK IP + INVESTIGATE"
}
2025-11-19 15:20:01,929 | INFO | === EMAIL ALERTS MODULE STARTED ===
2025-11-19 15:20:01,932 | WARNING | ALERT: 203.0.113.27 → 4 attempts
2025-11-19 15:25:01,782 | INFO | === BRUTE-FORCE DETECTOR STARTED ===
2025-11-19 15:25:01,782 | INFO | Config: {'log_file': 'month1/fake_auth.log', 'output_file': 'month1/alerts.json', 'threshold_count': 3, 'time_window_minutes': 15, 'log_level': 'INFO', 'alert_title': 'BRUTE_FORCE_15MIN', 'smtp_server': 'smtp.gmail.com', 'smtp_port': 587, 'email_from': 'suleephraim1@gmail.com', 'email_to': 'cyberlootkeeper@gmail.com', 'email_password': 'uwijddtfwdtmmony'}
2025-11-19 15:25:01,786 | INFO | Parsed 5 failed logins
2025-11-19 15:25:01,787 | WARNING | ALERT: 203.0.113.27 → 4 attempts in window
2025-11-19 15:25:01,787 | INFO | Exported 1 alert(s) to month1/alerts.json
2025-11-19 15:25:01,787 | INFO | Sample: {
  "alert_type": "BRUTE_FORCE_15MIN",
  "ip": "203.0.113.27",
  "attempt_count": 4,
  "window_minutes": 9,
  "first_attempt": "2025-11-01T09:00:00",
  "last_attempt": "2025-11-01T09:09:00",
  "log_lines": [
    7,
    15,
    4,
    6
  ],
  "severity": "CRITICAL",
  "recommendation": "BLOCK IP + INVESTIGATE"
}
2025-11-19 15:25:01,884 | INFO | === EMAIL ALERTS MODULE STARTED ===
2025-11-19 15:25:01,886 | WARNING | ALERT: 203.0.113.27 → 4 attempts
2025-11-19 15:30:01,725 | INFO | === BRUTE-FORCE DETECTOR STARTED ===
2025-11-19 15:30:01,725 | INFO | Config: {'log_file': 'month1/fake_auth.log', 'output_file': 'month1/alerts.json', 'threshold_count': 3, 'time_window_minutes': 15, 'log_level': 'INFO', 'alert_title': 'BRUTE_FORCE_15MIN', 'smtp_server': 'smtp.gmail.com', 'smtp_port': 587, 'email_from': 'suleephraim1@gmail.com', 'email_to': 'cyberlootkeeper@gmail.com', 'email_password': 'uwijddtfwdtmmony'}
2025-11-19 15:30:01,729 | INFO | Parsed 5 failed logins
2025-11-19 15:30:01,729 | WARNING | ALERT: 203.0.113.27 → 4 attempts in window
2025-11-19 15:30:01,730 | INFO | Exported 1 alert(s) to month1/alerts.json
2025-11-19 15:30:01,730 | INFO | Sample: {
  "alert_type": "BRUTE_FORCE_15MIN",
  "ip": "203.0.113.27",
  "attempt_count": 4,
  "window_minutes": 9,
  "first_attempt": "2025-11-01T09:00:00",
  "last_attempt": "2025-11-01T09:09:00",
  "log_lines": [
    7,
    15,
    4,
    6
  ],
  "severity": "CRITICAL",
  "recommendation": "BLOCK IP + INVESTIGATE"
}
2025-11-19 15:30:01,798 | INFO | === EMAIL ALERTS MODULE STARTED ===
2025-11-19 15:30:01,800 | WARNING | ALERT: 203.0.113.27 → 4 attempts
2025-11-19 15:35:01,984 | INFO | === BRUTE-FORCE DETECTOR STARTED ===
2025-11-19 15:35:01,984 | INFO | Config: {'log_file': 'month1/fake_auth.log', 'output_file': 'month1/alerts.json', 'threshold_count': 3, 'time_window_minutes': 15, 'log_level': 'INFO', 'alert_title': 'BRUTE_FORCE_15MIN', 'smtp_server': 'smtp.gmail.com', 'smtp_port': 587, 'email_from': 'suleephraim1@gmail.com', 'email_to': 'cyberlootkeeper@gmail.com', 'email_password': 'uwijddtfwdtmmony'}
2025-11-19 15:35:01,989 | INFO | Parsed 5 failed logins
2025-11-19 15:35:01,989 | WARNING | ALERT: 203.0.113.27 → 4 attempts in window
2025-11-19 15:35:01,989 | INFO | Exported 1 alert(s) to month1/alerts.json
2025-11-19 15:35:01,989 | INFO | Sample: {
  "alert_type": "BRUTE_FORCE_15MIN",
  "ip": "203.0.113.27",
  "attempt_count": 4,
  "window_minutes": 9,
  "first_attempt": "2025-11-01T09:00:00",
  "last_attempt": "2025-11-01T09:09:00",
  "log_lines": [
    7,
    15,
    4,
    6
  ],
  "severity": "CRITICAL",
  "recommendation": "BLOCK IP + INVESTIGATE"
}
2025-11-19 15:35:02,058 | INFO | === EMAIL ALERTS MODULE STARTED ===
2025-11-19 15:35:02,061 | WARNING | ALERT: 203.0.113.27 → 4 attempts
2025-11-19 15:40:01,468 | INFO | === BRUTE-FORCE DETECTOR STARTED ===
2025-11-19 15:40:01,468 | INFO | Config: {'log_file': 'month1/fake_auth.log', 'output_file': 'month1/alerts.json', 'threshold_count': 3, 'time_window_minutes': 15, 'log_level': 'INFO', 'alert_title': 'BRUTE_FORCE_15MIN', 'smtp_server': 'smtp.gmail.com', 'smtp_port': 587, 'email_from': 'suleephraim1@gmail.com', 'email_to': 'cyberlootkeeper@gmail.com', 'email_password': 'uwijddtfwdtmmony'}
2025-11-19 15:40:01,472 | INFO | Parsed 5 failed logins
2025-11-19 15:40:01,472 | WARNING | ALERT: 203.0.113.27 → 4 attempts in window
2025-11-19 15:40:01,473 | INFO | Exported 1 alert(s) to month1/alerts.json
2025-11-19 15:40:01,473 | INFO | Sample: {
  "alert_type": "BRUTE_FORCE_15MIN",
  "ip": "203.0.113.27",
  "attempt_count": 4,
  "window_minutes": 9,
  "first_attempt": "2025-11-01T09:00:00",
  "last_attempt": "2025-11-01T09:09:00",
  "log_lines": [
    7,
    15,
    4,
    6
  ],
  "severity": "CRITICAL",
  "recommendation": "BLOCK IP + INVESTIGATE"
}
2025-11-19 15:40:01,543 | INFO | === EMAIL ALERTS MODULE STARTED ===
2025-11-19 15:40:01,545 | WARNING | ALERT: 203.0.113.27 → 4 attempts
2025-11-19 15:45:01,697 | INFO | === BRUTE-FORCE DETECTOR STARTED ===
2025-11-19 15:45:01,723 | INFO | Config: {'log_file': 'month1/fake_auth.log', 'output_file': 'month1/alerts.json', 'threshold_count': 3, 'time_window_minutes': 15, 'log_level': 'INFO', 'alert_title': 'BRUTE_FORCE_15MIN', 'smtp_server': 'smtp.gmail.com', 'smtp_port': 587, 'email_from': 'suleephraim1@gmail.com', 'email_to': 'cyberlootkeeper@gmail.com', 'email_password': 'uwijddtfwdtmmony'}
2025-11-19 15:45:01,728 | INFO | Parsed 5 failed logins
2025-11-19 15:45:01,729 | WARNING | ALERT: 203.0.113.27 → 4 attempts in window
2025-11-19 15:45:01,729 | INFO | Exported 1 alert(s) to month1/alerts.json
2025-11-19 15:45:01,729 | INFO | Sample: {
  "alert_type": "BRUTE_FORCE_15MIN",
  "ip": "203.0.113.27",
  "attempt_count": 4,
  "window_minutes": 9,
  "first_attempt": "2025-11-01T09:00:00",
  "last_attempt": "2025-11-01T09:09:00",
  "log_lines": [
    7,
    15,
    4,
    6
  ],
  "severity": "CRITICAL",
  "recommendation": "BLOCK IP + INVESTIGATE"
}
2025-11-19 15:45:01,866 | INFO | === EMAIL ALERTS MODULE STARTED ===
2025-11-19 15:45:01,868 | WARNING | ALERT: 203.0.113.27 → 4 attempts
2025-11-19 15:50:01,706 | INFO | === BRUTE-FORCE DETECTOR STARTED ===
2025-11-19 15:50:01,706 | INFO | Config: {'log_file': 'month1/fake_auth.log', 'output_file': 'month1/alerts.json', 'threshold_count': 3, 'time_window_minutes': 15, 'log_level': 'INFO', 'alert_title': 'BRUTE_FORCE_15MIN', 'smtp_server': 'smtp.gmail.com', 'smtp_port': 587, 'email_from': 'suleephraim1@gmail.com', 'email_to': 'cyberlootkeeper@gmail.com', 'email_password': 'uwijddtfwdtmmony'}
2025-11-19 15:50:01,713 | INFO | Parsed 5 failed logins
2025-11-19 15:50:01,713 | WARNING | ALERT: 203.0.113.27 → 4 attempts in window
2025-11-19 15:50:01,713 | INFO | Exported 1 alert(s) to month1/alerts.json
2025-11-19 15:50:01,714 | INFO | Sample: {
  "alert_type": "BRUTE_FORCE_15MIN",
  "ip": "203.0.113.27",
  "attempt_count": 4,
  "window_minutes": 9,
  "first_attempt": "2025-11-01T09:00:00",
  "last_attempt": "2025-11-01T09:09:00",
  "log_lines": [
    7,
    15,
    4,
    6
  ],
  "severity": "CRITICAL",
  "recommendation": "BLOCK IP + INVESTIGATE"
}
2025-11-19 15:50:01,791 | INFO | === EMAIL ALERTS MODULE STARTED ===
2025-11-19 15:50:01,793 | WARNING | ALERT: 203.0.113.27 → 4 attempts
2025-11-19 15:55:01,565 | INFO | === BRUTE-FORCE DETECTOR STARTED ===
2025-11-19 15:55:01,565 | INFO | Config: {'log_file': 'month1/fake_auth.log', 'output_file': 'month1/alerts.json', 'threshold_count': 3, 'time_window_minutes': 15, 'log_level': 'INFO', 'alert_title': 'BRUTE_FORCE_15MIN', 'smtp_server': 'smtp.gmail.com', 'smtp_port': 587, 'email_from': 'suleephraim1@gmail.com', 'email_to': 'cyberlootkeeper@gmail.com', 'email_password': 'uwijddtfwdtmmony'}
2025-11-19 15:55:01,570 | INFO | Parsed 5 failed logins
2025-11-19 15:55:01,570 | WARNING | ALERT: 203.0.113.27 → 4 attempts in window
2025-11-19 15:55:01,571 | INFO | Exported 1 alert(s) to month1/alerts.json
2025-11-19 15:55:01,571 | INFO | Sample: {
  "alert_type": "BRUTE_FORCE_15MIN",
  "ip": "203.0.113.27",
  "attempt_count": 4,
  "window_minutes": 9,
  "first_attempt": "2025-11-01T09:00:00",
  "last_attempt": "2025-11-01T09:09:00",
  "log_lines": [
    7,
    15,
    4,
    6
  ],
  "severity": "CRITICAL",
  "recommendation": "BLOCK IP + INVESTIGATE"
}
2025-11-19 15:55:01,646 | INFO | === EMAIL ALERTS MODULE STARTED ===
2025-11-19 15:55:01,648 | WARNING | ALERT: 203.0.113.27 → 4 attempts
2025-11-19 16:00:01,899 | INFO | === BRUTE-FORCE DETECTOR STARTED ===
2025-11-19 16:00:01,900 | INFO | Config: {'log_file': 'month1/fake_auth.log', 'output_file': 'month1/alerts.json', 'threshold_count': 3, 'time_window_minutes': 15, 'log_level': 'INFO', 'alert_title': 'BRUTE_FORCE_15MIN', 'smtp_server': 'smtp.gmail.com', 'smtp_port': 587, 'email_from': 'suleephraim1@gmail.com', 'email_to': 'cyberlootkeeper@gmail.com', 'email_password': 'uwijddtfwdtmmony'}
2025-11-19 16:00:01,904 | INFO | Parsed 5 failed logins
2025-11-19 16:00:01,904 | WARNING | ALERT: 203.0.113.27 → 4 attempts in window
2025-11-19 16:00:01,904 | INFO | Exported 1 alert(s) to month1/alerts.json
2025-11-19 16:00:01,904 | INFO | Sample: {
  "alert_type": "BRUTE_FORCE_15MIN",
  "ip": "203.0.113.27",
  "attempt_count": 4,
  "window_minutes": 9,
  "first_attempt": "2025-11-01T09:00:00",
  "last_attempt": "2025-11-01T09:09:00",
  "log_lines": [
    7,
    15,
    4,
    6
  ],
  "severity": "CRITICAL",
  "recommendation": "BLOCK IP + INVESTIGATE"
}
2025-11-19 16:00:01,970 | INFO | === EMAIL ALERTS MODULE STARTED ===
2025-11-19 16:00:01,972 | WARNING | ALERT: 203.0.113.27 → 4 attempts
2025-11-19 16:05:01,212 | INFO | === BRUTE-FORCE DETECTOR STARTED ===
2025-11-19 16:05:01,212 | INFO | Config: {'log_file': 'month1/fake_auth.log', 'output_file': 'month1/alerts.json', 'threshold_count': 3, 'time_window_minutes': 15, 'log_level': 'INFO', 'alert_title': 'BRUTE_FORCE_15MIN', 'smtp_server': 'smtp.gmail.com', 'smtp_port': 587, 'email_from': 'suleephraim1@gmail.com', 'email_to': 'cyberlootkeeper@gmail.com', 'email_password': 'uwijddtfwdtmmony'}
2025-11-19 16:05:01,219 | INFO | Parsed 5 failed logins
2025-11-19 16:05:01,219 | WARNING | ALERT: 203.0.113.27 → 4 attempts in window
2025-11-19 16:05:01,220 | INFO | Exported 1 alert(s) to month1/alerts.json
2025-11-19 16:05:01,220 | INFO | Sample: {
  "alert_type": "BRUTE_FORCE_15MIN",
  "ip": "203.0.113.27",
  "attempt_count": 4,
  "window_minutes": 9,
  "first_attempt": "2025-11-01T09:00:00",
  "last_attempt": "2025-11-01T09:09:00",
  "log_lines": [
    7,
    15,
    4,
    6
  ],
  "severity": "CRITICAL",
  "recommendation": "BLOCK IP + INVESTIGATE"
}
2025-11-19 16:05:01,334 | INFO | === EMAIL ALERTS MODULE STARTED ===
2025-11-19 16:05:01,337 | WARNING | ALERT: 203.0.113.27 → 4 attempts
2025-11-19 16:05:16,671 | INFO | EMAIL SENT: 1 alert(s) to cyberlootkeeper@gmail.com
2025-11-19 16:10:01,781 | INFO | === BRUTE-FORCE DETECTOR STARTED ===
2025-11-19 16:10:01,781 | INFO | Config: {'log_file': 'month1/fake_auth.log', 'output_file': 'month1/alerts.json', 'threshold_count': 3, 'time_window_minutes': 15, 'log_level': 'INFO', 'alert_title': 'BRUTE_FORCE_15MIN', 'smtp_server': 'smtp.gmail.com', 'smtp_port': 587, 'email_from': 'suleephraim1@gmail.com', 'email_to': 'cyberlootkeeper@gmail.com', 'email_password': 'uwijddtfwdtmmony'}
2025-11-19 16:10:01,785 | INFO | Parsed 5 failed logins
2025-11-19 16:10:01,785 | WARNING | ALERT: 203.0.113.27 → 4 attempts in window
2025-11-19 16:10:01,786 | INFO | Exported 1 alert(s) to month1/alerts.json
2025-11-19 16:10:01,786 | INFO | Sample: {
  "alert_type": "BRUTE_FORCE_15MIN",
  "ip": "203.0.113.27",
  "attempt_count": 4,
  "window_minutes": 9,
  "first_attempt": "2025-11-01T09:00:00",
  "last_attempt": "2025-11-01T09:09:00",
  "log_lines": [
    7,
    15,
    4,
    6
  ],
  "severity": "CRITICAL",
  "recommendation": "BLOCK IP + INVESTIGATE"
}
2025-11-19 16:10:01,852 | INFO | === EMAIL ALERTS MODULE STARTED ===
2025-11-19 16:10:01,854 | WARNING | ALERT: 203.0.113.27 → 4 attempts
2025-11-19 16:10:06,571 | INFO | EMAIL SENT: 1 alert(s) to cyberlootkeeper@gmail.com
2025-11-19 16:15:01,676 | INFO | === BRUTE-FORCE DETECTOR STARTED ===
2025-11-19 16:15:01,676 | INFO | Config: {'log_file': 'month1/fake_auth.log', 'output_file': 'month1/alerts.json', 'threshold_count': 3, 'time_window_minutes': 15, 'log_level': 'INFO', 'alert_title': 'BRUTE_FORCE_15MIN', 'smtp_server': 'smtp.gmail.com', 'smtp_port': 587, 'email_from': 'suleephraim1@gmail.com', 'email_to': 'cyberlootkeeper@gmail.com', 'email_password': 'uwijddtfwdtmmony'}
2025-11-19 16:15:01,680 | INFO | Parsed 5 failed logins
2025-11-19 16:15:01,680 | WARNING | ALERT: 203.0.113.27 → 4 attempts in window
2025-11-19 16:15:01,680 | INFO | Exported 1 alert(s) to month1/alerts.json
2025-11-19 16:15:01,681 | INFO | Sample: {
  "alert_type": "BRUTE_FORCE_15MIN",
  "ip": "203.0.113.27",
  "attempt_count": 4,
  "window_minutes": 9,
  "first_attempt": "2025-11-01T09:00:00",
  "last_attempt": "2025-11-01T09:09:00",
  "log_lines": [
    7,
    15,
    4,
    6
  ],
  "severity": "CRITICAL",
  "recommendation": "BLOCK IP + INVESTIGATE"
}
2025-11-19 16:15:01,750 | INFO | === EMAIL ALERTS MODULE STARTED ===
2025-11-19 16:15:01,752 | WARNING | ALERT: 203.0.113.27 → 4 attempts
2025-11-19 16:20:01,832 | INFO | === BRUTE-FORCE DETECTOR STARTED ===
2025-11-19 16:20:01,832 | INFO | Config: {'log_file': 'month1/fake_auth.log', 'output_file': 'month1/alerts.json', 'threshold_count': 3, 'time_window_minutes': 15, 'log_level': 'INFO', 'alert_title': 'BRUTE_FORCE_15MIN', 'smtp_server': 'smtp.gmail.com', 'smtp_port': 587, 'email_from': 'suleephraim1@gmail.com', 'email_to': 'cyberlootkeeper@gmail.com', 'email_password': 'uwijddtfwdtmmony'}
2025-11-19 16:20:01,836 | INFO | Parsed 5 failed logins
2025-11-19 16:20:01,836 | WARNING | ALERT: 203.0.113.27 → 4 attempts in window
2025-11-19 16:20:01,837 | INFO | Exported 1 alert(s) to month1/alerts.json
2025-11-19 16:20:01,837 | INFO | Sample: {
  "alert_type": "BRUTE_FORCE_15MIN",
  "ip": "203.0.113.27",
  "attempt_count": 4,
  "window_minutes": 9,
  "first_attempt": "2025-11-01T09:00:00",
  "last_attempt": "2025-11-01T09:09:00",
  "log_lines": [
    7,
    15,
    4,
    6
  ],
  "severity": "CRITICAL",
  "recommendation": "BLOCK IP + INVESTIGATE"
}
2025-11-19 16:20:01,905 | INFO | === EMAIL ALERTS MODULE STARTED ===
2025-11-19 16:20:01,907 | WARNING | ALERT: 203.0.113.27 → 4 attempts
2025-11-19 16:25:01,693 | INFO | === BRUTE-FORCE DETECTOR STARTED ===
2025-11-19 16:25:01,693 | INFO | Config: {'log_file': 'month1/fake_auth.log', 'output_file': 'month1/alerts.json', 'threshold_count': 3, 'time_window_minutes': 15, 'log_level': 'INFO', 'alert_title': 'BRUTE_FORCE_15MIN', 'smtp_server': 'smtp.gmail.com', 'smtp_port': 587, 'email_from': 'suleephraim1@gmail.com', 'email_to': 'cyberlootkeeper@gmail.com', 'email_password': 'uwijddtfwdtmmony'}
2025-11-19 16:25:01,698 | INFO | Parsed 5 failed logins
2025-11-19 16:25:01,698 | WARNING | ALERT: 203.0.113.27 → 4 attempts in window
2025-11-19 16:25:01,698 | INFO | Exported 1 alert(s) to month1/alerts.json
2025-11-19 16:25:01,698 | INFO | Sample: {
  "alert_type": "BRUTE_FORCE_15MIN",
  "ip": "203.0.113.27",
  "attempt_count": 4,
  "window_minutes": 9,
  "first_attempt": "2025-11-01T09:00:00",
  "last_attempt": "2025-11-01T09:09:00",
  "log_lines": [
    7,
    15,
    4,
    6
  ],
  "severity": "CRITICAL",
  "recommendation": "BLOCK IP + INVESTIGATE"
}
2025-11-19 16:25:01,768 | INFO | === EMAIL ALERTS MODULE STARTED ===
2025-11-19 16:25:01,770 | WARNING | ALERT: 203.0.113.27 → 4 attempts
2025-11-19 16:30:01,965 | INFO | === BRUTE-FORCE DETECTOR STARTED ===
2025-11-19 16:30:01,965 | INFO | Config: {'log_file': 'month1/fake_auth.log', 'output_file': 'month1/alerts.json', 'threshold_count': 3, 'time_window_minutes': 15, 'log_level': 'INFO', 'alert_title': 'BRUTE_FORCE_15MIN', 'smtp_server': 'smtp.gmail.com', 'smtp_port': 587, 'email_from': 'suleephraim1@gmail.com', 'email_to': 'cyberlootkeeper@gmail.com', 'email_password': 'uwijddtfwdtmmony'}
2025-11-19 16:30:01,969 | INFO | Parsed 5 failed logins
2025-11-19 16:30:01,969 | WARNING | ALERT: 203.0.113.27 → 4 attempts in window
2025-11-19 16:30:01,970 | INFO | Exported 1 alert(s) to month1/alerts.json
2025-11-19 16:30:01,970 | INFO | Sample: {
  "alert_type": "BRUTE_FORCE_15MIN",
  "ip": "203.0.113.27",
  "attempt_count": 4,
  "window_minutes": 9,
  "first_attempt": "2025-11-01T09:00:00",
  "last_attempt": "2025-11-01T09:09:00",
  "log_lines": [
    7,
    15,
    4,
    6
  ],
  "severity": "CRITICAL",
  "recommendation": "BLOCK IP + INVESTIGATE"
}
2025-11-19 16:30:02,038 | INFO | === EMAIL ALERTS MODULE STARTED ===
2025-11-19 16:30:02,040 | WARNING | ALERT: 203.0.113.27 → 4 attempts
2025-11-19 16:35:01,149 | INFO | === BRUTE-FORCE DETECTOR STARTED ===
2025-11-19 16:35:01,149 | INFO | Config: {'log_file': 'month1/fake_auth.log', 'output_file': 'month1/alerts.json', 'threshold_count': 3, 'time_window_minutes': 15, 'log_level': 'INFO', 'alert_title': 'BRUTE_FORCE_15MIN', 'smtp_server': 'smtp.gmail.com', 'smtp_port': 587, 'email_from': 'suleephraim1@gmail.com', 'email_to': 'cyberlootkeeper@gmail.com', 'email_password': 'uwijddtfwdtmmony'}
2025-11-19 16:35:01,153 | INFO | Parsed 5 failed logins
2025-11-19 16:35:01,153 | WARNING | ALERT: 203.0.113.27 → 4 attempts in window
2025-11-19 16:35:01,154 | INFO | Exported 1 alert(s) to month1/alerts.json
2025-11-19 16:35:01,154 | INFO | Sample: {
  "alert_type": "BRUTE_FORCE_15MIN",
  "ip": "203.0.113.27",
  "attempt_count": 4,
  "window_minutes": 9,
  "first_attempt": "2025-11-01T09:00:00",
  "last_attempt": "2025-11-01T09:09:00",
  "log_lines": [
    7,
    15,
    4,
    6
  ],
  "severity": "CRITICAL",
  "recommendation": "BLOCK IP + INVESTIGATE"
}
2025-11-19 16:35:01,222 | INFO | === EMAIL ALERTS MODULE STARTED ===
2025-11-19 16:35:01,223 | WARNING | ALERT: 203.0.113.27 → 4 attempts
2025-11-20 16:45:01,788 | INFO | === BRUTE-FORCE DETECTOR STARTED ===
2025-11-20 16:45:01,828 | INFO | Config: {'log_file': 'month1/fake_auth.log', 'output_file': 'month1/alerts.json', 'threshold_count': 3, 'time_window_minutes': 15, 'log_level': 'INFO', 'alert_title': 'BRUTE_FORCE_15MIN', 'smtp_server': 'smtp.gmail.com', 'smtp_port': 587, 'email_from': 'suleephraim1@gmail.com', 'email_to': 'cyberlootkeeper@gmail.com', 'email_password': 'uwijddtfwdtmmony'}
2025-11-20 16:45:01,858 | INFO | Parsed 5 failed logins
2025-11-20 16:45:01,858 | WARNING | ALERT: 203.0.113.27 → 4 attempts in window
2025-11-20 16:45:01,858 | INFO | Exported 1 alert(s) to month1/alerts.json
2025-11-20 16:45:01,858 | INFO | Sample: {
  "alert_type": "BRUTE_FORCE_15MIN",
  "ip": "203.0.113.27",
  "attempt_count": 4,
  "window_minutes": 9,
  "first_attempt": "2025-11-01T09:00:00",
  "last_attempt": "2025-11-01T09:09:00",
  "log_lines": [
    7,
    15,
    4,
    6
  ],
  "severity": "CRITICAL",
  "recommendation": "BLOCK IP + INVESTIGATE"
}
2025-11-20 16:45:02,014 | INFO | === EMAIL ALERTS MODULE STARTED ===
2025-11-20 16:45:02,016 | WARNING | ALERT: 203.0.113.27 → 4 attempts
2025-11-20 16:45:07,634 | INFO | EMAIL SENT: 1 alert(s) to cyberlootkeeper@gmail.com
2025-11-20 16:50:01,785 | INFO | === BRUTE-FORCE DETECTOR STARTED ===
2025-11-20 16:50:01,786 | INFO | Config: {'log_file': 'month1/fake_auth.log', 'output_file': 'month1/alerts.json', 'threshold_count': 3, 'time_window_minutes': 15, 'log_level': 'INFO', 'alert_title': 'BRUTE_FORCE_15MIN', 'smtp_server': 'smtp.gmail.com', 'smtp_port': 587, 'email_from': 'suleephraim1@gmail.com', 'email_to': 'cyberlootkeeper@gmail.com', 'email_password': 'uwijddtfwdtmmony'}
2025-11-20 16:50:01,793 | INFO | Parsed 5 failed logins
2025-11-20 16:50:01,793 | WARNING | ALERT: 203.0.113.27 → 4 attempts in window
2025-11-20 16:50:01,793 | INFO | Exported 1 alert(s) to month1/alerts.json
2025-11-20 16:50:01,794 | INFO | Sample: {
  "alert_type": "BRUTE_FORCE_15MIN",
  "ip": "203.0.113.27",
  "attempt_count": 4,
  "window_minutes": 9,
  "first_attempt": "2025-11-01T09:00:00",
  "last_attempt": "2025-11-01T09:09:00",
  "log_lines": [
    7,
    15,
    4,
    6
  ],
  "severity": "CRITICAL",
  "recommendation": "BLOCK IP + INVESTIGATE"
}
2025-11-20 16:50:01,901 | INFO | === EMAIL ALERTS MODULE STARTED ===
2025-11-20 16:50:01,905 | WARNING | ALERT: 203.0.113.27 → 4 attempts
2025-11-20 16:50:04,881 | INFO | EMAIL SENT: 1 alert(s) to cyberlootkeeper@gmail.com
2025-11-20 16:55:01,980 | INFO | === BRUTE-FORCE DETECTOR STARTED ===
2025-11-20 16:55:01,980 | INFO | Config: {'log_file': 'month1/fake_auth.log', 'output_file': 'month1/alerts.json', 'threshold_count': 3, 'time_window_minutes': 15, 'log_level': 'INFO', 'alert_title': 'BRUTE_FORCE_15MIN', 'smtp_server': 'smtp.gmail.com', 'smtp_port': 587, 'email_from': 'suleephraim1@gmail.com', 'email_to': 'cyberlootkeeper@gmail.com', 'email_password': 'uwijddtfwdtmmony'}
2025-11-20 16:55:01,985 | INFO | Parsed 5 failed logins
2025-11-20 16:55:01,985 | WARNING | ALERT: 203.0.113.27 → 4 attempts in window
2025-11-20 16:55:01,985 | INFO | Exported 1 alert(s) to month1/alerts.json
2025-11-20 16:55:01,986 | INFO | Sample: {
  "alert_type": "BRUTE_FORCE_15MIN",
  "ip": "203.0.113.27",
  "attempt_count": 4,
  "window_minutes": 9,
  "first_attempt": "2025-11-01T09:00:00",
  "last_attempt": "2025-11-01T09:09:00",
  "log_lines": [
    7,
    15,
    4,
    6
  ],
  "severity": "CRITICAL",
  "recommendation": "BLOCK IP + INVESTIGATE"
}
2025-11-20 16:55:02,053 | INFO | === EMAIL ALERTS MODULE STARTED ===
2025-11-20 16:55:02,054 | WARNING | ALERT: 203.0.113.27 → 4 attempts
2025-11-20 16:55:06,488 | INFO | EMAIL SENT: 1 alert(s) to cyberlootkeeper@gmail.com
2025-11-20 17:00:01,592 | INFO | === BRUTE-FORCE DETECTOR STARTED ===
2025-11-20 17:00:01,593 | INFO | Config: {'log_file': 'month1/fake_auth.log', 'output_file': 'month1/alerts.json', 'threshold_count': 3, 'time_window_minutes': 15, 'log_level': 'INFO', 'alert_title': 'BRUTE_FORCE_15MIN', 'smtp_server': 'smtp.gmail.com', 'smtp_port': 587, 'email_from': 'suleephraim1@gmail.com', 'email_to': 'cyberlootkeeper@gmail.com', 'email_password': 'uwijddtfwdtmmony'}
2025-11-20 17:00:01,597 | INFO | Parsed 5 failed logins
2025-11-20 17:00:01,597 | WARNING | ALERT: 203.0.113.27 → 4 attempts in window
2025-11-20 17:00:01,597 | INFO | Exported 1 alert(s) to month1/alerts.json
2025-11-20 17:00:01,598 | INFO | Sample: {
  "alert_type": "BRUTE_FORCE_15MIN",
  "ip": "203.0.113.27",
  "attempt_count": 4,
  "window_minutes": 9,
  "first_attempt": "2025-11-01T09:00:00",
  "last_attempt": "2025-11-01T09:09:00",
  "log_lines": [
    7,
    15,
    4,
    6
  ],
  "severity": "CRITICAL",
  "recommendation": "BLOCK IP + INVESTIGATE"
}
2025-11-20 17:00:01,663 | INFO | === EMAIL ALERTS MODULE STARTED ===
2025-11-20 17:00:01,665 | WARNING | ALERT: 203.0.113.27 → 4 attempts
2025-11-20 17:00:05,394 | INFO | EMAIL SENT: 1 alert(s) to cyberlootkeeper@gmail.com
2025-11-20 17:05:01,495 | INFO | === BRUTE-FORCE DETECTOR STARTED ===
2025-11-20 17:05:01,495 | INFO | Config: {'log_file': 'month1/fake_auth.log', 'output_file': 'month1/alerts.json', 'threshold_count': 3, 'time_window_minutes': 15, 'log_level': 'INFO', 'alert_title': 'BRUTE_FORCE_15MIN', 'smtp_server': 'smtp.gmail.com', 'smtp_port': 587, 'email_from': 'suleephraim1@gmail.com', 'email_to': 'cyberlootkeeper@gmail.com', 'email_password': 'uwijddtfwdtmmony'}
2025-11-20 17:05:01,499 | INFO | Parsed 5 failed logins
2025-11-20 17:05:01,499 | WARNING | ALERT: 203.0.113.27 → 4 attempts in window
2025-11-20 17:05:01,500 | INFO | Exported 1 alert(s) to month1/alerts.json
2025-11-20 17:05:01,500 | INFO | Sample: {
  "alert_type": "BRUTE_FORCE_15MIN",
  "ip": "203.0.113.27",
  "attempt_count": 4,
  "window_minutes": 9,
  "first_attempt": "2025-11-01T09:00:00",
  "last_attempt": "2025-11-01T09:09:00",
  "log_lines": [
    7,
    15,
    4,
    6
  ],
  "severity": "CRITICAL",
  "recommendation": "BLOCK IP + INVESTIGATE"
}
2025-11-20 17:05:01,565 | INFO | === EMAIL ALERTS MODULE STARTED ===
2025-11-20 17:05:01,567 | WARNING | ALERT: 203.0.113.27 → 4 attempts
2025-11-20 17:05:08,393 | INFO | EMAIL SENT: 1 alert(s) to cyberlootkeeper@gmail.com
2025-11-20 17:10:01,508 | INFO | === BRUTE-FORCE DETECTOR STARTED ===
2025-11-20 17:10:01,508 | INFO | Config: {'log_file': 'month1/fake_auth.log', 'output_file': 'month1/alerts.json', 'threshold_count': 3, 'time_window_minutes': 15, 'log_level': 'INFO', 'alert_title': 'BRUTE_FORCE_15MIN', 'smtp_server': 'smtp.gmail.com', 'smtp_port': 587, 'email_from': 'suleephraim1@gmail.com', 'email_to': 'cyberlootkeeper@gmail.com', 'email_password': 'uwijddtfwdtmmony'}
2025-11-20 17:10:01,512 | INFO | Parsed 5 failed logins
2025-11-20 17:10:01,512 | WARNING | ALERT: 203.0.113.27 → 4 attempts in window
2025-11-20 17:10:01,512 | INFO | Exported 1 alert(s) to month1/alerts.json
2025-11-20 17:10:01,512 | INFO | Sample: {
  "alert_type": "BRUTE_FORCE_15MIN",
  "ip": "203.0.113.27",
  "attempt_count": 4,
  "window_minutes": 9,
  "first_attempt": "2025-11-01T09:00:00",
  "last_attempt": "2025-11-01T09:09:00",
  "log_lines": [
    7,
    15,
    4,
    6
  ],
  "severity": "CRITICAL",
  "recommendation": "BLOCK IP + INVESTIGATE"
}
2025-11-20 17:10:01,591 | INFO | === EMAIL ALERTS MODULE STARTED ===
2025-11-20 17:10:01,595 | WARNING | ALERT: 203.0.113.27 → 4 attempts
2025-11-20 17:10:16,034 | INFO | EMAIL SENT: 1 alert(s) to cyberlootkeeper@gmail.com
2025-11-20 17:15:01,165 | INFO | === BRUTE-FORCE DETECTOR STARTED ===
2025-11-20 17:15:01,166 | INFO | Config: {'log_file': 'month1/fake_auth.log', 'output_file': 'month1/alerts.json', 'threshold_count': 3, 'time_window_minutes': 15, 'log_level': 'INFO', 'alert_title': 'BRUTE_FORCE_15MIN', 'smtp_server': 'smtp.gmail.com', 'smtp_port': 587, 'email_from': 'suleephraim1@gmail.com', 'email_to': 'cyberlootkeeper@gmail.com', 'email_password': 'uwijddtfwdtmmony'}
2025-11-20 17:15:01,170 | INFO | Parsed 5 failed logins
2025-11-20 17:15:01,170 | WARNING | ALERT: 203.0.113.27 → 4 attempts in window
2025-11-20 17:15:01,170 | INFO | Exported 1 alert(s) to month1/alerts.json
2025-11-20 17:15:01,170 | INFO | Sample: {
  "alert_type": "BRUTE_FORCE_15MIN",
  "ip": "203.0.113.27",
  "attempt_count": 4,
  "window_minutes": 9,
  "first_attempt": "2025-11-01T09:00:00",
  "last_attempt": "2025-11-01T09:09:00",
  "log_lines": [
    7,
    15,
    4,
    6
  ],
  "severity": "CRITICAL",
  "recommendation": "BLOCK IP + INVESTIGATE"
}
2025-11-20 17:15:01,233 | INFO | === EMAIL ALERTS MODULE STARTED ===
2025-11-20 17:15:01,235 | WARNING | ALERT: 203.0.113.27 → 4 attempts
2025-11-20 17:15:28,777 | INFO | EMAIL SENT: 1 alert(s) to cyberlootkeeper@gmail.com
2025-11-20 17:20:01,893 | INFO | === BRUTE-FORCE DETECTOR STARTED ===
2025-11-20 17:20:01,893 | INFO | Config: {'log_file': 'month1/fake_auth.log', 'output_file': 'month1/alerts.json', 'threshold_count': 3, 'time_window_minutes': 15, 'log_level': 'INFO', 'alert_title': 'BRUTE_FORCE_15MIN', 'smtp_server': 'smtp.gmail.com', 'smtp_port': 587, 'email_from': 'suleephraim1@gmail.com', 'email_to': 'cyberlootkeeper@gmail.com', 'email_password': 'uwijddtfwdtmmony'}
2025-11-20 17:20:01,897 | INFO | Parsed 5 failed logins
2025-11-20 17:20:01,897 | WARNING | ALERT: 203.0.113.27 → 4 attempts in window
2025-11-20 17:20:01,898 | INFO | Exported 1 alert(s) to month1/alerts.json
2025-11-20 17:20:01,898 | INFO | Sample: {
  "alert_type": "BRUTE_FORCE_15MIN",
  "ip": "203.0.113.27",
  "attempt_count": 4,
  "window_minutes": 9,
  "first_attempt": "2025-11-01T09:00:00",
  "last_attempt": "2025-11-01T09:09:00",
  "log_lines": [
    7,
    15,
    4,
    6
  ],
  "severity": "CRITICAL",
  "recommendation": "BLOCK IP + INVESTIGATE"
}
2025-11-20 17:20:01,960 | INFO | === EMAIL ALERTS MODULE STARTED ===
2025-11-20 17:20:01,962 | WARNING | ALERT: 203.0.113.27 → 4 attempts
2025-11-20 17:20:12,285 | INFO | EMAIL SENT: 1 alert(s) to cyberlootkeeper@gmail.com
2025-11-20 17:25:01,385 | INFO | === BRUTE-FORCE DETECTOR STARTED ===
2025-11-20 17:25:01,385 | INFO | Config: {'log_file': 'month1/fake_auth.log', 'output_file': 'month1/alerts.json', 'threshold_count': 3, 'time_window_minutes': 15, 'log_level': 'INFO', 'alert_title': 'BRUTE_FORCE_15MIN', 'smtp_server': 'smtp.gmail.com', 'smtp_port': 587, 'email_from': 'suleephraim1@gmail.com', 'email_to': 'cyberlootkeeper@gmail.com', 'email_password': 'uwijddtfwdtmmony'}
2025-11-20 17:25:01,389 | INFO | Parsed 5 failed logins
2025-11-20 17:25:01,389 | WARNING | ALERT: 203.0.113.27 → 4 attempts in window
2025-11-20 17:25:01,389 | INFO | Exported 1 alert(s) to month1/alerts.json
2025-11-20 17:25:01,389 | INFO | Sample: {
  "alert_type": "BRUTE_FORCE_15MIN",
  "ip": "203.0.113.27",
  "attempt_count": 4,
  "window_minutes": 9,
  "first_attempt": "2025-11-01T09:00:00",
  "last_attempt": "2025-11-01T09:09:00",
  "log_lines": [
    7,
    15,
    4,
    6
  ],
  "severity": "CRITICAL",
  "recommendation": "BLOCK IP + INVESTIGATE"
}
2025-11-20 17:25:01,455 | INFO | === EMAIL ALERTS MODULE STARTED ===
2025-11-20 17:25:01,456 | WARNING | ALERT: 203.0.113.27 → 4 attempts
2025-11-20 17:25:12,568 | INFO | EMAIL SENT: 1 alert(s) to cyberlootkeeper@gmail.com
2025-11-20 17:30:01,691 | INFO | === BRUTE-FORCE DETECTOR STARTED ===
2025-11-20 17:30:01,691 | INFO | Config: {'log_file': 'month1/fake_auth.log', 'output_file': 'month1/alerts.json', 'threshold_count': 3, 'time_window_minutes': 15, 'log_level': 'INFO', 'alert_title': 'BRUTE_FORCE_15MIN', 'smtp_server': 'smtp.gmail.com', 'smtp_port': 587, 'email_from': 'suleephraim1@gmail.com', 'email_to': 'cyberlootkeeper@gmail.com', 'email_password': 'uwijddtfwdtmmony'}
2025-11-20 17:30:01,697 | INFO | Parsed 5 failed logins
2025-11-20 17:30:01,697 | WARNING | ALERT: 203.0.113.27 → 4 attempts in window
2025-11-20 17:30:01,698 | INFO | Exported 1 alert(s) to month1/alerts.json
2025-11-20 17:30:01,698 | INFO | Sample: {
  "alert_type": "BRUTE_FORCE_15MIN",
  "ip": "203.0.113.27",
  "attempt_count": 4,
  "window_minutes": 9,
  "first_attempt": "2025-11-01T09:00:00",
  "last_attempt": "2025-11-01T09:09:00",
  "log_lines": [
    7,
    15,
    4,
    6
  ],
  "severity": "CRITICAL",
  "recommendation": "BLOCK IP + INVESTIGATE"
}
2025-11-20 17:30:01,763 | INFO | === EMAIL ALERTS MODULE STARTED ===
2025-11-20 17:30:01,765 | WARNING | ALERT: 203.0.113.27 → 4 attempts
2025-11-20 17:30:27,149 | INFO | EMAIL SENT: 1 alert(s) to cyberlootkeeper@gmail.com
2025-11-20 17:35:01,248 | INFO | === BRUTE-FORCE DETECTOR STARTED ===
2025-11-20 17:35:01,248 | INFO | Config: {'log_file': 'month1/fake_auth.log', 'output_file': 'month1/alerts.json', 'threshold_count': 3, 'time_window_minutes': 15, 'log_level': 'INFO', 'alert_title': 'BRUTE_FORCE_15MIN', 'smtp_server': 'smtp.gmail.com', 'smtp_port': 587, 'email_from': 'suleephraim1@gmail.com', 'email_to': 'cyberlootkeeper@gmail.com', 'email_password': 'uwijddtfwdtmmony'}
2025-11-20 17:35:01,252 | INFO | Parsed 5 failed logins
2025-11-20 17:35:01,252 | WARNING | ALERT: 203.0.113.27 → 4 attempts in window
2025-11-20 17:35:01,253 | INFO | Exported 1 alert(s) to month1/alerts.json
2025-11-20 17:35:01,253 | INFO | Sample: {
  "alert_type": "BRUTE_FORCE_15MIN",
  "ip": "203.0.113.27",
  "attempt_count": 4,
  "window_minutes": 9,
  "first_attempt": "2025-11-01T09:00:00",
  "last_attempt": "2025-11-01T09:09:00",
  "log_lines": [
    7,
    15,
    4,
    6
  ],
  "severity": "CRITICAL",
  "recommendation": "BLOCK IP + INVESTIGATE"
}
2025-11-20 17:35:01,319 | INFO | === EMAIL ALERTS MODULE STARTED ===
2025-11-20 17:35:01,321 | WARNING | ALERT: 203.0.113.27 → 4 attempts
2025-11-20 17:35:07,309 | INFO | EMAIL SENT: 1 alert(s) to cyberlootkeeper@gmail.com
2025-11-20 17:40:01,422 | INFO | === BRUTE-FORCE DETECTOR STARTED ===
2025-11-20 17:40:01,422 | INFO | Config: {'log_file': 'month1/fake_auth.log', 'output_file': 'month1/alerts.json', 'threshold_count': 3, 'time_window_minutes': 15, 'log_level': 'INFO', 'alert_title': 'BRUTE_FORCE_15MIN', 'smtp_server': 'smtp.gmail.com', 'smtp_port': 587, 'email_from': 'suleephraim1@gmail.com', 'email_to': 'cyberlootkeeper@gmail.com', 'email_password': 'uwijddtfwdtmmony'}
2025-11-20 17:40:01,426 | INFO | Parsed 5 failed logins
2025-11-20 17:40:01,426 | WARNING | ALERT: 203.0.113.27 → 4 attempts in window
2025-11-20 17:40:01,427 | INFO | Exported 1 alert(s) to month1/alerts.json
2025-11-20 17:40:01,427 | INFO | Sample: {
  "alert_type": "BRUTE_FORCE_15MIN",
  "ip": "203.0.113.27",
  "attempt_count": 4,
  "window_minutes": 9,
  "first_attempt": "2025-11-01T09:00:00",
  "last_attempt": "2025-11-01T09:09:00",
  "log_lines": [
    7,
    15,
    4,
    6
  ],
  "severity": "CRITICAL",
  "recommendation": "BLOCK IP + INVESTIGATE"
}
2025-11-20 17:40:01,492 | INFO | === EMAIL ALERTS MODULE STARTED ===
2025-11-20 17:40:01,493 | WARNING | ALERT: 203.0.113.27 → 4 attempts
2025-11-20 17:40:21,168 | INFO | EMAIL SENT: 1 alert(s) to cyberlootkeeper@gmail.com
2025-11-20 17:45:01,269 | INFO | === BRUTE-FORCE DETECTOR STARTED ===
2025-11-20 17:45:01,269 | INFO | Config: {'log_file': 'month1/fake_auth.log', 'output_file': 'month1/alerts.json', 'threshold_count': 3, 'time_window_minutes': 15, 'log_level': 'INFO', 'alert_title': 'BRUTE_FORCE_15MIN', 'smtp_server': 'smtp.gmail.com', 'smtp_port': 587, 'email_from': 'suleephraim1@gmail.com', 'email_to': 'cyberlootkeeper@gmail.com', 'email_password': 'uwijddtfwdtmmony'}
2025-11-20 17:45:01,273 | INFO | Parsed 5 failed logins
2025-11-20 17:45:01,273 | WARNING | ALERT: 203.0.113.27 → 4 attempts in window
2025-11-20 17:45:01,273 | INFO | Exported 1 alert(s) to month1/alerts.json
2025-11-20 17:45:01,273 | INFO | Sample: {
  "alert_type": "BRUTE_FORCE_15MIN",
  "ip": "203.0.113.27",
  "attempt_count": 4,
  "window_minutes": 9,
  "first_attempt": "2025-11-01T09:00:00",
  "last_attempt": "2025-11-01T09:09:00",
  "log_lines": [
    7,
    15,
    4,
    6
  ],
  "severity": "CRITICAL",
  "recommendation": "BLOCK IP + INVESTIGATE"
}
2025-11-20 17:45:01,336 | INFO | === EMAIL ALERTS MODULE STARTED ===
2025-11-20 17:45:01,337 | WARNING | ALERT: 203.0.113.27 → 4 attempts
2025-11-20 17:45:30,009 | INFO | EMAIL SENT: 1 alert(s) to cyberlootkeeper@gmail.com
2025-11-20 17:50:01,115 | INFO | === BRUTE-FORCE DETECTOR STARTED ===
2025-11-20 17:50:01,115 | INFO | Config: {'log_file': 'month1/fake_auth.log', 'output_file': 'month1/alerts.json', 'threshold_count': 3, 'time_window_minutes': 15, 'log_level': 'INFO', 'alert_title': 'BRUTE_FORCE_15MIN', 'smtp_server': 'smtp.gmail.com', 'smtp_port': 587, 'email_from': 'suleephraim1@gmail.com', 'email_to': 'cyberlootkeeper@gmail.com', 'email_password': 'uwijddtfwdtmmony'}
2025-11-20 17:50:01,119 | INFO | Parsed 5 failed logins
2025-11-20 17:50:01,119 | WARNING | ALERT: 203.0.113.27 → 4 attempts in window
2025-11-20 17:50:01,119 | INFO | Exported 1 alert(s) to month1/alerts.json
2025-11-20 17:50:01,119 | INFO | Sample: {
  "alert_type": "BRUTE_FORCE_15MIN",
  "ip": "203.0.113.27",
  "attempt_count": 4,
  "window_minutes": 9,
  "first_attempt": "2025-11-01T09:00:00",
  "last_attempt": "2025-11-01T09:09:00",
  "log_lines": [
    7,
    15,
    4,
    6
  ],
  "severity": "CRITICAL",
  "recommendation": "BLOCK IP + INVESTIGATE"
}
2025-11-20 17:50:01,187 | INFO | === EMAIL ALERTS MODULE STARTED ===
2025-11-20 17:50:01,189 | WARNING | ALERT: 203.0.113.27 → 4 attempts
2025-11-20 17:50:06,594 | INFO | EMAIL SENT: 1 alert(s) to cyberlootkeeper@gmail.com
2025-11-20 17:55:01,689 | INFO | === BRUTE-FORCE DETECTOR STARTED ===
2025-11-20 17:55:01,689 | INFO | Config: {'log_file': 'month1/fake_auth.log', 'output_file': 'month1/alerts.json', 'threshold_count': 3, 'time_window_minutes': 15, 'log_level': 'INFO', 'alert_title': 'BRUTE_FORCE_15MIN', 'smtp_server': 'smtp.gmail.com', 'smtp_port': 587, 'email_from': 'suleephraim1@gmail.com', 'email_to': 'cyberlootkeeper@gmail.com', 'email_password': 'uwijddtfwdtmmony'}
2025-11-20 17:55:01,693 | INFO | Parsed 5 failed logins
2025-11-20 17:55:01,693 | WARNING | ALERT: 203.0.113.27 → 4 attempts in window
2025-11-20 17:55:01,694 | INFO | Exported 1 alert(s) to month1/alerts.json
2025-11-20 17:55:01,694 | INFO | Sample: {
  "alert_type": "BRUTE_FORCE_15MIN",
  "ip": "203.0.113.27",
  "attempt_count": 4,
  "window_minutes": 9,
  "first_attempt": "2025-11-01T09:00:00",
  "last_attempt": "2025-11-01T09:09:00",
  "log_lines": [
    7,
    15,
    4,
    6
  ],
  "severity": "CRITICAL",
  "recommendation": "BLOCK IP + INVESTIGATE"
}
2025-11-20 17:55:01,757 | INFO | === EMAIL ALERTS MODULE STARTED ===
2025-11-20 17:55:01,759 | WARNING | ALERT: 203.0.113.27 → 4 attempts
2025-11-20 17:55:11,135 | INFO | EMAIL SENT: 1 alert(s) to cyberlootkeeper@gmail.com
2025-11-20 18:00:01,276 | INFO | === BRUTE-FORCE DETECTOR STARTED ===
2025-11-20 18:00:01,277 | INFO | Config: {'log_file': 'month1/fake_auth.log', 'output_file': 'month1/alerts.json', 'threshold_count': 3, 'time_window_minutes': 15, 'log_level': 'INFO', 'alert_title': 'BRUTE_FORCE_15MIN', 'smtp_server': 'smtp.gmail.com', 'smtp_port': 587, 'email_from': 'suleephraim1@gmail.com', 'email_to': 'cyberlootkeeper@gmail.com', 'email_password': 'uwijddtfwdtmmony'}
2025-11-20 18:00:01,281 | INFO | Parsed 5 failed logins
2025-11-20 18:00:01,281 | WARNING | ALERT: 203.0.113.27 → 4 attempts in window
2025-11-20 18:00:01,281 | INFO | Exported 1 alert(s) to month1/alerts.json
2025-11-20 18:00:01,281 | INFO | Sample: {
  "alert_type": "BRUTE_FORCE_15MIN",
  "ip": "203.0.113.27",
  "attempt_count": 4,
  "window_minutes": 9,
  "first_attempt": "2025-11-01T09:00:00",
  "last_attempt": "2025-11-01T09:09:00",
  "log_lines": [
    7,
    15,
    4,
    6
  ],
  "severity": "CRITICAL",
  "recommendation": "BLOCK IP + INVESTIGATE"
}
2025-11-20 18:00:01,346 | INFO | === EMAIL ALERTS MODULE STARTED ===
2025-11-20 18:00:01,347 | WARNING | ALERT: 203.0.113.27 → 4 attempts
2025-11-20 18:00:16,775 | INFO | EMAIL SENT: 1 alert(s) to cyberlootkeeper@gmail.com
2025-11-20 18:05:01,888 | INFO | === BRUTE-FORCE DETECTOR STARTED ===
2025-11-20 18:05:01,888 | INFO | Config: {'log_file': 'month1/fake_auth.log', 'output_file': 'month1/alerts.json', 'threshold_count': 3, 'time_window_minutes': 15, 'log_level': 'INFO', 'alert_title': 'BRUTE_FORCE_15MIN', 'smtp_server': 'smtp.gmail.com', 'smtp_port': 587, 'email_from': 'suleephraim1@gmail.com', 'email_to': 'cyberlootkeeper@gmail.com', 'email_password': 'uwijddtfwdtmmony'}
2025-11-20 18:05:01,893 | INFO | Parsed 5 failed logins
2025-11-20 18:05:01,893 | WARNING | ALERT: 203.0.113.27 → 4 attempts in window
2025-11-20 18:05:01,893 | INFO | Exported 1 alert(s) to month1/alerts.json
2025-11-20 18:05:01,894 | INFO | Sample: {
  "alert_type": "BRUTE_FORCE_15MIN",
  "ip": "203.0.113.27",
  "attempt_count": 4,
  "window_minutes": 9,
  "first_attempt": "2025-11-01T09:00:00",
  "last_attempt": "2025-11-01T09:09:00",
  "log_lines": [
    7,
    15,
    4,
    6
  ],
  "severity": "CRITICAL",
  "recommendation": "BLOCK IP + INVESTIGATE"
}
2025-11-20 18:05:01,973 | INFO | === EMAIL ALERTS MODULE STARTED ===
2025-11-20 18:05:01,975 | WARNING | ALERT: 203.0.113.27 → 4 attempts
2025-11-20 18:05:26,118 | INFO | EMAIL SENT: 1 alert(s) to cyberlootkeeper@gmail.com
2025-11-20 18:10:01,238 | INFO | === BRUTE-FORCE DETECTOR STARTED ===
2025-11-20 18:10:01,238 | INFO | Config: {'log_file': 'month1/fake_auth.log', 'output_file': 'month1/alerts.json', 'threshold_count': 3, 'time_window_minutes': 15, 'log_level': 'INFO', 'alert_title': 'BRUTE_FORCE_15MIN', 'smtp_server': 'smtp.gmail.com', 'smtp_port': 587, 'email_from': 'suleephraim1@gmail.com', 'email_to': 'cyberlootkeeper@gmail.com', 'email_password': 'uwijddtfwdtmmony'}
2025-11-20 18:10:01,242 | INFO | Parsed 5 failed logins
2025-11-20 18:10:01,242 | WARNING | ALERT: 203.0.113.27 → 4 attempts in window
2025-11-20 18:10:01,242 | INFO | Exported 1 alert(s) to month1/alerts.json
2025-11-20 18:10:01,243 | INFO | Sample: {
  "alert_type": "BRUTE_FORCE_15MIN",
  "ip": "203.0.113.27",
  "attempt_count": 4,
  "window_minutes": 9,
  "first_attempt": "2025-11-01T09:00:00",
  "last_attempt": "2025-11-01T09:09:00",
  "log_lines": [
    7,
    15,
    4,
    6
  ],
  "severity": "CRITICAL",
  "recommendation": "BLOCK IP + INVESTIGATE"
}
2025-11-20 18:10:01,305 | INFO | === EMAIL ALERTS MODULE STARTED ===
2025-11-20 18:10:01,307 | WARNING | ALERT: 203.0.113.27 → 4 attempts
2025-11-20 18:10:06,109 | INFO | EMAIL SENT: 1 alert(s) to cyberlootkeeper@gmail.com
2025-11-20 18:15:01,210 | INFO | === BRUTE-FORCE DETECTOR STARTED ===
2025-11-20 18:15:01,210 | INFO | Config: {'log_file': 'month1/fake_auth.log', 'output_file': 'month1/alerts.json', 'threshold_count': 3, 'time_window_minutes': 15, 'log_level': 'INFO', 'alert_title': 'BRUTE_FORCE_15MIN', 'smtp_server': 'smtp.gmail.com', 'smtp_port': 587, 'email_from': 'suleephraim1@gmail.com', 'email_to': 'cyberlootkeeper@gmail.com', 'email_password': 'uwijddtfwdtmmony'}
2025-11-20 18:15:01,214 | INFO | Parsed 5 failed logins
2025-11-20 18:15:01,214 | WARNING | ALERT: 203.0.113.27 → 4 attempts in window
2025-11-20 18:15:01,215 | INFO | Exported 1 alert(s) to month1/alerts.json
2025-11-20 18:15:01,215 | INFO | Sample: {
  "alert_type": "BRUTE_FORCE_15MIN",
  "ip": "203.0.113.27",
  "attempt_count": 4,
  "window_minutes": 9,
  "first_attempt": "2025-11-01T09:00:00",
  "last_attempt": "2025-11-01T09:09:00",
  "log_lines": [
    7,
    15,
    4,
    6
  ],
  "severity": "CRITICAL",
  "recommendation": "BLOCK IP + INVESTIGATE"
}
2025-11-20 18:15:01,278 | INFO | === EMAIL ALERTS MODULE STARTED ===
2025-11-20 18:15:01,280 | WARNING | ALERT: 203.0.113.27 → 4 attempts
2025-11-20 18:15:20,946 | INFO | EMAIL SENT: 1 alert(s) to cyberlootkeeper@gmail.com
2025-11-20 18:20:02,067 | INFO | === BRUTE-FORCE DETECTOR STARTED ===
2025-11-20 18:20:02,068 | INFO | Config: {'log_file': 'month1/fake_auth.log', 'output_file': 'month1/alerts.json', 'threshold_count': 3, 'time_window_minutes': 15, 'log_level': 'INFO', 'alert_title': 'BRUTE_FORCE_15MIN', 'smtp_server': 'smtp.gmail.com', 'smtp_port': 587, 'email_from': 'suleephraim1@gmail.com', 'email_to': 'cyberlootkeeper@gmail.com', 'email_password': 'uwijddtfwdtmmony'}
2025-11-20 18:20:02,072 | INFO | Parsed 5 failed logins
2025-11-20 18:20:02,072 | WARNING | ALERT: 203.0.113.27 → 4 attempts in window
2025-11-20 18:20:02,072 | INFO | Exported 1 alert(s) to month1/alerts.json
2025-11-20 18:20:02,072 | INFO | Sample: {
  "alert_type": "BRUTE_FORCE_15MIN",
  "ip": "203.0.113.27",
  "attempt_count": 4,
  "window_minutes": 9,
  "first_attempt": "2025-11-01T09:00:00",
  "last_attempt": "2025-11-01T09:09:00",
  "log_lines": [
    7,
    15,
    4,
    6
  ],
  "severity": "CRITICAL",
  "recommendation": "BLOCK IP + INVESTIGATE"
}
2025-11-20 18:20:02,135 | INFO | === EMAIL ALERTS MODULE STARTED ===
2025-11-20 18:20:02,137 | WARNING | ALERT: 203.0.113.27 → 4 attempts
2025-11-20 18:20:21,382 | INFO | EMAIL SENT: 1 alert(s) to cyberlootkeeper@gmail.com
2025-11-20 18:25:01,481 | INFO | === BRUTE-FORCE DETECTOR STARTED ===
2025-11-20 18:25:01,481 | INFO | Config: {'log_file': 'month1/fake_auth.log', 'output_file': 'month1/alerts.json', 'threshold_count': 3, 'time_window_minutes': 15, 'log_level': 'INFO', 'alert_title': 'BRUTE_FORCE_15MIN', 'smtp_server': 'smtp.gmail.com', 'smtp_port': 587, 'email_from': 'suleephraim1@gmail.com', 'email_to': 'cyberlootkeeper@gmail.com', 'email_password': 'uwijddtfwdtmmony'}
2025-11-20 18:25:01,485 | INFO | Parsed 5 failed logins
2025-11-20 18:25:01,485 | WARNING | ALERT: 203.0.113.27 → 4 attempts in window
2025-11-20 18:25:01,486 | INFO | Exported 1 alert(s) to month1/alerts.json
2025-11-20 18:25:01,486 | INFO | Sample: {
  "alert_type": "BRUTE_FORCE_15MIN",
  "ip": "203.0.113.27",
  "attempt_count": 4,
  "window_minutes": 9,
  "first_attempt": "2025-11-01T09:00:00",
  "last_attempt": "2025-11-01T09:09:00",
  "log_lines": [
    7,
    15,
    4,
    6
  ],
  "severity": "CRITICAL",
  "recommendation": "BLOCK IP + INVESTIGATE"
}
2025-11-20 18:25:01,549 | INFO | === EMAIL ALERTS MODULE STARTED ===
2025-11-20 18:25:01,550 | WARNING | ALERT: 203.0.113.27 → 4 attempts
2025-11-20 18:25:06,358 | INFO | EMAIL SENT: 1 alert(s) to cyberlootkeeper@gmail.com
2025-11-20 18:30:01,471 | INFO | === BRUTE-FORCE DETECTOR STARTED ===
2025-11-20 18:30:01,471 | INFO | Config: {'log_file': 'month1/fake_auth.log', 'output_file': 'month1/alerts.json', 'threshold_count': 3, 'time_window_minutes': 15, 'log_level': 'INFO', 'alert_title': 'BRUTE_FORCE_15MIN', 'smtp_server': 'smtp.gmail.com', 'smtp_port': 587, 'email_from': 'suleephraim1@gmail.com', 'email_to': 'cyberlootkeeper@gmail.com', 'email_password': 'uwijddtfwdtmmony'}
2025-11-20 18:30:01,475 | INFO | Parsed 5 failed logins
2025-11-20 18:30:01,476 | WARNING | ALERT: 203.0.113.27 → 4 attempts in window
2025-11-20 18:30:01,476 | INFO | Exported 1 alert(s) to month1/alerts.json
2025-11-20 18:30:01,476 | INFO | Sample: {
  "alert_type": "BRUTE_FORCE_15MIN",
  "ip": "203.0.113.27",
  "attempt_count": 4,
  "window_minutes": 9,
  "first_attempt": "2025-11-01T09:00:00",
  "last_attempt": "2025-11-01T09:09:00",
  "log_lines": [
    7,
    15,
    4,
    6
  ],
  "severity": "CRITICAL",
  "recommendation": "BLOCK IP + INVESTIGATE"
}
2025-11-20 18:30:01,546 | INFO | === EMAIL ALERTS MODULE STARTED ===
2025-11-20 18:30:01,550 | WARNING | ALERT: 203.0.113.27 → 4 attempts
2025-11-20 18:30:06,980 | INFO | EMAIL SENT: 1 alert(s) to cyberlootkeeper@gmail.com
2025-11-20 18:33:37,582 | INFO | === BRUTE-FORCE DETECTOR STARTED ===
2025-11-20 18:33:37,582 | INFO | Config: {'log_file': 'month1/fake_auth.log', 'output_file': 'month1/alerts.json', 'threshold_count': 3, 'time_window_minutes': 15, 'log_level': 'INFO', 'alert_title': 'BRUTE_FORCE_15MIN', 'smtp_server': 'smtp.gmail.com', 'smtp_port': 587, 'email_from': 'suleephraim1@gmail.com', 'email_to': 'cyberlootkeeper@gmail.com', 'email_password': 'uwijddtfwdtmmony'}
2025-11-20 18:33:37,587 | INFO | Parsed 5 failed logins
2025-11-20 18:33:37,587 | WARNING | ALERT: 203.0.113.27 → 4 attempts in window
2025-11-20 18:33:37,588 | INFO | Exported 1 alert(s) to month1/alerts.json
2025-11-20 18:33:37,588 | INFO | Sample: {
  "alert_type": "BRUTE_FORCE_15MIN",
  "ip": "203.0.113.27",
  "attempt_count": 4,
  "window_minutes": 9,
  "first_attempt": "2025-11-01T09:00:00",
  "last_attempt": "2025-11-01T09:09:00",
  "log_lines": [
    7,
    15,
    4,
    6
  ],
  "severity": "CRITICAL",
  "recommendation": "BLOCK IP + INVESTIGATE"
}
2025-11-20 18:33:37,682 | INFO | === EMAIL ALERTS MODULE STARTED ===
2025-11-20 18:33:37,684 | WARNING | ALERT: 203.0.113.27 → 4 attempts
2025-11-20 18:34:02,110 | INFO | EMAIL SENT: 1 alert(s) to cyberlootkeeper@gmail.com
2025-11-20 18:35:01,093 | INFO | === BRUTE-FORCE DETECTOR STARTED ===
2025-11-20 18:35:01,094 | INFO | Config: {'log_file': 'month1/fake_auth.log', 'output_file': 'month1/alerts.json', 'threshold_count': 3, 'time_window_minutes': 15, 'log_level': 'INFO', 'alert_title': 'BRUTE_FORCE_15MIN', 'smtp_server': 'smtp.gmail.com', 'smtp_port': 587, 'email_from': 'suleephraim1@gmail.com', 'email_to': 'cyberlootkeeper@gmail.com', 'email_password': 'uwijddtfwdtmmony'}
2025-11-20 18:35:01,098 | INFO | Parsed 5 failed logins
2025-11-20 18:35:01,098 | WARNING | ALERT: 203.0.113.27 → 4 attempts in window
2025-11-20 18:35:01,098 | INFO | Exported 1 alert(s) to month1/alerts.json
2025-11-20 18:35:01,098 | INFO | Sample: {
  "alert_type": "BRUTE_FORCE_15MIN",
  "ip": "203.0.113.27",
  "attempt_count": 4,
  "window_minutes": 9,
  "first_attempt": "2025-11-01T09:00:00",
  "last_attempt": "2025-11-01T09:09:00",
  "log_lines": [
    7,
    15,
    4,
    6
  ],
  "severity": "CRITICAL",
  "recommendation": "BLOCK IP + INVESTIGATE"
}
2025-11-20 18:35:01,162 | INFO | === EMAIL ALERTS MODULE STARTED ===
2025-11-20 18:35:01,163 | WARNING | ALERT: 203.0.113.27 → 4 attempts
2025-11-20 18:35:11,753 | INFO | EMAIL SENT: 1 alert(s) to cyberlootkeeper@gmail.com
2025-11-20 18:40:01,909 | INFO | === BRUTE-FORCE DETECTOR STARTED ===
2025-11-20 18:40:01,909 | INFO | Config: {'log_file': 'month1/fake_auth.log', 'output_file': 'month1/alerts.json', 'threshold_count': 3, 'time_window_minutes': 15, 'log_level': 'INFO', 'alert_title': 'BRUTE_FORCE_15MIN', 'smtp_server': 'smtp.gmail.com', 'smtp_port': 587, 'email_from': 'suleephraim1@gmail.com', 'email_to': 'cyberlootkeeper@gmail.com', 'email_password': 'uwijddtfwdtmmony'}
2025-11-20 18:40:01,914 | INFO | Parsed 5 failed logins
2025-11-20 18:40:01,915 | WARNING | ALERT: 203.0.113.27 → 4 attempts in window
2025-11-20 18:40:01,915 | INFO | Exported 1 alert(s) to month1/alerts.json
2025-11-20 18:40:01,916 | INFO | Sample: {
  "alert_type": "BRUTE_FORCE_15MIN",
  "ip": "203.0.113.27",
  "attempt_count": 4,
  "window_minutes": 9,
  "first_attempt": "2025-11-01T09:00:00",
  "last_attempt": "2025-11-01T09:09:00",
  "log_lines": [
    7,
    15,
    4,
    6
  ],
  "severity": "CRITICAL",
  "recommendation": "BLOCK IP + INVESTIGATE"
}
2025-11-20 18:40:02,008 | INFO | === EMAIL ALERTS MODULE STARTED ===
2025-11-20 18:40:02,010 | WARNING | ALERT: 203.0.113.27 → 4 attempts
2025-11-20 18:40:22,512 | INFO | EMAIL SENT: 1 alert(s) to cyberlootkeeper@gmail.com
2025-11-20 18:45:01,633 | INFO | === BRUTE-FORCE DETECTOR STARTED ===
2025-11-20 18:45:01,633 | INFO | Config: {'log_file': 'month1/fake_auth.log', 'output_file': 'month1/alerts.json', 'threshold_count': 3, 'time_window_minutes': 15, 'log_level': 'INFO', 'alert_title': 'BRUTE_FORCE_15MIN', 'smtp_server': 'smtp.gmail.com', 'smtp_port': 587, 'email_from': 'suleephraim1@gmail.com', 'email_to': 'cyberlootkeeper@gmail.com', 'email_password': 'uwijddtfwdtmmony'}
2025-11-20 18:45:01,639 | INFO | Parsed 5 failed logins
2025-11-20 18:45:01,639 | WARNING | ALERT: 203.0.113.27 → 4 attempts in window
2025-11-20 18:45:01,640 | INFO | Exported 1 alert(s) to month1/alerts.json
2025-11-20 18:45:01,640 | INFO | Sample: {
  "alert_type": "BRUTE_FORCE_15MIN",
  "ip": "203.0.113.27",
  "attempt_count": 4,
  "window_minutes": 9,
  "first_attempt": "2025-11-01T09:00:00",
  "last_attempt": "2025-11-01T09:09:00",
  "log_lines": [
    7,
    15,
    4,
    6
  ],
  "severity": "CRITICAL",
  "recommendation": "BLOCK IP + INVESTIGATE"
}
2025-11-20 18:45:01,724 | INFO | === EMAIL ALERTS MODULE STARTED ===
2025-11-20 18:45:01,726 | WARNING | ALERT: 203.0.113.27 → 4 attempts
2025-11-20 18:50:01,958 | INFO | === BRUTE-FORCE DETECTOR STARTED ===
2025-11-20 18:50:01,958 | INFO | Config: {'log_file': 'month1/fake_auth.log', 'output_file': 'month1/alerts.json', 'threshold_count': 3, 'time_window_minutes': 15, 'log_level': 'INFO', 'alert_title': 'BRUTE_FORCE_15MIN', 'smtp_server': 'smtp.gmail.com', 'smtp_port': 587, 'email_from': 'suleephraim1@gmail.com', 'email_to': 'cyberlootkeeper@gmail.com', 'email_password': 'uwijddtfwdtmmony'}
2025-11-20 18:50:01,962 | INFO | Parsed 5 failed logins
2025-11-20 18:50:01,962 | WARNING | ALERT: 203.0.113.27 → 4 attempts in window
2025-11-20 18:50:01,962 | INFO | Exported 1 alert(s) to month1/alerts.json
2025-11-20 18:50:01,962 | INFO | Sample: {
  "alert_type": "BRUTE_FORCE_15MIN",
  "ip": "203.0.113.27",
  "attempt_count": 4,
  "window_minutes": 9,
  "first_attempt": "2025-11-01T09:00:00",
  "last_attempt": "2025-11-01T09:09:00",
  "log_lines": [
    7,
    15,
    4,
    6
  ],
  "severity": "CRITICAL",
  "recommendation": "BLOCK IP + INVESTIGATE"
}
2025-11-20 18:50:02,025 | INFO | === EMAIL ALERTS MODULE STARTED ===
2025-11-20 18:50:02,027 | WARNING | ALERT: 203.0.113.27 → 4 attempts
2025-11-20 18:55:01,202 | INFO | === BRUTE-FORCE DETECTOR STARTED ===
2025-11-20 18:55:01,202 | INFO | Config: {'log_file': 'month1/fake_auth.log', 'output_file': 'month1/alerts.json', 'threshold_count': 3, 'time_window_minutes': 15, 'log_level': 'INFO', 'alert_title': 'BRUTE_FORCE_15MIN', 'smtp_server': 'smtp.gmail.com', 'smtp_port': 587, 'email_from': 'suleephraim1@gmail.com', 'email_to': 'cyberlootkeeper@gmail.com', 'email_password': 'uwijddtfwdtmmony'}
2025-11-20 18:55:01,206 | INFO | Parsed 5 failed logins
2025-11-20 18:55:01,206 | WARNING | ALERT: 203.0.113.27 → 4 attempts in window
2025-11-20 18:55:01,206 | INFO | Exported 1 alert(s) to month1/alerts.json
2025-11-20 18:55:01,207 | INFO | Sample: {
  "alert_type": "BRUTE_FORCE_15MIN",
  "ip": "203.0.113.27",
  "attempt_count": 4,
  "window_minutes": 9,
  "first_attempt": "2025-11-01T09:00:00",
  "last_attempt": "2025-11-01T09:09:00",
  "log_lines": [
    7,
    15,
    4,
    6
  ],
  "severity": "CRITICAL",
  "recommendation": "BLOCK IP + INVESTIGATE"
}
2025-11-20 18:55:01,269 | INFO | === EMAIL ALERTS MODULE STARTED ===
2025-11-20 18:55:01,271 | WARNING | ALERT: 203.0.113.27 → 4 attempts
2025-11-20 18:55:06,517 | INFO | EMAIL SENT: 1 alert(s) to cyberlootkeeper@gmail.com
2025-11-20 19:00:01,628 | INFO | === BRUTE-FORCE DETECTOR STARTED ===
2025-11-20 19:00:01,628 | INFO | Config: {'log_file': 'month1/fake_auth.log', 'output_file': 'month1/alerts.json', 'threshold_count': 3, 'time_window_minutes': 15, 'log_level': 'INFO', 'alert_title': 'BRUTE_FORCE_15MIN', 'smtp_server': 'smtp.gmail.com', 'smtp_port': 587, 'email_from': 'suleephraim1@gmail.com', 'email_to': 'cyberlootkeeper@gmail.com', 'email_password': 'uwijddtfwdtmmony'}
2025-11-20 19:00:01,632 | INFO | Parsed 5 failed logins
2025-11-20 19:00:01,632 | WARNING | ALERT: 203.0.113.27 → 4 attempts in window
2025-11-20 19:00:01,633 | INFO | Exported 1 alert(s) to month1/alerts.json
2025-11-20 19:00:01,633 | INFO | Sample: {
  "alert_type": "BRUTE_FORCE_15MIN",
  "ip": "203.0.113.27",
  "attempt_count": 4,
  "window_minutes": 9,
  "first_attempt": "2025-11-01T09:00:00",
  "last_attempt": "2025-11-01T09:09:00",
  "log_lines": [
    7,
    15,
    4,
    6
  ],
  "severity": "CRITICAL",
  "recommendation": "BLOCK IP + INVESTIGATE"
}
2025-11-20 19:00:01,702 | INFO | === EMAIL ALERTS MODULE STARTED ===
2025-11-20 19:00:01,703 | WARNING | ALERT: 203.0.113.27 → 4 attempts
2025-11-20 19:00:08,553 | INFO | EMAIL SENT: 1 alert(s) to cyberlootkeeper@gmail.com
2025-11-20 19:02:20,743 | INFO | === BRUTE-FORCE DETECTOR STARTED ===
2025-11-20 19:02:20,743 | INFO | Config: {'log_file': 'month1/fake_auth.log', 'output_file': 'month1/alerts.json', 'threshold_count': 3, 'time_window_minutes': 15, 'log_level': 'INFO', 'alert_title': 'BRUTE_FORCE_15MIN', 'smtp_server': 'smtp.gmail.com', 'smtp_port': 587, 'email_from': 'suleephraim1@gmail.com', 'email_to': 'cyberlootkeeper@gmail.com', 'email_password': 'uwijddtfwdtmmony'}
2025-11-20 19:02:20,748 | INFO | Parsed 5 failed logins
2025-11-20 19:02:20,748 | WARNING | ALERT: 203.0.113.27 → 4 attempts in window
2025-11-20 19:02:20,748 | INFO | Exported 1 alert(s) to month1/alerts.json
2025-11-20 19:02:20,749 | INFO | Sample: {
  "alert_type": "BRUTE_FORCE_15MIN",
  "ip": "203.0.113.27",
  "attempt_count": 4,
  "window_minutes": 9,
  "first_attempt": "2025-11-01T09:00:00",
  "last_attempt": "2025-11-01T09:09:00",
  "log_lines": [
    7,
    15,
    4,
    6
  ],
  "severity": "CRITICAL",
  "recommendation": "BLOCK IP + INVESTIGATE"
}
2025-11-20 19:02:20,833 | INFO | === EMAIL ALERTS MODULE STARTED ===
2025-11-20 19:02:20,835 | WARNING | ALERT: 203.0.113.27 → 4 attempts
2025-11-20 19:02:26,202 | INFO | EMAIL SENT: 1 alert(s) to cyberlootkeeper@gmail.com
2025-11-20 19:02:32,742 | INFO | === BRUTE-FORCE DETECTOR STARTED ===
2025-11-20 19:02:32,742 | INFO | Config: {'log_file': 'month1/fake_auth.log', 'output_file': 'month1/alerts.json', 'threshold_count': 3, 'time_window_minutes': 15, 'log_level': 'INFO', 'alert_title': 'BRUTE_FORCE_15MIN', 'smtp_server': 'smtp.gmail.com', 'smtp_port': 587, 'email_from': 'suleephraim1@gmail.com', 'email_to': 'cyberlootkeeper@gmail.com', 'email_password': 'uwijddtfwdtmmony'}
2025-11-20 19:02:32,750 | INFO | Parsed 5 failed logins
2025-11-20 19:02:32,750 | WARNING | ALERT: 203.0.113.27 → 4 attempts in window
2025-11-20 19:02:32,750 | INFO | Exported 1 alert(s) to month1/alerts.json
2025-11-20 19:02:32,751 | INFO | Sample: {
  "alert_type": "BRUTE_FORCE_15MIN",
  "ip": "203.0.113.27",
  "attempt_count": 4,
  "window_minutes": 9,
  "first_attempt": "2025-11-01T09:00:00",
  "last_attempt": "2025-11-01T09:09:00",
  "log_lines": [
    7,
    15,
    4,
    6
  ],
  "severity": "CRITICAL",
  "recommendation": "BLOCK IP + INVESTIGATE"
}
2025-11-20 19:02:32,839 | INFO | === EMAIL ALERTS MODULE STARTED ===
2025-11-20 19:02:32,841 | WARNING | ALERT: 203.0.113.27 → 4 attempts
2025-11-20 19:02:43,918 | INFO | EMAIL SENT: 1 alert(s) to cyberlootkeeper@gmail.com
2025-11-20 19:05:01,651 | INFO | === BRUTE-FORCE DETECTOR STARTED ===
2025-11-20 19:05:01,651 | INFO | Config: {'log_file': 'month1/fake_auth.log', 'output_file': 'month1/alerts.json', 'threshold_count': 3, 'time_window_minutes': 15, 'log_level': 'INFO', 'alert_title': 'BRUTE_FORCE_15MIN', 'smtp_server': 'smtp.gmail.com', 'smtp_port': 587, 'email_from': 'suleephraim1@gmail.com', 'email_to': 'cyberlootkeeper@gmail.com', 'email_password': 'uwijddtfwdtmmony'}
2025-11-20 19:05:01,655 | INFO | Parsed 5 failed logins
2025-11-20 19:05:01,655 | WARNING | ALERT: 203.0.113.27 → 4 attempts in window
2025-11-20 19:05:01,656 | INFO | Exported 1 alert(s) to month1/alerts.json
2025-11-20 19:05:01,656 | INFO | Sample: {
  "alert_type": "BRUTE_FORCE_15MIN",
  "ip": "203.0.113.27",
  "attempt_count": 4,
  "window_minutes": 9,
  "first_attempt": "2025-11-01T09:00:00",
  "last_attempt": "2025-11-01T09:09:00",
  "log_lines": [
    7,
    15,
    4,
    6
  ],
  "severity": "CRITICAL",
  "recommendation": "BLOCK IP + INVESTIGATE"
}
2025-11-20 19:05:01,720 | INFO | === EMAIL ALERTS MODULE STARTED ===
2025-11-20 19:05:01,721 | WARNING | ALERT: 203.0.113.27 → 4 attempts
2025-11-20 19:05:07,686 | INFO | EMAIL SENT: 1 alert(s) to cyberlootkeeper@gmail.com
2025-11-21 14:40:02,171 | INFO | === BRUTE-FORCE DETECTOR STARTED ===
2025-11-21 14:40:02,212 | INFO | Config: {'log_file': 'month1/fake_auth.log', 'output_file': 'month1/alerts.json', 'threshold_count': 3, 'time_window_minutes': 15, 'log_level': 'INFO', 'alert_title': 'BRUTE_FORCE_15MIN', 'smtp_server': 'smtp.gmail.com', 'smtp_port': 587, 'email_from': 'suleephraim1@gmail.com', 'email_to': 'cyberlootkeeper@gmail.com', 'email_password': 'uwijddtfwdtmmony'}
2025-11-21 14:40:02,246 | INFO | Parsed 5 failed logins
2025-11-21 14:40:02,246 | WARNING | ALERT: 203.0.113.27 → 4 attempts in window
2025-11-21 14:40:02,263 | INFO | Exported 1 alert(s) to month1/alerts.json
2025-11-21 14:40:02,263 | INFO | Sample: {
  "alert_type": "BRUTE_FORCE_15MIN",
  "ip": "203.0.113.27",
  "attempt_count": 4,
  "window_minutes": 9,
  "first_attempt": "2025-11-01T09:00:00",
  "last_attempt": "2025-11-01T09:09:00",
  "log_lines": [
    7,
    15,
    4,
    6
  ],
  "severity": "CRITICAL",
  "recommendation": "BLOCK IP + INVESTIGATE"
}
2025-11-21 14:40:02,399 | INFO | === EMAIL ALERTS MODULE STARTED ===
2025-11-21 14:40:02,401 | WARNING | ALERT: 203.0.113.27 → 4 attempts
2025-11-21 14:40:05,908 | INFO | EMAIL SENT: 1 alert(s) to cyberlootkeeper@gmail.com
2025-11-21 14:45:02,006 | INFO | === BRUTE-FORCE DETECTOR STARTED ===
2025-11-21 14:45:02,006 | INFO | Config: {'log_file': 'month1/fake_auth.log', 'output_file': 'month1/alerts.json', 'threshold_count': 3, 'time_window_minutes': 15, 'log_level': 'INFO', 'alert_title': 'BRUTE_FORCE_15MIN', 'smtp_server': 'smtp.gmail.com', 'smtp_port': 587, 'email_from': 'suleephraim1@gmail.com', 'email_to': 'cyberlootkeeper@gmail.com', 'email_password': 'uwijddtfwdtmmony'}
2025-11-21 14:45:02,010 | INFO | Parsed 5 failed logins
2025-11-21 14:45:02,010 | WARNING | ALERT: 203.0.113.27 → 4 attempts in window
2025-11-21 14:45:02,011 | INFO | Exported 1 alert(s) to month1/alerts.json
2025-11-21 14:45:02,011 | INFO | Sample: {
  "alert_type": "BRUTE_FORCE_15MIN",
  "ip": "203.0.113.27",
  "attempt_count": 4,
  "window_minutes": 9,
  "first_attempt": "2025-11-01T09:00:00",
  "last_attempt": "2025-11-01T09:09:00",
  "log_lines": [
    7,
    15,
    4,
    6
  ],
  "severity": "CRITICAL",
  "recommendation": "BLOCK IP + INVESTIGATE"
}
2025-11-21 14:45:02,074 | INFO | === EMAIL ALERTS MODULE STARTED ===
2025-11-21 14:45:02,075 | WARNING | ALERT: 203.0.113.27 → 4 attempts
2025-11-21 14:45:06,521 | INFO | EMAIL SENT: 1 alert(s) to cyberlootkeeper@gmail.com
2025-11-21 14:50:01,634 | INFO | === BRUTE-FORCE DETECTOR STARTED ===
2025-11-21 14:50:01,634 | INFO | Config: {'log_file': 'month1/fake_auth.log', 'output_file': 'month1/alerts.json', 'threshold_count': 3, 'time_window_minutes': 15, 'log_level': 'INFO', 'alert_title': 'BRUTE_FORCE_15MIN', 'smtp_server': 'smtp.gmail.com', 'smtp_port': 587, 'email_from': 'suleephraim1@gmail.com', 'email_to': 'cyberlootkeeper@gmail.com', 'email_password': 'uwijddtfwdtmmony'}
2025-11-21 14:50:01,638 | INFO | Parsed 5 failed logins
2025-11-21 14:50:01,638 | WARNING | ALERT: 203.0.113.27 → 4 attempts in window
2025-11-21 14:50:01,639 | INFO | Exported 1 alert(s) to month1/alerts.json
2025-11-21 14:50:01,639 | INFO | Sample: {
  "alert_type": "BRUTE_FORCE_15MIN",
  "ip": "203.0.113.27",
  "attempt_count": 4,
  "window_minutes": 9,
  "first_attempt": "2025-11-01T09:00:00",
  "last_attempt": "2025-11-01T09:09:00",
  "log_lines": [
    7,
    15,
    4,
    6
  ],
  "severity": "CRITICAL",
  "recommendation": "BLOCK IP + INVESTIGATE"
}
2025-11-21 14:50:01,702 | INFO | === EMAIL ALERTS MODULE STARTED ===
2025-11-21 14:50:01,704 | WARNING | ALERT: 203.0.113.27 → 4 attempts
2025-11-21 14:50:07,218 | INFO | EMAIL SENT: 1 alert(s) to cyberlootkeeper@gmail.com
2025-11-21 14:55:01,313 | INFO | === BRUTE-FORCE DETECTOR STARTED ===
2025-11-21 14:55:01,313 | INFO | Config: {'log_file': 'month1/fake_auth.log', 'output_file': 'month1/alerts.json', 'threshold_count': 3, 'time_window_minutes': 15, 'log_level': 'INFO', 'alert_title': 'BRUTE_FORCE_15MIN', 'smtp_server': 'smtp.gmail.com', 'smtp_port': 587, 'email_from': 'suleephraim1@gmail.com', 'email_to': 'cyberlootkeeper@gmail.com', 'email_password': 'uwijddtfwdtmmony'}
2025-11-21 14:55:01,317 | INFO | Parsed 5 failed logins
2025-11-21 14:55:01,317 | WARNING | ALERT: 203.0.113.27 → 4 attempts in window
2025-11-21 14:55:01,318 | INFO | Exported 1 alert(s) to month1/alerts.json
2025-11-21 14:55:01,318 | INFO | Sample: {
  "alert_type": "BRUTE_FORCE_15MIN",
  "ip": "203.0.113.27",
  "attempt_count": 4,
  "window_minutes": 9,
  "first_attempt": "2025-11-01T09:00:00",
  "last_attempt": "2025-11-01T09:09:00",
  "log_lines": [
    7,
    15,
    4,
    6
  ],
  "severity": "CRITICAL",
  "recommendation": "BLOCK IP + INVESTIGATE"
}
2025-11-21 14:55:01,381 | INFO | === EMAIL ALERTS MODULE STARTED ===
2025-11-21 14:55:01,383 | WARNING | ALERT: 203.0.113.27 → 4 attempts
2025-11-21 14:55:22,003 | INFO | EMAIL SENT: 1 alert(s) to cyberlootkeeper@gmail.com
2025-11-21 15:00:01,116 | INFO | === BRUTE-FORCE DETECTOR STARTED ===
2025-11-21 15:00:01,116 | INFO | Config: {'log_file': 'month1/fake_auth.log', 'output_file': 'month1/alerts.json', 'threshold_count': 3, 'time_window_minutes': 15, 'log_level': 'INFO', 'alert_title': 'BRUTE_FORCE_15MIN', 'smtp_server': 'smtp.gmail.com', 'smtp_port': 587, 'email_from': 'suleephraim1@gmail.com', 'email_to': 'cyberlootkeeper@gmail.com', 'email_password': 'uwijddtfwdtmmony'}
2025-11-21 15:00:01,120 | INFO | Parsed 5 failed logins
2025-11-21 15:00:01,120 | WARNING | ALERT: 203.0.113.27 → 4 attempts in window
2025-11-21 15:00:01,120 | INFO | Exported 1 alert(s) to month1/alerts.json
2025-11-21 15:00:01,121 | INFO | Sample: {
  "alert_type": "BRUTE_FORCE_15MIN",
  "ip": "203.0.113.27",
  "attempt_count": 4,
  "window_minutes": 9,
  "first_attempt": "2025-11-01T09:00:00",
  "last_attempt": "2025-11-01T09:09:00",
  "log_lines": [
    7,
    15,
    4,
    6
  ],
  "severity": "CRITICAL",
  "recommendation": "BLOCK IP + INVESTIGATE"
}
2025-11-21 15:00:01,184 | INFO | === EMAIL ALERTS MODULE STARTED ===
2025-11-21 15:00:01,185 | WARNING | ALERT: 203.0.113.27 → 4 attempts
2025-11-21 15:00:05,118 | INFO | EMAIL SENT: 1 alert(s) to cyberlootkeeper@gmail.com
2025-11-21 15:05:01,248 | INFO | === BRUTE-FORCE DETECTOR STARTED ===
2025-11-21 15:05:01,248 | INFO | Config: {'log_file': 'month1/fake_auth.log', 'output_file': 'month1/alerts.json', 'threshold_count': 3, 'time_window_minutes': 15, 'log_level': 'INFO', 'alert_title': 'BRUTE_FORCE_15MIN', 'smtp_server': 'smtp.gmail.com', 'smtp_port': 587, 'email_from': 'suleephraim1@gmail.com', 'email_to': 'cyberlootkeeper@gmail.com', 'email_password': 'uwijddtfwdtmmony'}
2025-11-21 15:05:01,254 | INFO | Parsed 5 failed logins
2025-11-21 15:05:01,254 | WARNING | ALERT: 203.0.113.27 → 4 attempts in window
2025-11-21 15:05:01,255 | INFO | Exported 1 alert(s) to month1/alerts.json
2025-11-21 15:05:01,255 | INFO | Sample: {
  "alert_type": "BRUTE_FORCE_15MIN",
  "ip": "203.0.113.27",
  "attempt_count": 4,
  "window_minutes": 9,
  "first_attempt": "2025-11-01T09:00:00",
  "last_attempt": "2025-11-01T09:09:00",
  "log_lines": [
    7,
    15,
    4,
    6
  ],
  "severity": "CRITICAL",
  "recommendation": "BLOCK IP + INVESTIGATE"
}
2025-11-21 15:05:01,375 | INFO | === EMAIL ALERTS MODULE STARTED ===
2025-11-21 15:05:01,377 | WARNING | ALERT: 203.0.113.27 → 4 attempts
2025-11-21 15:05:07,122 | INFO | EMAIL SENT: 1 alert(s) to cyberlootkeeper@gmail.com
2025-11-21 15:10:01,262 | INFO | === BRUTE-FORCE DETECTOR STARTED ===
2025-11-21 15:10:01,263 | INFO | Config: {'log_file': 'month1/fake_auth.log', 'output_file': 'month1/alerts.json', 'threshold_count': 3, 'time_window_minutes': 15, 'log_level': 'INFO', 'alert_title': 'BRUTE_FORCE_15MIN', 'smtp_server': 'smtp.gmail.com', 'smtp_port': 587, 'email_from': 'suleephraim1@gmail.com', 'email_to': 'cyberlootkeeper@gmail.com', 'email_password': 'uwijddtfwdtmmony'}
2025-11-21 15:10:01,267 | INFO | Parsed 5 failed logins
2025-11-21 15:10:01,267 | WARNING | ALERT: 203.0.113.27 → 4 attempts in window
2025-11-21 15:10:01,267 | INFO | Exported 1 alert(s) to month1/alerts.json
2025-11-21 15:10:01,268 | INFO | Sample: {
  "alert_type": "BRUTE_FORCE_15MIN",
  "ip": "203.0.113.27",
  "attempt_count": 4,
  "window_minutes": 9,
  "first_attempt": "2025-11-01T09:00:00",
  "last_attempt": "2025-11-01T09:09:00",
  "log_lines": [
    7,
    15,
    4,
    6
  ],
  "severity": "CRITICAL",
  "recommendation": "BLOCK IP + INVESTIGATE"
}
2025-11-21 15:10:01,336 | INFO | === EMAIL ALERTS MODULE STARTED ===
2025-11-21 15:10:01,338 | WARNING | ALERT: 203.0.113.27 → 4 attempts
2025-11-21 15:15:01,573 | INFO | === BRUTE-FORCE DETECTOR STARTED ===
2025-11-21 15:15:01,573 | INFO | Config: {'log_file': 'month1/fake_auth.log', 'output_file': 'month1/alerts.json', 'threshold_count': 3, 'time_window_minutes': 15, 'log_level': 'INFO', 'alert_title': 'BRUTE_FORCE_15MIN', 'smtp_server': 'smtp.gmail.com', 'smtp_port': 587, 'email_from': 'suleephraim1@gmail.com', 'email_to': 'cyberlootkeeper@gmail.com', 'email_password': 'uwijddtfwdtmmony'}
2025-11-21 15:15:01,577 | INFO | Parsed 5 failed logins
2025-11-21 15:15:01,577 | WARNING | ALERT: 203.0.113.27 → 4 attempts in window
2025-11-21 15:15:01,577 | INFO | Exported 1 alert(s) to month1/alerts.json
2025-11-21 15:15:01,577 | INFO | Sample: {
  "alert_type": "BRUTE_FORCE_15MIN",
  "ip": "203.0.113.27",
  "attempt_count": 4,
  "window_minutes": 9,
  "first_attempt": "2025-11-01T09:00:00",
  "last_attempt": "2025-11-01T09:09:00",
  "log_lines": [
    7,
    15,
    4,
    6
  ],
  "severity": "CRITICAL",
  "recommendation": "BLOCK IP + INVESTIGATE"
}
2025-11-21 15:15:01,643 | INFO | === EMAIL ALERTS MODULE STARTED ===
2025-11-21 15:15:01,645 | WARNING | ALERT: 203.0.113.27 → 4 attempts
2025-11-21 15:20:01,840 | INFO | === BRUTE-FORCE DETECTOR STARTED ===
2025-11-21 15:20:01,840 | INFO | Config: {'log_file': 'month1/fake_auth.log', 'output_file': 'month1/alerts.json', 'threshold_count': 3, 'time_window_minutes': 15, 'log_level': 'INFO', 'alert_title': 'BRUTE_FORCE_15MIN', 'smtp_server': 'smtp.gmail.com', 'smtp_port': 587, 'email_from': 'suleephraim1@gmail.com', 'email_to': 'cyberlootkeeper@gmail.com', 'email_password': 'uwijddtfwdtmmony'}
2025-11-21 15:20:01,844 | INFO | Parsed 5 failed logins
2025-11-21 15:20:01,844 | WARNING | ALERT: 203.0.113.27 → 4 attempts in window
2025-11-21 15:20:01,845 | INFO | Exported 1 alert(s) to month1/alerts.json
2025-11-21 15:20:01,845 | INFO | Sample: {
  "alert_type": "BRUTE_FORCE_15MIN",
  "ip": "203.0.113.27",
  "attempt_count": 4,
  "window_minutes": 9,
  "first_attempt": "2025-11-01T09:00:00",
  "last_attempt": "2025-11-01T09:09:00",
  "log_lines": [
    7,
    15,
    4,
    6
  ],
  "severity": "CRITICAL",
  "recommendation": "BLOCK IP + INVESTIGATE"
}
2025-11-21 15:20:01,910 | INFO | === EMAIL ALERTS MODULE STARTED ===
2025-11-21 15:20:01,912 | WARNING | ALERT: 203.0.113.27 → 4 attempts
2025-11-21 17:25:01,889 | INFO | === BRUTE-FORCE DETECTOR STARTED ===
2025-11-21 17:25:01,930 | INFO | Config: {'log_file': 'month1/fake_auth.log', 'output_file': 'month1/alerts.json', 'threshold_count': 3, 'time_window_minutes': 15, 'log_level': 'INFO', 'alert_title': 'BRUTE_FORCE_15MIN', 'smtp_server': 'smtp.gmail.com', 'smtp_port': 587, 'email_from': 'suleephraim1@gmail.com', 'email_to': 'cyberlootkeeper@gmail.com', 'email_password': 'uwijddtfwdtmmony'}
2025-11-21 17:25:01,962 | INFO | Parsed 5 failed logins
2025-11-21 17:25:01,963 | WARNING | ALERT: 203.0.113.27 → 4 attempts in window
2025-11-21 17:25:01,963 | INFO | Exported 1 alert(s) to month1/alerts.json
2025-11-21 17:25:01,963 | INFO | Sample: {
  "alert_type": "BRUTE_FORCE_15MIN",
  "ip": "203.0.113.27",
  "attempt_count": 4,
  "window_minutes": 9,
  "first_attempt": "2025-11-01T09:00:00",
  "last_attempt": "2025-11-01T09:09:00",
  "log_lines": [
    7,
    15,
    4,
    6
  ],
  "severity": "CRITICAL",
  "recommendation": "BLOCK IP + INVESTIGATE"
}
2025-11-21 17:25:02,095 | INFO | === EMAIL ALERTS MODULE STARTED ===
2025-11-21 17:25:02,096 | WARNING | ALERT: 203.0.113.27 → 4 attempts
2025-11-21 17:30:01,350 | INFO | === BRUTE-FORCE DETECTOR STARTED ===
2025-11-21 17:30:01,350 | INFO | Config: {'log_file': 'month1/fake_auth.log', 'output_file': 'month1/alerts.json', 'threshold_count': 3, 'time_window_minutes': 15, 'log_level': 'INFO', 'alert_title': 'BRUTE_FORCE_15MIN', 'smtp_server': 'smtp.gmail.com', 'smtp_port': 587, 'email_from': 'suleephraim1@gmail.com', 'email_to': 'cyberlootkeeper@gmail.com', 'email_password': 'uwijddtfwdtmmony'}
2025-11-21 17:30:01,354 | INFO | Parsed 5 failed logins
2025-11-21 17:30:01,354 | WARNING | ALERT: 203.0.113.27 → 4 attempts in window
2025-11-21 17:30:01,354 | INFO | Exported 1 alert(s) to month1/alerts.json
2025-11-21 17:30:01,355 | INFO | Sample: {
  "alert_type": "BRUTE_FORCE_15MIN",
  "ip": "203.0.113.27",
  "attempt_count": 4,
  "window_minutes": 9,
  "first_attempt": "2025-11-01T09:00:00",
  "last_attempt": "2025-11-01T09:09:00",
  "log_lines": [
    7,
    15,
    4,
    6
  ],
  "severity": "CRITICAL",
  "recommendation": "BLOCK IP + INVESTIGATE"
}
2025-11-21 17:30:01,419 | INFO | === EMAIL ALERTS MODULE STARTED ===
2025-11-21 17:30:01,421 | WARNING | ALERT: 203.0.113.27 → 4 attempts
2025-11-21 17:35:01,594 | INFO | === BRUTE-FORCE DETECTOR STARTED ===
2025-11-21 17:35:01,594 | INFO | Config: {'log_file': 'month1/fake_auth.log', 'output_file': 'month1/alerts.json', 'threshold_count': 3, 'time_window_minutes': 15, 'log_level': 'INFO', 'alert_title': 'BRUTE_FORCE_15MIN', 'smtp_server': 'smtp.gmail.com', 'smtp_port': 587, 'email_from': 'suleephraim1@gmail.com', 'email_to': 'cyberlootkeeper@gmail.com', 'email_password': 'uwijddtfwdtmmony'}
2025-11-21 17:35:01,598 | INFO | Parsed 5 failed logins
2025-11-21 17:35:01,598 | WARNING | ALERT: 203.0.113.27 → 4 attempts in window
2025-11-21 17:35:01,598 | INFO | Exported 1 alert(s) to month1/alerts.json
2025-11-21 17:35:01,598 | INFO | Sample: {
  "alert_type": "BRUTE_FORCE_15MIN",
  "ip": "203.0.113.27",
  "attempt_count": 4,
  "window_minutes": 9,
  "first_attempt": "2025-11-01T09:00:00",
  "last_attempt": "2025-11-01T09:09:00",
  "log_lines": [
    7,
    15,
    4,
    6
  ],
  "severity": "CRITICAL",
  "recommendation": "BLOCK IP + INVESTIGATE"
}
2025-11-21 17:35:01,662 | INFO | === EMAIL ALERTS MODULE STARTED ===
2025-11-21 17:35:01,664 | WARNING | ALERT: 203.0.113.27 → 4 attempts
2025-11-21 17:40:01,844 | INFO | === BRUTE-FORCE DETECTOR STARTED ===
2025-11-21 17:40:01,844 | INFO | Config: {'log_file': 'month1/fake_auth.log', 'output_file': 'month1/alerts.json', 'threshold_count': 3, 'time_window_minutes': 15, 'log_level': 'INFO', 'alert_title': 'BRUTE_FORCE_15MIN', 'smtp_server': 'smtp.gmail.com', 'smtp_port': 587, 'email_from': 'suleephraim1@gmail.com', 'email_to': 'cyberlootkeeper@gmail.com', 'email_password': 'uwijddtfwdtmmony'}
2025-11-21 17:40:01,848 | INFO | Parsed 5 failed logins
2025-11-21 17:40:01,848 | WARNING | ALERT: 203.0.113.27 → 4 attempts in window
2025-11-21 17:40:01,848 | INFO | Exported 1 alert(s) to month1/alerts.json
2025-11-21 17:40:01,848 | INFO | Sample: {
  "alert_type": "BRUTE_FORCE_15MIN",
  "ip": "203.0.113.27",
  "attempt_count": 4,
  "window_minutes": 9,
  "first_attempt": "2025-11-01T09:00:00",
  "last_attempt": "2025-11-01T09:09:00",
  "log_lines": [
    7,
    15,
    4,
    6
  ],
  "severity": "CRITICAL",
  "recommendation": "BLOCK IP + INVESTIGATE"
}
2025-11-21 17:40:01,910 | INFO | === EMAIL ALERTS MODULE STARTED ===
2025-11-21 17:40:01,912 | WARNING | ALERT: 203.0.113.27 → 4 attempts
2025-11-21 17:40:06,509 | INFO | EMAIL SENT: 1 alert(s) to cyberlootkeeper@gmail.com
2025-11-21 17:45:01,600 | INFO | === BRUTE-FORCE DETECTOR STARTED ===
2025-11-21 17:45:01,600 | INFO | Config: {'log_file': 'month1/fake_auth.log', 'output_file': 'month1/alerts.json', 'threshold_count': 3, 'time_window_minutes': 15, 'log_level': 'INFO', 'alert_title': 'BRUTE_FORCE_15MIN', 'smtp_server': 'smtp.gmail.com', 'smtp_port': 587, 'email_from': 'suleephraim1@gmail.com', 'email_to': 'cyberlootkeeper@gmail.com', 'email_password': 'uwijddtfwdtmmony'}
2025-11-21 17:45:01,604 | INFO | Parsed 5 failed logins
2025-11-21 17:45:01,605 | WARNING | ALERT: 203.0.113.27 → 4 attempts in window
2025-11-21 17:45:01,605 | INFO | Exported 1 alert(s) to month1/alerts.json
2025-11-21 17:45:01,605 | INFO | Sample: {
  "alert_type": "BRUTE_FORCE_15MIN",
  "ip": "203.0.113.27",
  "attempt_count": 4,
  "window_minutes": 9,
  "first_attempt": "2025-11-01T09:00:00",
  "last_attempt": "2025-11-01T09:09:00",
  "log_lines": [
    7,
    15,
    4,
    6
  ],
  "severity": "CRITICAL",
  "recommendation": "BLOCK IP + INVESTIGATE"
}
2025-11-21 17:45:01,668 | INFO | === EMAIL ALERTS MODULE STARTED ===
2025-11-21 17:45:01,669 | WARNING | ALERT: 203.0.113.27 → 4 attempts
2025-11-21 17:45:20,175 | INFO | EMAIL SENT: 1 alert(s) to cyberlootkeeper@gmail.com
2025-11-21 17:50:01,387 | INFO | === BRUTE-FORCE DETECTOR STARTED ===
2025-11-21 17:50:01,387 | INFO | Config: {'log_file': 'month1/fake_auth.log', 'output_file': 'month1/alerts.json', 'threshold_count': 3, 'time_window_minutes': 15, 'log_level': 'INFO', 'alert_title': 'BRUTE_FORCE_15MIN', 'smtp_server': 'smtp.gmail.com', 'smtp_port': 587, 'email_from': 'suleephraim1@gmail.com', 'email_to': 'cyberlootkeeper@gmail.com', 'email_password': 'uwijddtfwdtmmony'}
2025-11-21 17:50:01,396 | INFO | Parsed 5 failed logins
2025-11-21 17:50:01,397 | WARNING | ALERT: 203.0.113.27 → 4 attempts in window
2025-11-21 17:50:01,398 | INFO | Exported 1 alert(s) to month1/alerts.json
2025-11-21 17:50:01,398 | INFO | Sample: {
  "alert_type": "BRUTE_FORCE_15MIN",
  "ip": "203.0.113.27",
  "attempt_count": 4,
  "window_minutes": 9,
  "first_attempt": "2025-11-01T09:00:00",
  "last_attempt": "2025-11-01T09:09:00",
  "log_lines": [
    7,
    15,
    4,
    6
  ],
  "severity": "CRITICAL",
  "recommendation": "BLOCK IP + INVESTIGATE"
}
2025-11-21 17:50:01,537 | INFO | === EMAIL ALERTS MODULE STARTED ===
2025-11-21 17:50:01,540 | WARNING | ALERT: 203.0.113.27 → 4 attempts
2025-11-21 17:50:22,137 | INFO | EMAIL SENT: 1 alert(s) to cyberlootkeeper@gmail.com
2025-11-21 17:55:01,240 | INFO | === BRUTE-FORCE DETECTOR STARTED ===
2025-11-21 17:55:01,240 | INFO | Config: {'log_file': 'month1/fake_auth.log', 'output_file': 'month1/alerts.json', 'threshold_count': 3, 'time_window_minutes': 15, 'log_level': 'INFO', 'alert_title': 'BRUTE_FORCE_15MIN', 'smtp_server': 'smtp.gmail.com', 'smtp_port': 587, 'email_from': 'suleephraim1@gmail.com', 'email_to': 'cyberlootkeeper@gmail.com', 'email_password': 'uwijddtfwdtmmony'}
2025-11-21 17:55:01,244 | INFO | Parsed 5 failed logins
2025-11-21 17:55:01,245 | WARNING | ALERT: 203.0.113.27 → 4 attempts in window
2025-11-21 17:55:01,245 | INFO | Exported 1 alert(s) to month1/alerts.json
2025-11-21 17:55:01,245 | INFO | Sample: {
  "alert_type": "BRUTE_FORCE_15MIN",
  "ip": "203.0.113.27",
  "attempt_count": 4,
  "window_minutes": 9,
  "first_attempt": "2025-11-01T09:00:00",
  "last_attempt": "2025-11-01T09:09:00",
  "log_lines": [
    7,
    15,
    4,
    6
  ],
  "severity": "CRITICAL",
  "recommendation": "BLOCK IP + INVESTIGATE"
}
2025-11-21 17:55:01,308 | INFO | === EMAIL ALERTS MODULE STARTED ===
2025-11-21 17:55:01,309 | WARNING | ALERT: 203.0.113.27 → 4 attempts
2025-11-21 17:55:29,974 | INFO | EMAIL SENT: 1 alert(s) to cyberlootkeeper@gmail.com
2025-11-21 18:00:01,102 | INFO | === BRUTE-FORCE DETECTOR STARTED ===
2025-11-21 18:00:01,102 | INFO | Config: {'log_file': 'month1/fake_auth.log', 'output_file': 'month1/alerts.json', 'threshold_count': 3, 'time_window_minutes': 15, 'log_level': 'INFO', 'alert_title': 'BRUTE_FORCE_15MIN', 'smtp_server': 'smtp.gmail.com', 'smtp_port': 587, 'email_from': 'suleephraim1@gmail.com', 'email_to': 'cyberlootkeeper@gmail.com', 'email_password': 'uwijddtfwdtmmony'}
2025-11-21 18:00:01,106 | INFO | Parsed 5 failed logins
2025-11-21 18:00:01,107 | WARNING | ALERT: 203.0.113.27 → 4 attempts in window
2025-11-21 18:00:01,107 | INFO | Exported 1 alert(s) to month1/alerts.json
2025-11-21 18:00:01,107 | INFO | Sample: {
  "alert_type": "BRUTE_FORCE_15MIN",
  "ip": "203.0.113.27",
  "attempt_count": 4,
  "window_minutes": 9,
  "first_attempt": "2025-11-01T09:00:00",
  "last_attempt": "2025-11-01T09:09:00",
  "log_lines": [
    7,
    15,
    4,
    6
  ],
  "severity": "CRITICAL",
  "recommendation": "BLOCK IP + INVESTIGATE"
}
2025-11-21 18:00:01,185 | INFO | === EMAIL ALERTS MODULE STARTED ===
2025-11-21 18:00:01,187 | WARNING | ALERT: 203.0.113.27 → 4 attempts
2025-11-21 18:00:14,230 | INFO | EMAIL SENT: 1 alert(s) to cyberlootkeeper@gmail.com
2025-11-21 18:05:01,329 | INFO | === BRUTE-FORCE DETECTOR STARTED ===
2025-11-21 18:05:01,330 | INFO | Config: {'log_file': 'month1/fake_auth.log', 'output_file': 'month1/alerts.json', 'threshold_count': 3, 'time_window_minutes': 15, 'log_level': 'INFO', 'alert_title': 'BRUTE_FORCE_15MIN', 'smtp_server': 'smtp.gmail.com', 'smtp_port': 587, 'email_from': 'suleephraim1@gmail.com', 'email_to': 'cyberlootkeeper@gmail.com', 'email_password': 'uwijddtfwdtmmony'}
2025-11-21 18:05:01,334 | INFO | Parsed 5 failed logins
2025-11-21 18:05:01,334 | WARNING | ALERT: 203.0.113.27 → 4 attempts in window
2025-11-21 18:05:01,334 | INFO | Exported 1 alert(s) to month1/alerts.json
2025-11-21 18:05:01,334 | INFO | Sample: {
  "alert_type": "BRUTE_FORCE_15MIN",
  "ip": "203.0.113.27",
  "attempt_count": 4,
  "window_minutes": 9,
  "first_attempt": "2025-11-01T09:00:00",
  "last_attempt": "2025-11-01T09:09:00",
  "log_lines": [
    7,
    15,
    4,
    6
  ],
  "severity": "CRITICAL",
  "recommendation": "BLOCK IP + INVESTIGATE"
}
2025-11-21 18:05:01,399 | INFO | === EMAIL ALERTS MODULE STARTED ===
2025-11-21 18:05:01,401 | WARNING | ALERT: 203.0.113.27 → 4 attempts
2025-11-21 18:05:05,432 | INFO | EMAIL SENT: 1 alert(s) to cyberlootkeeper@gmail.com
2025-11-21 18:10:01,544 | INFO | === BRUTE-FORCE DETECTOR STARTED ===
2025-11-21 18:10:01,544 | INFO | Config: {'log_file': 'month1/fake_auth.log', 'output_file': 'month1/alerts.json', 'threshold_count': 3, 'time_window_minutes': 15, 'log_level': 'INFO', 'alert_title': 'BRUTE_FORCE_15MIN', 'smtp_server': 'smtp.gmail.com', 'smtp_port': 587, 'email_from': 'suleephraim1@gmail.com', 'email_to': 'cyberlootkeeper@gmail.com', 'email_password': 'uwijddtfwdtmmony'}
2025-11-21 18:10:01,548 | INFO | Parsed 5 failed logins
2025-11-21 18:10:01,548 | WARNING | ALERT: 203.0.113.27 → 4 attempts in window
2025-11-21 18:10:01,549 | INFO | Exported 1 alert(s) to month1/alerts.json
2025-11-21 18:10:01,549 | INFO | Sample: {
  "alert_type": "BRUTE_FORCE_15MIN",
  "ip": "203.0.113.27",
  "attempt_count": 4,
  "window_minutes": 9,
  "first_attempt": "2025-11-01T09:00:00",
  "last_attempt": "2025-11-01T09:09:00",
  "log_lines": [
    7,
    15,
    4,
    6
  ],
  "severity": "CRITICAL",
  "recommendation": "BLOCK IP + INVESTIGATE"
}
2025-11-21 18:10:01,612 | INFO | === EMAIL ALERTS MODULE STARTED ===
2025-11-21 18:10:01,614 | WARNING | ALERT: 203.0.113.27 → 4 attempts
2025-11-21 18:10:04,955 | INFO | EMAIL SENT: 1 alert(s) to cyberlootkeeper@gmail.com
2025-11-21 18:15:02,079 | INFO | === BRUTE-FORCE DETECTOR STARTED ===
2025-11-21 18:15:02,079 | INFO | Config: {'log_file': 'month1/fake_auth.log', 'output_file': 'month1/alerts.json', 'threshold_count': 3, 'time_window_minutes': 15, 'log_level': 'INFO', 'alert_title': 'BRUTE_FORCE_15MIN', 'smtp_server': 'smtp.gmail.com', 'smtp_port': 587, 'email_from': 'suleephraim1@gmail.com', 'email_to': 'cyberlootkeeper@gmail.com', 'email_password': 'uwijddtfwdtmmony'}
2025-11-21 18:15:02,084 | INFO | Parsed 5 failed logins
2025-11-21 18:15:02,084 | WARNING | ALERT: 203.0.113.27 → 4 attempts in window
2025-11-21 18:15:02,084 | INFO | Exported 1 alert(s) to month1/alerts.json
2025-11-21 18:15:02,085 | INFO | Sample: {
  "alert_type": "BRUTE_FORCE_15MIN",
  "ip": "203.0.113.27",
  "attempt_count": 4,
  "window_minutes": 9,
  "first_attempt": "2025-11-01T09:00:00",
  "last_attempt": "2025-11-01T09:09:00",
  "log_lines": [
    7,
    15,
    4,
    6
  ],
  "severity": "CRITICAL",
  "recommendation": "BLOCK IP + INVESTIGATE"
}
2025-11-21 18:15:02,173 | INFO | === EMAIL ALERTS MODULE STARTED ===
2025-11-21 18:15:02,175 | WARNING | ALERT: 203.0.113.27 → 4 attempts
2025-11-21 18:15:06,526 | INFO | EMAIL SENT: 1 alert(s) to cyberlootkeeper@gmail.com
2025-11-22 14:15:02,189 | INFO | === BRUTE-FORCE DETECTOR STARTED ===
2025-11-22 14:15:02,242 | INFO | Config: {'log_file': 'month1/fake_auth.log', 'output_file': 'month1/alerts.json', 'threshold_count': 3, 'time_window_minutes': 15, 'log_level': 'INFO', 'alert_title': 'BRUTE_FORCE_15MIN', 'smtp_server': 'smtp.gmail.com', 'smtp_port': 587, 'email_from': 'suleephraim1@gmail.com', 'email_to': 'cyberlootkeeper@gmail.com', 'email_password': 'uwijddtfwdtmmony'}
2025-11-22 14:15:02,280 | INFO | Parsed 5 failed logins
2025-11-22 14:15:02,281 | WARNING | ALERT: 203.0.113.27 → 4 attempts in window
2025-11-22 14:15:02,281 | INFO | Exported 1 alert(s) to month1/alerts.json
2025-11-22 14:15:02,282 | INFO | Sample: {
  "alert_type": "BRUTE_FORCE_15MIN",
  "ip": "203.0.113.27",
  "attempt_count": 4,
  "window_minutes": 9,
  "first_attempt": "2025-11-01T09:00:00",
  "last_attempt": "2025-11-01T09:09:00",
  "log_lines": [
    7,
    15,
    4,
    6
  ],
  "severity": "CRITICAL",
  "recommendation": "BLOCK IP + INVESTIGATE"
}
2025-11-22 14:15:02,420 | INFO | === EMAIL ALERTS MODULE STARTED ===
2025-11-22 14:15:02,422 | WARNING | ALERT: 203.0.113.27 → 4 attempts
2025-11-22 14:20:01,712 | INFO | === BRUTE-FORCE DETECTOR STARTED ===
2025-11-22 14:20:01,713 | INFO | Config: {'log_file': 'month1/fake_auth.log', 'output_file': 'month1/alerts.json', 'threshold_count': 3, 'time_window_minutes': 15, 'log_level': 'INFO', 'alert_title': 'BRUTE_FORCE_15MIN', 'smtp_server': 'smtp.gmail.com', 'smtp_port': 587, 'email_from': 'suleephraim1@gmail.com', 'email_to': 'cyberlootkeeper@gmail.com', 'email_password': 'uwijddtfwdtmmony'}
2025-11-22 14:20:01,717 | INFO | Parsed 5 failed logins
2025-11-22 14:20:01,717 | WARNING | ALERT: 203.0.113.27 → 4 attempts in window
2025-11-22 14:20:01,718 | INFO | Exported 1 alert(s) to month1/alerts.json
2025-11-22 14:20:01,718 | INFO | Sample: {
  "alert_type": "BRUTE_FORCE_15MIN",
  "ip": "203.0.113.27",
  "attempt_count": 4,
  "window_minutes": 9,
  "first_attempt": "2025-11-01T09:00:00",
  "last_attempt": "2025-11-01T09:09:00",
  "log_lines": [
    7,
    15,
    4,
    6
  ],
  "severity": "CRITICAL",
  "recommendation": "BLOCK IP + INVESTIGATE"
}
2025-11-22 14:20:01,781 | INFO | === EMAIL ALERTS MODULE STARTED ===
2025-11-22 14:20:01,782 | WARNING | ALERT: 203.0.113.27 → 4 attempts
2025-11-22 14:25:01,665 | INFO | === BRUTE-FORCE DETECTOR STARTED ===
2025-11-22 14:25:01,665 | INFO | Config: {'log_file': 'month1/fake_auth.log', 'output_file': 'month1/alerts.json', 'threshold_count': 3, 'time_window_minutes': 15, 'log_level': 'INFO', 'alert_title': 'BRUTE_FORCE_15MIN', 'smtp_server': 'smtp.gmail.com', 'smtp_port': 587, 'email_from': 'suleephraim1@gmail.com', 'email_to': 'cyberlootkeeper@gmail.com', 'email_password': 'uwijddtfwdtmmony'}
2025-11-22 14:25:01,670 | INFO | Parsed 5 failed logins
2025-11-22 14:25:01,670 | WARNING | ALERT: 203.0.113.27 → 4 attempts in window
2025-11-22 14:25:01,671 | INFO | Exported 1 alert(s) to month1/alerts.json
2025-11-22 14:25:01,671 | INFO | Sample: {
  "alert_type": "BRUTE_FORCE_15MIN",
  "ip": "203.0.113.27",
  "attempt_count": 4,
  "window_minutes": 9,
  "first_attempt": "2025-11-01T09:00:00",
  "last_attempt": "2025-11-01T09:09:00",
  "log_lines": [
    7,
    15,
    4,
    6
  ],
  "severity": "CRITICAL",
  "recommendation": "BLOCK IP + INVESTIGATE"
}
2025-11-22 14:25:01,761 | INFO | === EMAIL ALERTS MODULE STARTED ===
2025-11-22 14:25:01,764 | WARNING | ALERT: 203.0.113.27 → 4 attempts
2025-11-22 14:25:10,793 | INFO | EMAIL SENT: 1 alert(s) to cyberlootkeeper@gmail.com
2025-11-22 21:35:02,883 | INFO | === BRUTE-FORCE DETECTOR STARTED ===
2025-11-22 21:35:03,069 | INFO | Config: {'log_file': 'month1/fake_auth.log', 'output_file': 'month1/alerts.json', 'threshold_count': 3, 'time_window_minutes': 15, 'log_level': 'INFO', 'alert_title': 'BRUTE_FORCE_15MIN', 'smtp_server': 'smtp.gmail.com', 'smtp_port': 587, 'email_from': 'suleephraim1@gmail.com', 'email_to': 'cyberlootkeeper@gmail.com', 'email_password': 'uwijddtfwdtmmony'}
2025-11-22 21:35:03,292 | INFO | Parsed 5 failed logins
2025-11-22 21:35:03,292 | WARNING | ALERT: 203.0.113.27 → 4 attempts in window
2025-11-22 21:35:03,315 | INFO | Exported 1 alert(s) to month1/alerts.json
2025-11-22 21:35:03,315 | INFO | Sample: {
  "alert_type": "BRUTE_FORCE_15MIN",
  "ip": "203.0.113.27",
  "attempt_count": 4,
  "window_minutes": 9,
  "first_attempt": "2025-11-01T09:00:00",
  "last_attempt": "2025-11-01T09:09:00",
  "log_lines": [
    7,
    15,
    4,
    6
  ],
  "severity": "CRITICAL",
  "recommendation": "BLOCK IP + INVESTIGATE"
}
2025-11-22 21:35:03,727 | INFO | === EMAIL ALERTS MODULE STARTED ===
2025-11-22 21:35:03,729 | WARNING | ALERT: 203.0.113.27 → 4 attempts
2025-11-22 20:40:01,220 | INFO | === BRUTE-FORCE DETECTOR STARTED ===
2025-11-22 20:40:01,220 | INFO | Config: {'log_file': 'month1/fake_auth.log', 'output_file': 'month1/alerts.json', 'threshold_count': 3, 'time_window_minutes': 15, 'log_level': 'INFO', 'alert_title': 'BRUTE_FORCE_15MIN', 'smtp_server': 'smtp.gmail.com', 'smtp_port': 587, 'email_from': 'suleephraim1@gmail.com', 'email_to': 'cyberlootkeeper@gmail.com', 'email_password': 'uwijddtfwdtmmony'}
2025-11-22 20:40:01,224 | INFO | Parsed 5 failed logins
2025-11-22 20:40:01,224 | WARNING | ALERT: 203.0.113.27 → 4 attempts in window
2025-11-22 20:40:01,225 | INFO | Exported 1 alert(s) to month1/alerts.json
2025-11-22 20:40:01,225 | INFO | Sample: {
  "alert_type": "BRUTE_FORCE_15MIN",
  "ip": "203.0.113.27",
  "attempt_count": 4,
  "window_minutes": 9,
  "first_attempt": "2025-11-01T09:00:00",
  "last_attempt": "2025-11-01T09:09:00",
  "log_lines": [
    7,
    15,
    4,
    6
  ],
  "severity": "CRITICAL",
  "recommendation": "BLOCK IP + INVESTIGATE"
}
2025-11-22 20:40:01,288 | INFO | === EMAIL ALERTS MODULE STARTED ===
2025-11-22 20:40:01,290 | WARNING | ALERT: 203.0.113.27 → 4 attempts
2025-11-22 20:40:05,743 | INFO | EMAIL SENT: 1 alert(s) to cyberlootkeeper@gmail.com
2025-11-22 20:45:01,840 | INFO | === BRUTE-FORCE DETECTOR STARTED ===
2025-11-22 20:45:01,840 | INFO | Config: {'log_file': 'month1/fake_auth.log', 'output_file': 'month1/alerts.json', 'threshold_count': 3, 'time_window_minutes': 15, 'log_level': 'INFO', 'alert_title': 'BRUTE_FORCE_15MIN', 'smtp_server': 'smtp.gmail.com', 'smtp_port': 587, 'email_from': 'suleephraim1@gmail.com', 'email_to': 'cyberlootkeeper@gmail.com', 'email_password': 'uwijddtfwdtmmony'}
2025-11-22 20:45:01,844 | INFO | Parsed 5 failed logins
2025-11-22 20:45:01,844 | WARNING | ALERT: 203.0.113.27 → 4 attempts in window
2025-11-22 20:45:01,845 | INFO | Exported 1 alert(s) to month1/alerts.json
2025-11-22 20:45:01,845 | INFO | Sample: {
  "alert_type": "BRUTE_FORCE_15MIN",
  "ip": "203.0.113.27",
  "attempt_count": 4,
  "window_minutes": 9,
  "first_attempt": "2025-11-01T09:00:00",
  "last_attempt": "2025-11-01T09:09:00",
  "log_lines": [
    7,
    15,
    4,
    6
  ],
  "severity": "CRITICAL",
  "recommendation": "BLOCK IP + INVESTIGATE"
}
2025-11-22 20:45:01,908 | INFO | === EMAIL ALERTS MODULE STARTED ===
2025-11-22 20:45:01,910 | WARNING | ALERT: 203.0.113.27 → 4 attempts
2025-11-22 20:45:07,377 | INFO | EMAIL SENT: 1 alert(s) to cyberlootkeeper@gmail.com
2025-11-22 20:50:01,474 | INFO | === BRUTE-FORCE DETECTOR STARTED ===
2025-11-22 20:50:01,474 | INFO | Config: {'log_file': 'month1/fake_auth.log', 'output_file': 'month1/alerts.json', 'threshold_count': 3, 'time_window_minutes': 15, 'log_level': 'INFO', 'alert_title': 'BRUTE_FORCE_15MIN', 'smtp_server': 'smtp.gmail.com', 'smtp_port': 587, 'email_from': 'suleephraim1@gmail.com', 'email_to': 'cyberlootkeeper@gmail.com', 'email_password': 'uwijddtfwdtmmony'}
2025-11-22 20:50:01,478 | INFO | Parsed 5 failed logins
2025-11-22 20:50:01,478 | WARNING | ALERT: 203.0.113.27 → 4 attempts in window
2025-11-22 20:50:01,479 | INFO | Exported 1 alert(s) to month1/alerts.json
2025-11-22 20:50:01,479 | INFO | Sample: {
  "alert_type": "BRUTE_FORCE_15MIN",
  "ip": "203.0.113.27",
  "attempt_count": 4,
  "window_minutes": 9,
  "first_attempt": "2025-11-01T09:00:00",
  "last_attempt": "2025-11-01T09:09:00",
  "log_lines": [
    7,
    15,
    4,
    6
  ],
  "severity": "CRITICAL",
  "recommendation": "BLOCK IP + INVESTIGATE"
}
2025-11-22 20:50:01,542 | INFO | === EMAIL ALERTS MODULE STARTED ===
2025-11-22 20:50:01,543 | WARNING | ALERT: 203.0.113.27 → 4 attempts
2025-11-22 20:50:05,991 | INFO | EMAIL SENT: 1 alert(s) to cyberlootkeeper@gmail.com
2025-11-22 20:55:01,089 | INFO | === BRUTE-FORCE DETECTOR STARTED ===
2025-11-22 20:55:01,089 | INFO | Config: {'log_file': 'month1/fake_auth.log', 'output_file': 'month1/alerts.json', 'threshold_count': 3, 'time_window_minutes': 15, 'log_level': 'INFO', 'alert_title': 'BRUTE_FORCE_15MIN', 'smtp_server': 'smtp.gmail.com', 'smtp_port': 587, 'email_from': 'suleephraim1@gmail.com', 'email_to': 'cyberlootkeeper@gmail.com', 'email_password': 'uwijddtfwdtmmony'}
2025-11-22 20:55:01,093 | INFO | Parsed 5 failed logins
2025-11-22 20:55:01,093 | WARNING | ALERT: 203.0.113.27 → 4 attempts in window
2025-11-22 20:55:01,094 | INFO | Exported 1 alert(s) to month1/alerts.json
2025-11-22 20:55:01,094 | INFO | Sample: {
  "alert_type": "BRUTE_FORCE_15MIN",
  "ip": "203.0.113.27",
  "attempt_count": 4,
  "window_minutes": 9,
  "first_attempt": "2025-11-01T09:00:00",
  "last_attempt": "2025-11-01T09:09:00",
  "log_lines": [
    7,
    15,
    4,
    6
  ],
  "severity": "CRITICAL",
  "recommendation": "BLOCK IP + INVESTIGATE"
}
2025-11-22 20:55:01,159 | INFO | === EMAIL ALERTS MODULE STARTED ===
2025-11-22 20:55:01,160 | WARNING | ALERT: 203.0.113.27 → 4 attempts
2025-11-22 20:55:21,466 | INFO | EMAIL SENT: 1 alert(s) to cyberlootkeeper@gmail.com
2025-11-22 21:00:01,561 | INFO | === BRUTE-FORCE DETECTOR STARTED ===
2025-11-22 21:00:01,561 | INFO | Config: {'log_file': 'month1/fake_auth.log', 'output_file': 'month1/alerts.json', 'threshold_count': 3, 'time_window_minutes': 15, 'log_level': 'INFO', 'alert_title': 'BRUTE_FORCE_15MIN', 'smtp_server': 'smtp.gmail.com', 'smtp_port': 587, 'email_from': 'suleephraim1@gmail.com', 'email_to': 'cyberlootkeeper@gmail.com', 'email_password': 'uwijddtfwdtmmony'}
2025-11-22 21:00:01,565 | INFO | Parsed 5 failed logins
2025-11-22 21:00:01,565 | WARNING | ALERT: 203.0.113.27 → 4 attempts in window
2025-11-22 21:00:01,565 | INFO | Exported 1 alert(s) to month1/alerts.json
2025-11-22 21:00:01,565 | INFO | Sample: {
  "alert_type": "BRUTE_FORCE_15MIN",
  "ip": "203.0.113.27",
  "attempt_count": 4,
  "window_minutes": 9,
  "first_attempt": "2025-11-01T09:00:00",
  "last_attempt": "2025-11-01T09:09:00",
  "log_lines": [
    7,
    15,
    4,
    6
  ],
  "severity": "CRITICAL",
  "recommendation": "BLOCK IP + INVESTIGATE"
}
2025-11-22 21:00:01,629 | INFO | === EMAIL ALERTS MODULE STARTED ===
2025-11-22 21:00:01,631 | WARNING | ALERT: 203.0.113.27 → 4 attempts
2025-11-22 21:00:15,761 | INFO | EMAIL SENT: 1 alert(s) to cyberlootkeeper@gmail.com
2025-11-22 21:05:01,863 | INFO | === BRUTE-FORCE DETECTOR STARTED ===
2025-11-22 21:05:01,864 | INFO | Config: {'log_file': 'month1/fake_auth.log', 'output_file': 'month1/alerts.json', 'threshold_count': 3, 'time_window_minutes': 15, 'log_level': 'INFO', 'alert_title': 'BRUTE_FORCE_15MIN', 'smtp_server': 'smtp.gmail.com', 'smtp_port': 587, 'email_from': 'suleephraim1@gmail.com', 'email_to': 'cyberlootkeeper@gmail.com', 'email_password': 'uwijddtfwdtmmony'}
2025-11-22 21:05:01,868 | INFO | Parsed 5 failed logins
2025-11-22 21:05:01,868 | WARNING | ALERT: 203.0.113.27 → 4 attempts in window
2025-11-22 21:05:01,868 | INFO | Exported 1 alert(s) to month1/alerts.json
2025-11-22 21:05:01,868 | INFO | Sample: {
  "alert_type": "BRUTE_FORCE_15MIN",
  "ip": "203.0.113.27",
  "attempt_count": 4,
  "window_minutes": 9,
  "first_attempt": "2025-11-01T09:00:00",
  "last_attempt": "2025-11-01T09:09:00",
  "log_lines": [
    7,
    15,
    4,
    6
  ],
  "severity": "CRITICAL",
  "recommendation": "BLOCK IP + INVESTIGATE"
}
2025-11-22 21:05:01,933 | INFO | === EMAIL ALERTS MODULE STARTED ===
2025-11-22 21:05:01,935 | WARNING | ALERT: 203.0.113.27 → 4 attempts
2025-11-22 21:05:06,691 | INFO | EMAIL SENT: 1 alert(s) to cyberlootkeeper@gmail.com
2025-11-22 21:10:01,850 | INFO | === BRUTE-FORCE DETECTOR STARTED ===
2025-11-22 21:10:01,850 | INFO | Config: {'log_file': 'month1/fake_auth.log', 'output_file': 'month1/alerts.json', 'threshold_count': 3, 'time_window_minutes': 15, 'log_level': 'INFO', 'alert_title': 'BRUTE_FORCE_15MIN', 'smtp_server': 'smtp.gmail.com', 'smtp_port': 587, 'email_from': 'suleephraim1@gmail.com', 'email_to': 'cyberlootkeeper@gmail.com', 'email_password': 'uwijddtfwdtmmony'}
2025-11-22 21:10:01,858 | INFO | Parsed 5 failed logins
2025-11-22 21:10:01,858 | WARNING | ALERT: 203.0.113.27 → 4 attempts in window
2025-11-22 21:10:01,858 | INFO | Exported 1 alert(s) to month1/alerts.json
2025-11-22 21:10:01,859 | INFO | Sample: {
  "alert_type": "BRUTE_FORCE_15MIN",
  "ip": "203.0.113.27",
  "attempt_count": 4,
  "window_minutes": 9,
  "first_attempt": "2025-11-01T09:00:00",
  "last_attempt": "2025-11-01T09:09:00",
  "log_lines": [
    7,
    15,
    4,
    6
  ],
  "severity": "CRITICAL",
  "recommendation": "BLOCK IP + INVESTIGATE"
}
2025-11-22 21:10:02,021 | INFO | === EMAIL ALERTS MODULE STARTED ===
2025-11-22 21:10:02,025 | WARNING | ALERT: 203.0.113.27 → 4 attempts
2025-11-22 21:10:07,257 | INFO | EMAIL SENT: 1 alert(s) to cyberlootkeeper@gmail.com
2025-11-22 21:15:01,379 | INFO | === BRUTE-FORCE DETECTOR STARTED ===
2025-11-22 21:15:01,379 | INFO | Config: {'log_file': 'month1/fake_auth.log', 'output_file': 'month1/alerts.json', 'threshold_count': 3, 'time_window_minutes': 15, 'log_level': 'INFO', 'alert_title': 'BRUTE_FORCE_15MIN', 'smtp_server': 'smtp.gmail.com', 'smtp_port': 587, 'email_from': 'suleephraim1@gmail.com', 'email_to': 'cyberlootkeeper@gmail.com', 'email_password': 'uwijddtfwdtmmony'}
2025-11-22 21:15:01,383 | INFO | Parsed 5 failed logins
2025-11-22 21:15:01,383 | WARNING | ALERT: 203.0.113.27 → 4 attempts in window
2025-11-22 21:15:01,384 | INFO | Exported 1 alert(s) to month1/alerts.json
2025-11-22 21:15:01,384 | INFO | Sample: {
  "alert_type": "BRUTE_FORCE_15MIN",
  "ip": "203.0.113.27",
  "attempt_count": 4,
  "window_minutes": 9,
  "first_attempt": "2025-11-01T09:00:00",
  "last_attempt": "2025-11-01T09:09:00",
  "log_lines": [
    7,
    15,
    4,
    6
  ],
  "severity": "CRITICAL",
  "recommendation": "BLOCK IP + INVESTIGATE"
}
2025-11-22 21:15:01,447 | INFO | === EMAIL ALERTS MODULE STARTED ===
2025-11-22 21:15:01,448 | WARNING | ALERT: 203.0.113.27 → 4 attempts
2025-11-22 21:15:20,907 | INFO | EMAIL SENT: 1 alert(s) to cyberlootkeeper@gmail.com
2025-11-22 21:20:02,011 | INFO | === BRUTE-FORCE DETECTOR STARTED ===
2025-11-22 21:20:02,011 | INFO | Config: {'log_file': 'month1/fake_auth.log', 'output_file': 'month1/alerts.json', 'threshold_count': 3, 'time_window_minutes': 15, 'log_level': 'INFO', 'alert_title': 'BRUTE_FORCE_15MIN', 'smtp_server': 'smtp.gmail.com', 'smtp_port': 587, 'email_from': 'suleephraim1@gmail.com', 'email_to': 'cyberlootkeeper@gmail.com', 'email_password': 'uwijddtfwdtmmony'}
2025-11-22 21:20:02,015 | INFO | Parsed 5 failed logins
2025-11-22 21:20:02,015 | WARNING | ALERT: 203.0.113.27 → 4 attempts in window
2025-11-22 21:20:02,015 | INFO | Exported 1 alert(s) to month1/alerts.json
2025-11-22 21:20:02,015 | INFO | Sample: {
  "alert_type": "BRUTE_FORCE_15MIN",
  "ip": "203.0.113.27",
  "attempt_count": 4,
  "window_minutes": 9,
  "first_attempt": "2025-11-01T09:00:00",
  "last_attempt": "2025-11-01T09:09:00",
  "log_lines": [
    7,
    15,
    4,
    6
  ],
  "severity": "CRITICAL",
  "recommendation": "BLOCK IP + INVESTIGATE"
}
2025-11-22 21:20:02,080 | INFO | === EMAIL ALERTS MODULE STARTED ===
2025-11-22 21:20:02,081 | WARNING | ALERT: 203.0.113.27 → 4 attempts
2025-11-22 21:20:21,261 | INFO | EMAIL SENT: 1 alert(s) to cyberlootkeeper@gmail.com
2025-11-22 21:25:01,393 | INFO | === BRUTE-FORCE DETECTOR STARTED ===
2025-11-22 21:25:01,393 | INFO | Config: {'log_file': 'month1/fake_auth.log', 'output_file': 'month1/alerts.json', 'threshold_count': 3, 'time_window_minutes': 15, 'log_level': 'INFO', 'alert_title': 'BRUTE_FORCE_15MIN', 'smtp_server': 'smtp.gmail.com', 'smtp_port': 587, 'email_from': 'suleephraim1@gmail.com', 'email_to': 'cyberlootkeeper@gmail.com', 'email_password': 'uwijddtfwdtmmony'}
2025-11-22 21:25:01,399 | INFO | Parsed 5 failed logins
2025-11-22 21:25:01,399 | WARNING | ALERT: 203.0.113.27 → 4 attempts in window
2025-11-22 21:25:01,400 | INFO | Exported 1 alert(s) to month1/alerts.json
2025-11-22 21:25:01,400 | INFO | Sample: {
  "alert_type": "BRUTE_FORCE_15MIN",
  "ip": "203.0.113.27",
  "attempt_count": 4,
  "window_minutes": 9,
  "first_attempt": "2025-11-01T09:00:00",
  "last_attempt": "2025-11-01T09:09:00",
  "log_lines": [
    7,
    15,
    4,
    6
  ],
  "severity": "CRITICAL",
  "recommendation": "BLOCK IP + INVESTIGATE"
}
2025-11-22 21:25:01,493 | INFO | === EMAIL ALERTS MODULE STARTED ===
2025-11-22 21:25:01,495 | WARNING | ALERT: 203.0.113.27 → 4 attempts
2025-11-22 21:25:26,720 | INFO | EMAIL SENT: 1 alert(s) to cyberlootkeeper@gmail.com
2025-11-22 21:30:01,827 | INFO | === BRUTE-FORCE DETECTOR STARTED ===
2025-11-22 21:30:01,827 | INFO | Config: {'log_file': 'month1/fake_auth.log', 'output_file': 'month1/alerts.json', 'threshold_count': 3, 'time_window_minutes': 15, 'log_level': 'INFO', 'alert_title': 'BRUTE_FORCE_15MIN', 'smtp_server': 'smtp.gmail.com', 'smtp_port': 587, 'email_from': 'suleephraim1@gmail.com', 'email_to': 'cyberlootkeeper@gmail.com', 'email_password': 'uwijddtfwdtmmony'}
2025-11-22 21:30:01,831 | INFO | Parsed 5 failed logins
2025-11-22 21:30:01,831 | WARNING | ALERT: 203.0.113.27 → 4 attempts in window
2025-11-22 21:30:01,831 | INFO | Exported 1 alert(s) to month1/alerts.json
2025-11-22 21:30:01,831 | INFO | Sample: {
  "alert_type": "BRUTE_FORCE_15MIN",
  "ip": "203.0.113.27",
  "attempt_count": 4,
  "window_minutes": 9,
  "first_attempt": "2025-11-01T09:00:00",
  "last_attempt": "2025-11-01T09:09:00",
  "log_lines": [
    7,
    15,
    4,
    6
  ],
  "severity": "CRITICAL",
  "recommendation": "BLOCK IP + INVESTIGATE"
}
2025-11-22 21:30:01,897 | INFO | === EMAIL ALERTS MODULE STARTED ===
2025-11-22 21:30:01,899 | WARNING | ALERT: 203.0.113.27 → 4 attempts
2025-11-22 21:30:07,228 | INFO | EMAIL SENT: 1 alert(s) to cyberlootkeeper@gmail.com
2025-11-22 21:35:01,359 | INFO | === BRUTE-FORCE DETECTOR STARTED ===
2025-11-22 21:35:01,359 | INFO | Config: {'log_file': 'month1/fake_auth.log', 'output_file': 'month1/alerts.json', 'threshold_count': 3, 'time_window_minutes': 15, 'log_level': 'INFO', 'alert_title': 'BRUTE_FORCE_15MIN', 'smtp_server': 'smtp.gmail.com', 'smtp_port': 587, 'email_from': 'suleephraim1@gmail.com', 'email_to': 'cyberlootkeeper@gmail.com', 'email_password': 'uwijddtfwdtmmony'}
2025-11-22 21:35:01,364 | INFO | Parsed 5 failed logins
2025-11-22 21:35:01,364 | WARNING | ALERT: 203.0.113.27 → 4 attempts in window
2025-11-22 21:35:01,365 | INFO | Exported 1 alert(s) to month1/alerts.json
2025-11-22 21:35:01,365 | INFO | Sample: {
  "alert_type": "BRUTE_FORCE_15MIN",
  "ip": "203.0.113.27",
  "attempt_count": 4,
  "window_minutes": 9,
  "first_attempt": "2025-11-01T09:00:00",
  "last_attempt": "2025-11-01T09:09:00",
  "log_lines": [
    7,
    15,
    4,
    6
  ],
  "severity": "CRITICAL",
  "recommendation": "BLOCK IP + INVESTIGATE"
}
2025-11-22 21:35:01,445 | INFO | === EMAIL ALERTS MODULE STARTED ===
2025-11-22 21:35:01,447 | WARNING | ALERT: 203.0.113.27 → 4 attempts
2025-11-22 21:35:21,317 | INFO | EMAIL SENT: 1 alert(s) to cyberlootkeeper@gmail.com
2025-11-22 21:40:01,431 | INFO | === BRUTE-FORCE DETECTOR STARTED ===
2025-11-22 21:40:01,431 | INFO | Config: {'log_file': 'month1/fake_auth.log', 'output_file': 'month1/alerts.json', 'threshold_count': 3, 'time_window_minutes': 15, 'log_level': 'INFO', 'alert_title': 'BRUTE_FORCE_15MIN', 'smtp_server': 'smtp.gmail.com', 'smtp_port': 587, 'email_from': 'suleephraim1@gmail.com', 'email_to': 'cyberlootkeeper@gmail.com', 'email_password': 'uwijddtfwdtmmony'}
2025-11-22 21:40:01,435 | INFO | Parsed 5 failed logins
2025-11-22 21:40:01,436 | WARNING | ALERT: 203.0.113.27 → 4 attempts in window
2025-11-22 21:40:01,436 | INFO | Exported 1 alert(s) to month1/alerts.json
2025-11-22 21:40:01,436 | INFO | Sample: {
  "alert_type": "BRUTE_FORCE_15MIN",
  "ip": "203.0.113.27",
  "attempt_count": 4,
  "window_minutes": 9,
  "first_attempt": "2025-11-01T09:00:00",
  "last_attempt": "2025-11-01T09:09:00",
  "log_lines": [
    7,
    15,
    4,
    6
  ],
  "severity": "CRITICAL",
  "recommendation": "BLOCK IP + INVESTIGATE"
}
2025-11-22 21:40:01,502 | INFO | === EMAIL ALERTS MODULE STARTED ===
2025-11-22 21:40:01,504 | WARNING | ALERT: 203.0.113.27 → 4 attempts
2025-11-22 21:40:05,634 | INFO | EMAIL SENT: 1 alert(s) to cyberlootkeeper@gmail.com
2025-11-22 21:45:01,748 | INFO | === BRUTE-FORCE DETECTOR STARTED ===
2025-11-22 21:45:01,748 | INFO | Config: {'log_file': 'month1/fake_auth.log', 'output_file': 'month1/alerts.json', 'threshold_count': 3, 'time_window_minutes': 15, 'log_level': 'INFO', 'alert_title': 'BRUTE_FORCE_15MIN', 'smtp_server': 'smtp.gmail.com', 'smtp_port': 587, 'email_from': 'suleephraim1@gmail.com', 'email_to': 'cyberlootkeeper@gmail.com', 'email_password': 'uwijddtfwdtmmony'}
2025-11-22 21:45:01,752 | INFO | Parsed 5 failed logins
2025-11-22 21:45:01,752 | WARNING | ALERT: 203.0.113.27 → 4 attempts in window
2025-11-22 21:45:01,753 | INFO | Exported 1 alert(s) to month1/alerts.json
2025-11-22 21:45:01,753 | INFO | Sample: {
  "alert_type": "BRUTE_FORCE_15MIN",
  "ip": "203.0.113.27",
  "attempt_count": 4,
  "window_minutes": 9,
  "first_attempt": "2025-11-01T09:00:00",
  "last_attempt": "2025-11-01T09:09:00",
  "log_lines": [
    7,
    15,
    4,
    6
  ],
  "severity": "CRITICAL",
  "recommendation": "BLOCK IP + INVESTIGATE"
}
2025-11-22 21:45:01,818 | INFO | === EMAIL ALERTS MODULE STARTED ===
2025-11-22 21:45:01,820 | WARNING | ALERT: 203.0.113.27 → 4 attempts
2025-11-22 21:45:25,133 | INFO | EMAIL SENT: 1 alert(s) to cyberlootkeeper@gmail.com
2025-11-22 21:50:01,233 | INFO | === BRUTE-FORCE DETECTOR STARTED ===
2025-11-22 21:50:01,233 | INFO | Config: {'log_file': 'month1/fake_auth.log', 'output_file': 'month1/alerts.json', 'threshold_count': 3, 'time_window_minutes': 15, 'log_level': 'INFO', 'alert_title': 'BRUTE_FORCE_15MIN', 'smtp_server': 'smtp.gmail.com', 'smtp_port': 587, 'email_from': 'suleephraim1@gmail.com', 'email_to': 'cyberlootkeeper@gmail.com', 'email_password': 'uwijddtfwdtmmony'}
2025-11-22 21:50:01,237 | INFO | Parsed 5 failed logins
2025-11-22 21:50:01,237 | WARNING | ALERT: 203.0.113.27 → 4 attempts in window
2025-11-22 21:50:01,237 | INFO | Exported 1 alert(s) to month1/alerts.json
2025-11-22 21:50:01,237 | INFO | Sample: {
  "alert_type": "BRUTE_FORCE_15MIN",
  "ip": "203.0.113.27",
  "attempt_count": 4,
  "window_minutes": 9,
  "first_attempt": "2025-11-01T09:00:00",
  "last_attempt": "2025-11-01T09:09:00",
  "log_lines": [
    7,
    15,
    4,
    6
  ],
  "severity": "CRITICAL",
  "recommendation": "BLOCK IP + INVESTIGATE"
}
2025-11-22 21:50:01,311 | INFO | === EMAIL ALERTS MODULE STARTED ===
2025-11-22 21:50:01,313 | WARNING | ALERT: 203.0.113.27 → 4 attempts
2025-11-22 21:50:09,508 | INFO | EMAIL SENT: 1 alert(s) to cyberlootkeeper@gmail.com
2025-11-22 21:55:01,620 | INFO | === BRUTE-FORCE DETECTOR STARTED ===
2025-11-22 21:55:01,621 | INFO | Config: {'log_file': 'month1/fake_auth.log', 'output_file': 'month1/alerts.json', 'threshold_count': 3, 'time_window_minutes': 15, 'log_level': 'INFO', 'alert_title': 'BRUTE_FORCE_15MIN', 'smtp_server': 'smtp.gmail.com', 'smtp_port': 587, 'email_from': 'suleephraim1@gmail.com', 'email_to': 'cyberlootkeeper@gmail.com', 'email_password': 'uwijddtfwdtmmony'}
2025-11-22 21:55:01,624 | INFO | Parsed 5 failed logins
2025-11-22 21:55:01,625 | WARNING | ALERT: 203.0.113.27 → 4 attempts in window
2025-11-22 21:55:01,625 | INFO | Exported 1 alert(s) to month1/alerts.json
2025-11-22 21:55:01,625 | INFO | Sample: {
  "alert_type": "BRUTE_FORCE_15MIN",
  "ip": "203.0.113.27",
  "attempt_count": 4,
  "window_minutes": 9,
  "first_attempt": "2025-11-01T09:00:00",
  "last_attempt": "2025-11-01T09:09:00",
  "log_lines": [
    7,
    15,
    4,
    6
  ],
  "severity": "CRITICAL",
  "recommendation": "BLOCK IP + INVESTIGATE"
}
2025-11-22 21:55:01,699 | INFO | === EMAIL ALERTS MODULE STARTED ===
2025-11-22 21:55:01,701 | WARNING | ALERT: 203.0.113.27 → 4 attempts
2025-11-22 21:55:20,816 | INFO | EMAIL SENT: 1 alert(s) to cyberlootkeeper@gmail.com
2025-11-22 22:00:01,928 | INFO | === BRUTE-FORCE DETECTOR STARTED ===
2025-11-22 22:00:01,928 | INFO | Config: {'log_file': 'month1/fake_auth.log', 'output_file': 'month1/alerts.json', 'threshold_count': 3, 'time_window_minutes': 15, 'log_level': 'INFO', 'alert_title': 'BRUTE_FORCE_15MIN', 'smtp_server': 'smtp.gmail.com', 'smtp_port': 587, 'email_from': 'suleephraim1@gmail.com', 'email_to': 'cyberlootkeeper@gmail.com', 'email_password': 'uwijddtfwdtmmony'}
2025-11-22 22:00:01,932 | INFO | Parsed 5 failed logins
2025-11-22 22:00:01,932 | WARNING | ALERT: 203.0.113.27 → 4 attempts in window
2025-11-22 22:00:01,933 | INFO | Exported 1 alert(s) to month1/alerts.json
2025-11-22 22:00:01,933 | INFO | Sample: {
  "alert_type": "BRUTE_FORCE_15MIN",
  "ip": "203.0.113.27",
  "attempt_count": 4,
  "window_minutes": 9,
  "first_attempt": "2025-11-01T09:00:00",
  "last_attempt": "2025-11-01T09:09:00",
  "log_lines": [
    7,
    15,
    4,
    6
  ],
  "severity": "CRITICAL",
  "recommendation": "BLOCK IP + INVESTIGATE"
}
2025-11-22 22:00:01,996 | INFO | === EMAIL ALERTS MODULE STARTED ===
2025-11-22 22:00:01,997 | WARNING | ALERT: 203.0.113.27 → 4 attempts
2025-11-22 22:00:06,289 | INFO | EMAIL SENT: 1 alert(s) to cyberlootkeeper@gmail.com
2025-11-22 22:05:01,394 | INFO | === BRUTE-FORCE DETECTOR STARTED ===
2025-11-22 22:05:01,394 | INFO | Config: {'log_file': 'month1/fake_auth.log', 'output_file': 'month1/alerts.json', 'threshold_count': 3, 'time_window_minutes': 15, 'log_level': 'INFO', 'alert_title': 'BRUTE_FORCE_15MIN', 'smtp_server': 'smtp.gmail.com', 'smtp_port': 587, 'email_from': 'suleephraim1@gmail.com', 'email_to': 'cyberlootkeeper@gmail.com', 'email_password': 'uwijddtfwdtmmony'}
2025-11-22 22:05:01,398 | INFO | Parsed 5 failed logins
2025-11-22 22:05:01,398 | WARNING | ALERT: 203.0.113.27 → 4 attempts in window
2025-11-22 22:05:01,399 | INFO | Exported 1 alert(s) to month1/alerts.json
2025-11-22 22:05:01,399 | INFO | Sample: {
  "alert_type": "BRUTE_FORCE_15MIN",
  "ip": "203.0.113.27",
  "attempt_count": 4,
  "window_minutes": 9,
  "first_attempt": "2025-11-01T09:00:00",
  "last_attempt": "2025-11-01T09:09:00",
  "log_lines": [
    7,
    15,
    4,
    6
  ],
  "severity": "CRITICAL",
  "recommendation": "BLOCK IP + INVESTIGATE"
}
2025-11-22 22:05:01,462 | INFO | === EMAIL ALERTS MODULE STARTED ===
2025-11-22 22:05:01,463 | WARNING | ALERT: 203.0.113.27 → 4 attempts
2025-11-22 22:05:06,924 | INFO | EMAIL SENT: 1 alert(s) to cyberlootkeeper@gmail.com
2025-11-22 22:10:02,043 | INFO | === BRUTE-FORCE DETECTOR STARTED ===
2025-11-22 22:10:02,043 | INFO | Config: {'log_file': 'month1/fake_auth.log', 'output_file': 'month1/alerts.json', 'threshold_count': 3, 'time_window_minutes': 15, 'log_level': 'INFO', 'alert_title': 'BRUTE_FORCE_15MIN', 'smtp_server': 'smtp.gmail.com', 'smtp_port': 587, 'email_from': 'suleephraim1@gmail.com', 'email_to': 'cyberlootkeeper@gmail.com', 'email_password': 'uwijddtfwdtmmony'}
2025-11-22 22:10:02,048 | INFO | Parsed 5 failed logins
2025-11-22 22:10:02,048 | WARNING | ALERT: 203.0.113.27 → 4 attempts in window
2025-11-22 22:10:02,048 | INFO | Exported 1 alert(s) to month1/alerts.json
2025-11-22 22:10:02,048 | INFO | Sample: {
  "alert_type": "BRUTE_FORCE_15MIN",
  "ip": "203.0.113.27",
  "attempt_count": 4,
  "window_minutes": 9,
  "first_attempt": "2025-11-01T09:00:00",
  "last_attempt": "2025-11-01T09:09:00",
  "log_lines": [
    7,
    15,
    4,
    6
  ],
  "severity": "CRITICAL",
  "recommendation": "BLOCK IP + INVESTIGATE"
}
2025-11-22 22:10:02,112 | INFO | === EMAIL ALERTS MODULE STARTED ===
2025-11-22 22:10:02,114 | WARNING | ALERT: 203.0.113.27 → 4 attempts
2025-11-22 22:10:11,356 | INFO | EMAIL SENT: 1 alert(s) to cyberlootkeeper@gmail.com
2025-11-22 22:15:01,448 | INFO | === BRUTE-FORCE DETECTOR STARTED ===
2025-11-22 22:15:01,449 | INFO | Config: {'log_file': 'month1/fake_auth.log', 'output_file': 'month1/alerts.json', 'threshold_count': 3, 'time_window_minutes': 15, 'log_level': 'INFO', 'alert_title': 'BRUTE_FORCE_15MIN', 'smtp_server': 'smtp.gmail.com', 'smtp_port': 587, 'email_from': 'suleephraim1@gmail.com', 'email_to': 'cyberlootkeeper@gmail.com', 'email_password': 'uwijddtfwdtmmony'}
2025-11-22 22:15:01,453 | INFO | Parsed 5 failed logins
2025-11-22 22:15:01,453 | WARNING | ALERT: 203.0.113.27 → 4 attempts in window
2025-11-22 22:15:01,453 | INFO | Exported 1 alert(s) to month1/alerts.json
2025-11-22 22:15:01,453 | INFO | Sample: {
  "alert_type": "BRUTE_FORCE_15MIN",
  "ip": "203.0.113.27",
  "attempt_count": 4,
  "window_minutes": 9,
  "first_attempt": "2025-11-01T09:00:00",
  "last_attempt": "2025-11-01T09:09:00",
  "log_lines": [
    7,
    15,
    4,
    6
  ],
  "severity": "CRITICAL",
  "recommendation": "BLOCK IP + INVESTIGATE"
}
2025-11-22 22:15:01,521 | INFO | === EMAIL ALERTS MODULE STARTED ===
2025-11-22 22:15:01,522 | WARNING | ALERT: 203.0.113.27 → 4 attempts
2025-11-22 22:20:01,712 | INFO | === BRUTE-FORCE DETECTOR STARTED ===
2025-11-22 22:20:01,712 | INFO | Config: {'log_file': 'month1/fake_auth.log', 'output_file': 'month1/alerts.json', 'threshold_count': 3, 'time_window_minutes': 15, 'log_level': 'INFO', 'alert_title': 'BRUTE_FORCE_15MIN', 'smtp_server': 'smtp.gmail.com', 'smtp_port': 587, 'email_from': 'suleephraim1@gmail.com', 'email_to': 'cyberlootkeeper@gmail.com', 'email_password': 'uwijddtfwdtmmony'}
2025-11-22 22:20:01,718 | INFO | Parsed 5 failed logins
2025-11-22 22:20:01,718 | WARNING | ALERT: 203.0.113.27 → 4 attempts in window
2025-11-22 22:20:01,719 | INFO | Exported 1 alert(s) to month1/alerts.json
2025-11-22 22:20:01,719 | INFO | Sample: {
  "alert_type": "BRUTE_FORCE_15MIN",
  "ip": "203.0.113.27",
  "attempt_count": 4,
  "window_minutes": 9,
  "first_attempt": "2025-11-01T09:00:00",
  "last_attempt": "2025-11-01T09:09:00",
  "log_lines": [
    7,
    15,
    4,
    6
  ],
  "severity": "CRITICAL",
  "recommendation": "BLOCK IP + INVESTIGATE"
}
2025-11-22 22:20:01,790 | INFO | === EMAIL ALERTS MODULE STARTED ===
2025-11-22 22:20:01,794 | WARNING | ALERT: 203.0.113.27 → 4 attempts
2025-11-23 00:05:01,626 | INFO | === BRUTE-FORCE DETECTOR STARTED ===
2025-11-23 00:05:01,627 | INFO | Config: {'log_file': 'month1/fake_auth.log', 'output_file': 'month1/alerts.json', 'threshold_count': 3, 'time_window_minutes': 15, 'log_level': 'INFO', 'alert_title': 'BRUTE_FORCE_15MIN', 'smtp_server': 'smtp.gmail.com', 'smtp_port': 587, 'email_from': 'suleephraim1@gmail.com', 'email_to': 'cyberlootkeeper@gmail.com', 'email_password': 'uwijddtfwdtmmony'}
2025-11-23 00:05:01,630 | INFO | Parsed 5 failed logins
2025-11-23 00:05:01,631 | WARNING | ALERT: 203.0.113.27 → 4 attempts in window
2025-11-23 00:05:01,631 | INFO | Exported 1 alert(s) to month1/alerts.json
2025-11-23 00:05:01,631 | INFO | Sample: {
  "alert_type": "BRUTE_FORCE_15MIN",
  "ip": "203.0.113.27",
  "attempt_count": 4,
  "window_minutes": 9,
  "first_attempt": "2025-11-01T09:00:00",
  "last_attempt": "2025-11-01T09:09:00",
  "log_lines": [
    7,
    15,
    4,
    6
  ],
  "severity": "CRITICAL",
  "recommendation": "BLOCK IP + INVESTIGATE"
}
2025-11-23 00:05:01,696 | INFO | === EMAIL ALERTS MODULE STARTED ===
2025-11-23 00:05:01,698 | WARNING | ALERT: 203.0.113.27 → 4 attempts
2025-11-23 00:05:06,000 | INFO | EMAIL SENT: 1 alert(s) to cyberlootkeeper@gmail.com
2025-11-23 00:10:01,098 | INFO | === BRUTE-FORCE DETECTOR STARTED ===
2025-11-23 00:10:01,098 | INFO | Config: {'log_file': 'month1/fake_auth.log', 'output_file': 'month1/alerts.json', 'threshold_count': 3, 'time_window_minutes': 15, 'log_level': 'INFO', 'alert_title': 'BRUTE_FORCE_15MIN', 'smtp_server': 'smtp.gmail.com', 'smtp_port': 587, 'email_from': 'suleephraim1@gmail.com', 'email_to': 'cyberlootkeeper@gmail.com', 'email_password': 'uwijddtfwdtmmony'}
2025-11-23 00:10:01,102 | INFO | Parsed 5 failed logins
2025-11-23 00:10:01,102 | WARNING | ALERT: 203.0.113.27 → 4 attempts in window
2025-11-23 00:10:01,103 | INFO | Exported 1 alert(s) to month1/alerts.json
2025-11-23 00:10:01,103 | INFO | Sample: {
  "alert_type": "BRUTE_FORCE_15MIN",
  "ip": "203.0.113.27",
  "attempt_count": 4,
  "window_minutes": 9,
  "first_attempt": "2025-11-01T09:00:00",
  "last_attempt": "2025-11-01T09:09:00",
  "log_lines": [
    7,
    15,
    4,
    6
  ],
  "severity": "CRITICAL",
  "recommendation": "BLOCK IP + INVESTIGATE"
}
2025-11-23 00:10:01,165 | INFO | === EMAIL ALERTS MODULE STARTED ===
2025-11-23 00:10:01,167 | WARNING | ALERT: 203.0.113.27 → 4 attempts
2025-11-23 00:10:06,557 | INFO | EMAIL SENT: 1 alert(s) to cyberlootkeeper@gmail.com
2025-11-23 00:15:01,681 | INFO | === BRUTE-FORCE DETECTOR STARTED ===
2025-11-23 00:15:01,681 | INFO | Config: {'log_file': 'month1/fake_auth.log', 'output_file': 'month1/alerts.json', 'threshold_count': 3, 'time_window_minutes': 15, 'log_level': 'INFO', 'alert_title': 'BRUTE_FORCE_15MIN', 'smtp_server': 'smtp.gmail.com', 'smtp_port': 587, 'email_from': 'suleephraim1@gmail.com', 'email_to': 'cyberlootkeeper@gmail.com', 'email_password': 'uwijddtfwdtmmony'}
2025-11-23 00:15:01,686 | INFO | Parsed 5 failed logins
2025-11-23 00:15:01,686 | WARNING | ALERT: 203.0.113.27 → 4 attempts in window
2025-11-23 00:15:01,686 | INFO | Exported 1 alert(s) to month1/alerts.json
2025-11-23 00:15:01,687 | INFO | Sample: {
  "alert_type": "BRUTE_FORCE_15MIN",
  "ip": "203.0.113.27",
  "attempt_count": 4,
  "window_minutes": 9,
  "first_attempt": "2025-11-01T09:00:00",
  "last_attempt": "2025-11-01T09:09:00",
  "log_lines": [
    7,
    15,
    4,
    6
  ],
  "severity": "CRITICAL",
  "recommendation": "BLOCK IP + INVESTIGATE"
}
2025-11-23 00:15:01,767 | INFO | === EMAIL ALERTS MODULE STARTED ===
2025-11-23 00:15:01,771 | WARNING | ALERT: 203.0.113.27 → 4 attempts
2025-11-23 00:15:06,499 | INFO | EMAIL SENT: 1 alert(s) to cyberlootkeeper@gmail.com
2025-11-23 00:20:01,661 | INFO | === BRUTE-FORCE DETECTOR STARTED ===
2025-11-23 00:20:01,661 | INFO | Config: {'log_file': 'month1/fake_auth.log', 'output_file': 'month1/alerts.json', 'threshold_count': 3, 'time_window_minutes': 15, 'log_level': 'INFO', 'alert_title': 'BRUTE_FORCE_15MIN', 'smtp_server': 'smtp.gmail.com', 'smtp_port': 587, 'email_from': 'suleephraim1@gmail.com', 'email_to': 'cyberlootkeeper@gmail.com', 'email_password': 'uwijddtfwdtmmony'}
2025-11-23 00:20:01,665 | INFO | Parsed 5 failed logins
2025-11-23 00:20:01,665 | WARNING | ALERT: 203.0.113.27 → 4 attempts in window
2025-11-23 00:20:01,666 | INFO | Exported 1 alert(s) to month1/alerts.json
2025-11-23 00:20:01,666 | INFO | Sample: {
  "alert_type": "BRUTE_FORCE_15MIN",
  "ip": "203.0.113.27",
  "attempt_count": 4,
  "window_minutes": 9,
  "first_attempt": "2025-11-01T09:00:00",
  "last_attempt": "2025-11-01T09:09:00",
  "log_lines": [
    7,
    15,
    4,
    6
  ],
  "severity": "CRITICAL",
  "recommendation": "BLOCK IP + INVESTIGATE"
}
2025-11-23 00:20:01,765 | INFO | === EMAIL ALERTS MODULE STARTED ===
2025-11-23 00:20:01,768 | WARNING | ALERT: 203.0.113.27 → 4 attempts
2025-11-23 00:20:11,157 | INFO | EMAIL SENT: 1 alert(s) to cyberlootkeeper@gmail.com
2025-11-23 00:25:01,254 | INFO | === BRUTE-FORCE DETECTOR STARTED ===
2025-11-23 00:25:01,254 | INFO | Config: {'log_file': 'month1/fake_auth.log', 'output_file': 'month1/alerts.json', 'threshold_count': 3, 'time_window_minutes': 15, 'log_level': 'INFO', 'alert_title': 'BRUTE_FORCE_15MIN', 'smtp_server': 'smtp.gmail.com', 'smtp_port': 587, 'email_from': 'suleephraim1@gmail.com', 'email_to': 'cyberlootkeeper@gmail.com', 'email_password': 'uwijddtfwdtmmony'}
2025-11-23 00:25:01,258 | INFO | Parsed 5 failed logins
2025-11-23 00:25:01,258 | WARNING | ALERT: 203.0.113.27 → 4 attempts in window
2025-11-23 00:25:01,259 | INFO | Exported 1 alert(s) to month1/alerts.json
2025-11-23 00:25:01,259 | INFO | Sample: {
  "alert_type": "BRUTE_FORCE_15MIN",
  "ip": "203.0.113.27",
  "attempt_count": 4,
  "window_minutes": 9,
  "first_attempt": "2025-11-01T09:00:00",
  "last_attempt": "2025-11-01T09:09:00",
  "log_lines": [
    7,
    15,
    4,
    6
  ],
  "severity": "CRITICAL",
  "recommendation": "BLOCK IP + INVESTIGATE"
}
2025-11-23 00:25:01,330 | INFO | === EMAIL ALERTS MODULE STARTED ===
2025-11-23 00:25:01,333 | WARNING | ALERT: 203.0.113.27 → 4 attempts
2025-11-23 00:25:07,203 | INFO | EMAIL SENT: 1 alert(s) to cyberlootkeeper@gmail.com
2025-11-23 00:30:01,327 | INFO | === BRUTE-FORCE DETECTOR STARTED ===
2025-11-23 00:30:01,327 | INFO | Config: {'log_file': 'month1/fake_auth.log', 'output_file': 'month1/alerts.json', 'threshold_count': 3, 'time_window_minutes': 15, 'log_level': 'INFO', 'alert_title': 'BRUTE_FORCE_15MIN', 'smtp_server': 'smtp.gmail.com', 'smtp_port': 587, 'email_from': 'suleephraim1@gmail.com', 'email_to': 'cyberlootkeeper@gmail.com', 'email_password': 'uwijddtfwdtmmony'}
2025-11-23 00:30:01,331 | INFO | Parsed 5 failed logins
2025-11-23 00:30:01,331 | WARNING | ALERT: 203.0.113.27 → 4 attempts in window
2025-11-23 00:30:01,331 | INFO | Exported 1 alert(s) to month1/alerts.json
2025-11-23 00:30:01,331 | INFO | Sample: {
  "alert_type": "BRUTE_FORCE_15MIN",
  "ip": "203.0.113.27",
  "attempt_count": 4,
  "window_minutes": 9,
  "first_attempt": "2025-11-01T09:00:00",
  "last_attempt": "2025-11-01T09:09:00",
  "log_lines": [
    7,
    15,
    4,
    6
  ],
  "severity": "CRITICAL",
  "recommendation": "BLOCK IP + INVESTIGATE"
}
2025-11-23 00:30:01,394 | INFO | === EMAIL ALERTS MODULE STARTED ===
2025-11-23 00:30:01,396 | WARNING | ALERT: 203.0.113.27 → 4 attempts
2025-11-23 00:30:12,676 | INFO | EMAIL SENT: 1 alert(s) to cyberlootkeeper@gmail.com
2025-11-23 00:35:01,777 | INFO | === BRUTE-FORCE DETECTOR STARTED ===
2025-11-23 00:35:01,777 | INFO | Config: {'log_file': 'month1/fake_auth.log', 'output_file': 'month1/alerts.json', 'threshold_count': 3, 'time_window_minutes': 15, 'log_level': 'INFO', 'alert_title': 'BRUTE_FORCE_15MIN', 'smtp_server': 'smtp.gmail.com', 'smtp_port': 587, 'email_from': 'suleephraim1@gmail.com', 'email_to': 'cyberlootkeeper@gmail.com', 'email_password': 'uwijddtfwdtmmony'}
2025-11-23 00:35:01,781 | INFO | Parsed 5 failed logins
2025-11-23 00:35:01,782 | WARNING | ALERT: 203.0.113.27 → 4 attempts in window
2025-11-23 00:35:01,782 | INFO | Exported 1 alert(s) to month1/alerts.json
2025-11-23 00:35:01,782 | INFO | Sample: {
  "alert_type": "BRUTE_FORCE_15MIN",
  "ip": "203.0.113.27",
  "attempt_count": 4,
  "window_minutes": 9,
  "first_attempt": "2025-11-01T09:00:00",
  "last_attempt": "2025-11-01T09:09:00",
  "log_lines": [
    7,
    15,
    4,
    6
  ],
  "severity": "CRITICAL",
  "recommendation": "BLOCK IP + INVESTIGATE"
}
2025-11-23 00:35:01,848 | INFO | === EMAIL ALERTS MODULE STARTED ===
2025-11-23 00:35:01,850 | WARNING | ALERT: 203.0.113.27 → 4 attempts
2025-11-23 00:35:13,233 | INFO | EMAIL SENT: 1 alert(s) to cyberlootkeeper@gmail.com
2025-11-24 09:50:02,091 | INFO | === BRUTE-FORCE DETECTOR STARTED ===
2025-11-24 09:50:02,148 | INFO | Config: {'log_file': 'month1/fake_auth.log', 'output_file': 'month1/alerts.json', 'threshold_count': 3, 'time_window_minutes': 15, 'log_level': 'INFO', 'alert_title': 'BRUTE_FORCE_15MIN', 'smtp_server': 'smtp.gmail.com', 'smtp_port': 587, 'email_from': 'suleephraim1@gmail.com', 'email_to': 'cyberlootkeeper@gmail.com', 'email_password': 'uwijddtfwdtmmony'}
2025-11-24 09:50:02,212 | INFO | Parsed 5 failed logins
2025-11-24 09:50:02,213 | WARNING | ALERT: 203.0.113.27 → 4 attempts in window
2025-11-24 09:50:02,233 | INFO | Exported 1 alert(s) to month1/alerts.json
2025-11-24 09:50:02,233 | INFO | Sample: {
  "alert_type": "BRUTE_FORCE_15MIN",
  "ip": "203.0.113.27",
  "attempt_count": 4,
  "window_minutes": 9,
  "first_attempt": "2025-11-01T09:00:00",
  "last_attempt": "2025-11-01T09:09:00",
  "log_lines": [
    7,
    15,
    4,
    6
  ],
  "severity": "CRITICAL",
  "recommendation": "BLOCK IP + INVESTIGATE"
}
2025-11-24 09:50:02,400 | INFO | === EMAIL ALERTS MODULE STARTED ===
2025-11-24 09:50:02,401 | WARNING | ALERT: 203.0.113.27 → 4 attempts
2025-11-24 09:50:12,870 | INFO | EMAIL SENT: 1 alert(s) to cyberlootkeeper@gmail.com
2025-11-24 09:55:01,968 | INFO | === BRUTE-FORCE DETECTOR STARTED ===
2025-11-24 09:55:01,968 | INFO | Config: {'log_file': 'month1/fake_auth.log', 'output_file': 'month1/alerts.json', 'threshold_count': 3, 'time_window_minutes': 15, 'log_level': 'INFO', 'alert_title': 'BRUTE_FORCE_15MIN', 'smtp_server': 'smtp.gmail.com', 'smtp_port': 587, 'email_from': 'suleephraim1@gmail.com', 'email_to': 'cyberlootkeeper@gmail.com', 'email_password': 'uwijddtfwdtmmony'}
2025-11-24 09:55:01,972 | INFO | Parsed 5 failed logins
2025-11-24 09:55:01,973 | WARNING | ALERT: 203.0.113.27 → 4 attempts in window
2025-11-24 09:55:01,973 | INFO | Exported 1 alert(s) to month1/alerts.json
2025-11-24 09:55:01,973 | INFO | Sample: {
  "alert_type": "BRUTE_FORCE_15MIN",
  "ip": "203.0.113.27",
  "attempt_count": 4,
  "window_minutes": 9,
  "first_attempt": "2025-11-01T09:00:00",
  "last_attempt": "2025-11-01T09:09:00",
  "log_lines": [
    7,
    15,
    4,
    6
  ],
  "severity": "CRITICAL",
  "recommendation": "BLOCK IP + INVESTIGATE"
}
2025-11-24 09:55:02,037 | INFO | === EMAIL ALERTS MODULE STARTED ===
2025-11-24 09:55:02,038 | WARNING | ALERT: 203.0.113.27 → 4 attempts
2025-11-24 09:55:06,120 | INFO | EMAIL SENT: 1 alert(s) to cyberlootkeeper@gmail.com
2025-11-24 10:00:01,248 | INFO | === BRUTE-FORCE DETECTOR STARTED ===
2025-11-24 10:00:01,249 | INFO | Config: {'log_file': 'month1/fake_auth.log', 'output_file': 'month1/alerts.json', 'threshold_count': 3, 'time_window_minutes': 15, 'log_level': 'INFO', 'alert_title': 'BRUTE_FORCE_15MIN', 'smtp_server': 'smtp.gmail.com', 'smtp_port': 587, 'email_from': 'suleephraim1@gmail.com', 'email_to': 'cyberlootkeeper@gmail.com', 'email_password': 'uwijddtfwdtmmony'}
2025-11-24 10:00:01,253 | INFO | Parsed 5 failed logins
2025-11-24 10:00:01,253 | WARNING | ALERT: 203.0.113.27 → 4 attempts in window
2025-11-24 10:00:01,253 | INFO | Exported 1 alert(s) to month1/alerts.json
2025-11-24 10:00:01,253 | INFO | Sample: {
  "alert_type": "BRUTE_FORCE_15MIN",
  "ip": "203.0.113.27",
  "attempt_count": 4,
  "window_minutes": 9,
  "first_attempt": "2025-11-01T09:00:00",
  "last_attempt": "2025-11-01T09:09:00",
  "log_lines": [
    7,
    15,
    4,
    6
  ],
  "severity": "CRITICAL",
  "recommendation": "BLOCK IP + INVESTIGATE"
}
2025-11-24 10:00:01,319 | INFO | === EMAIL ALERTS MODULE STARTED ===
2025-11-24 10:00:01,321 | WARNING | ALERT: 203.0.113.27 → 4 attempts
2025-11-24 10:00:10,480 | INFO | EMAIL SENT: 1 alert(s) to cyberlootkeeper@gmail.com
2025-11-24 10:05:01,966 | INFO | === BRUTE-FORCE DETECTOR STARTED ===
2025-11-24 10:05:01,966 | INFO | Config: {'log_file': 'month1/fake_auth.log', 'output_file': 'month1/alerts.json', 'threshold_count': 3, 'time_window_minutes': 15, 'log_level': 'INFO', 'alert_title': 'BRUTE_FORCE_15MIN', 'smtp_server': 'smtp.gmail.com', 'smtp_port': 587, 'email_from': 'suleephraim1@gmail.com', 'email_to': 'cyberlootkeeper@gmail.com', 'email_password': 'uwijddtfwdtmmony'}
2025-11-24 10:05:01,970 | INFO | Parsed 5 failed logins
2025-11-24 10:05:01,970 | WARNING | ALERT: 203.0.113.27 → 4 attempts in window
2025-11-24 10:05:01,971 | INFO | Exported 1 alert(s) to month1/alerts.json
2025-11-24 10:05:01,971 | INFO | Sample: {
  "alert_type": "BRUTE_FORCE_15MIN",
  "ip": "203.0.113.27",
  "attempt_count": 4,
  "window_minutes": 9,
  "first_attempt": "2025-11-01T09:00:00",
  "last_attempt": "2025-11-01T09:09:00",
  "log_lines": [
    7,
    15,
    4,
    6
  ],
  "severity": "CRITICAL",
  "recommendation": "BLOCK IP + INVESTIGATE"
}
2025-11-24 10:05:02,035 | INFO | === EMAIL ALERTS MODULE STARTED ===
2025-11-24 10:05:02,037 | WARNING | ALERT: 203.0.113.27 → 4 attempts
2025-11-24 10:05:09,180 | INFO | EMAIL SENT: 1 alert(s) to cyberlootkeeper@gmail.com
2025-11-24 10:10:01,187 | INFO | === BRUTE-FORCE DETECTOR STARTED ===
2025-11-24 10:10:01,187 | INFO | Config: {'log_file': 'month1/fake_auth.log', 'output_file': 'month1/alerts.json', 'threshold_count': 3, 'time_window_minutes': 15, 'log_level': 'INFO', 'alert_title': 'BRUTE_FORCE_15MIN', 'smtp_server': 'smtp.gmail.com', 'smtp_port': 587, 'email_from': 'suleephraim1@gmail.com', 'email_to': 'cyberlootkeeper@gmail.com', 'email_password': 'uwijddtfwdtmmony'}
2025-11-24 10:10:01,191 | INFO | Parsed 5 failed logins
2025-11-24 10:10:01,191 | WARNING | ALERT: 203.0.113.27 → 4 attempts in window
2025-11-24 10:10:01,192 | INFO | Exported 1 alert(s) to month1/alerts.json
2025-11-24 10:10:01,192 | INFO | Sample: {
  "alert_type": "BRUTE_FORCE_15MIN",
  "ip": "203.0.113.27",
  "attempt_count": 4,
  "window_minutes": 9,
  "first_attempt": "2025-11-01T09:00:00",
  "last_attempt": "2025-11-01T09:09:00",
  "log_lines": [
    7,
    15,
    4,
    6
  ],
  "severity": "CRITICAL",
  "recommendation": "BLOCK IP + INVESTIGATE"
}
2025-11-24 10:10:01,257 | INFO | === EMAIL ALERTS MODULE STARTED ===
2025-11-24 10:10:01,259 | WARNING | ALERT: 203.0.113.27 → 4 attempts
2025-11-24 10:10:12,584 | INFO | EMAIL SENT: 1 alert(s) to cyberlootkeeper@gmail.com
2025-11-24 10:15:01,698 | INFO | === BRUTE-FORCE DETECTOR STARTED ===
2025-11-24 10:15:01,698 | INFO | Config: {'log_file': 'month1/fake_auth.log', 'output_file': 'month1/alerts.json', 'threshold_count': 3, 'time_window_minutes': 15, 'log_level': 'INFO', 'alert_title': 'BRUTE_FORCE_15MIN', 'smtp_server': 'smtp.gmail.com', 'smtp_port': 587, 'email_from': 'suleephraim1@gmail.com', 'email_to': 'cyberlootkeeper@gmail.com', 'email_password': 'uwijddtfwdtmmony'}
2025-11-24 10:15:01,703 | INFO | Parsed 5 failed logins
2025-11-24 10:15:01,704 | WARNING | ALERT: 203.0.113.27 → 4 attempts in window
2025-11-24 10:15:01,704 | INFO | Exported 1 alert(s) to month1/alerts.json
2025-11-24 10:15:01,704 | INFO | Sample: {
  "alert_type": "BRUTE_FORCE_15MIN",
  "ip": "203.0.113.27",
  "attempt_count": 4,
  "window_minutes": 9,
  "first_attempt": "2025-11-01T09:00:00",
  "last_attempt": "2025-11-01T09:09:00",
  "log_lines": [
    7,
    15,
    4,
    6
  ],
  "severity": "CRITICAL",
  "recommendation": "BLOCK IP + INVESTIGATE"
}
2025-11-24 10:15:01,784 | INFO | === EMAIL ALERTS MODULE STARTED ===
2025-11-24 10:15:01,786 | WARNING | ALERT: 203.0.113.27 → 4 attempts
2025-11-24 10:15:07,018 | INFO | EMAIL SENT: 1 alert(s) to cyberlootkeeper@gmail.com
2025-11-24 10:20:01,138 | INFO | === BRUTE-FORCE DETECTOR STARTED ===
2025-11-24 10:20:01,138 | INFO | Config: {'log_file': 'month1/fake_auth.log', 'output_file': 'month1/alerts.json', 'threshold_count': 3, 'time_window_minutes': 15, 'log_level': 'INFO', 'alert_title': 'BRUTE_FORCE_15MIN', 'smtp_server': 'smtp.gmail.com', 'smtp_port': 587, 'email_from': 'suleephraim1@gmail.com', 'email_to': 'cyberlootkeeper@gmail.com', 'email_password': 'uwijddtfwdtmmony'}
2025-11-24 10:20:01,142 | INFO | Parsed 5 failed logins
2025-11-24 10:20:01,142 | WARNING | ALERT: 203.0.113.27 → 4 attempts in window
2025-11-24 10:20:01,143 | INFO | Exported 1 alert(s) to month1/alerts.json
2025-11-24 10:20:01,143 | INFO | Sample: {
  "alert_type": "BRUTE_FORCE_15MIN",
  "ip": "203.0.113.27",
  "attempt_count": 4,
  "window_minutes": 9,
  "first_attempt": "2025-11-01T09:00:00",
  "last_attempt": "2025-11-01T09:09:00",
  "log_lines": [
    7,
    15,
    4,
    6
  ],
  "severity": "CRITICAL",
  "recommendation": "BLOCK IP + INVESTIGATE"
}
2025-11-24 10:20:01,208 | INFO | === EMAIL ALERTS MODULE STARTED ===
2025-11-24 10:20:01,209 | WARNING | ALERT: 203.0.113.27 → 4 attempts
2025-11-24 10:25:01,413 | INFO | === BRUTE-FORCE DETECTOR STARTED ===
2025-11-24 10:25:01,413 | INFO | Config: {'log_file': 'month1/fake_auth.log', 'output_file': 'month1/alerts.json', 'threshold_count': 3, 'time_window_minutes': 15, 'log_level': 'INFO', 'alert_title': 'BRUTE_FORCE_15MIN', 'smtp_server': 'smtp.gmail.com', 'smtp_port': 587, 'email_from': 'suleephraim1@gmail.com', 'email_to': 'cyberlootkeeper@gmail.com', 'email_password': 'uwijddtfwdtmmony'}
2025-11-24 10:25:01,417 | INFO | Parsed 5 failed logins
2025-11-24 10:25:01,417 | WARNING | ALERT: 203.0.113.27 → 4 attempts in window
2025-11-24 10:25:01,417 | INFO | Exported 1 alert(s) to month1/alerts.json
2025-11-24 10:25:01,418 | INFO | Sample: {
  "alert_type": "BRUTE_FORCE_15MIN",
  "ip": "203.0.113.27",
  "attempt_count": 4,
  "window_minutes": 9,
  "first_attempt": "2025-11-01T09:00:00",
  "last_attempt": "2025-11-01T09:09:00",
  "log_lines": [
    7,
    15,
    4,
    6
  ],
  "severity": "CRITICAL",
  "recommendation": "BLOCK IP + INVESTIGATE"
}
2025-11-24 10:25:01,481 | INFO | === EMAIL ALERTS MODULE STARTED ===
2025-11-24 10:25:01,483 | WARNING | ALERT: 203.0.113.27 → 4 attempts
2025-11-24 10:30:01,116 | INFO | === BRUTE-FORCE DETECTOR STARTED ===
2025-11-24 10:30:01,117 | INFO | Config: {'log_file': 'month1/fake_auth.log', 'output_file': 'month1/alerts.json', 'threshold_count': 3, 'time_window_minutes': 15, 'log_level': 'INFO', 'alert_title': 'BRUTE_FORCE_15MIN', 'smtp_server': 'smtp.gmail.com', 'smtp_port': 587, 'email_from': 'suleephraim1@gmail.com', 'email_to': 'cyberlootkeeper@gmail.com', 'email_password': 'uwijddtfwdtmmony'}
2025-11-24 10:30:01,121 | INFO | Parsed 5 failed logins
2025-11-24 10:30:01,121 | WARNING | ALERT: 203.0.113.27 → 4 attempts in window
2025-11-24 10:30:01,121 | INFO | Exported 1 alert(s) to month1/alerts.json
2025-11-24 10:30:01,121 | INFO | Sample: {
  "alert_type": "BRUTE_FORCE_15MIN",
  "ip": "203.0.113.27",
  "attempt_count": 4,
  "window_minutes": 9,
  "first_attempt": "2025-11-01T09:00:00",
  "last_attempt": "2025-11-01T09:09:00",
  "log_lines": [
    7,
    15,
    4,
    6
  ],
  "severity": "CRITICAL",
  "recommendation": "BLOCK IP + INVESTIGATE"
}
2025-11-24 10:30:01,185 | INFO | === EMAIL ALERTS MODULE STARTED ===
2025-11-24 10:30:01,187 | WARNING | ALERT: 203.0.113.27 → 4 attempts
2025-11-24 10:35:01,097 | INFO | === BRUTE-FORCE DETECTOR STARTED ===
2025-11-24 10:35:01,097 | INFO | Config: {'log_file': 'month1/fake_auth.log', 'output_file': 'month1/alerts.json', 'threshold_count': 3, 'time_window_minutes': 15, 'log_level': 'INFO', 'alert_title': 'BRUTE_FORCE_15MIN', 'smtp_server': 'smtp.gmail.com', 'smtp_port': 587, 'email_from': 'suleephraim1@gmail.com', 'email_to': 'cyberlootkeeper@gmail.com', 'email_password': 'uwijddtfwdtmmony'}
2025-11-24 10:35:01,102 | INFO | Parsed 5 failed logins
2025-11-24 10:35:01,102 | WARNING | ALERT: 203.0.113.27 → 4 attempts in window
2025-11-24 10:35:01,102 | INFO | Exported 1 alert(s) to month1/alerts.json
2025-11-24 10:35:01,102 | INFO | Sample: {
  "alert_type": "BRUTE_FORCE_15MIN",
  "ip": "203.0.113.27",
  "attempt_count": 4,
  "window_minutes": 9,
  "first_attempt": "2025-11-01T09:00:00",
  "last_attempt": "2025-11-01T09:09:00",
  "log_lines": [
    7,
    15,
    4,
    6
  ],
  "severity": "CRITICAL",
  "recommendation": "BLOCK IP + INVESTIGATE"
}
2025-11-24 10:35:01,167 | INFO | === EMAIL ALERTS MODULE STARTED ===
2025-11-24 10:35:01,168 | WARNING | ALERT: 203.0.113.27 → 4 attempts
2025-11-24 10:40:01,119 | INFO | === BRUTE-FORCE DETECTOR STARTED ===
2025-11-24 10:40:01,119 | INFO | Config: {'log_file': 'month1/fake_auth.log', 'output_file': 'month1/alerts.json', 'threshold_count': 3, 'time_window_minutes': 15, 'log_level': 'INFO', 'alert_title': 'BRUTE_FORCE_15MIN', 'smtp_server': 'smtp.gmail.com', 'smtp_port': 587, 'email_from': 'suleephraim1@gmail.com', 'email_to': 'cyberlootkeeper@gmail.com', 'email_password': 'uwijddtfwdtmmony'}
2025-11-24 10:40:01,123 | INFO | Parsed 5 failed logins
2025-11-24 10:40:01,124 | WARNING | ALERT: 203.0.113.27 → 4 attempts in window
2025-11-24 10:40:01,124 | INFO | Exported 1 alert(s) to month1/alerts.json
2025-11-24 10:40:01,124 | INFO | Sample: {
  "alert_type": "BRUTE_FORCE_15MIN",
  "ip": "203.0.113.27",
  "attempt_count": 4,
  "window_minutes": 9,
  "first_attempt": "2025-11-01T09:00:00",
  "last_attempt": "2025-11-01T09:09:00",
  "log_lines": [
    7,
    15,
    4,
    6
  ],
  "severity": "CRITICAL",
  "recommendation": "BLOCK IP + INVESTIGATE"
}
2025-11-24 10:40:01,192 | INFO | === EMAIL ALERTS MODULE STARTED ===
2025-11-24 10:40:01,194 | WARNING | ALERT: 203.0.113.27 → 4 attempts
2025-11-24 10:40:04,420 | INFO | EMAIL SENT: 1 alert(s) to cyberlootkeeper@gmail.com
2025-11-24 10:45:01,568 | INFO | === BRUTE-FORCE DETECTOR STARTED ===
2025-11-24 10:45:01,568 | INFO | Config: {'log_file': 'month1/fake_auth.log', 'output_file': 'month1/alerts.json', 'threshold_count': 3, 'time_window_minutes': 15, 'log_level': 'INFO', 'alert_title': 'BRUTE_FORCE_15MIN', 'smtp_server': 'smtp.gmail.com', 'smtp_port': 587, 'email_from': 'suleephraim1@gmail.com', 'email_to': 'cyberlootkeeper@gmail.com', 'email_password': 'uwijddtfwdtmmony'}
2025-11-24 10:45:01,574 | INFO | Parsed 5 failed logins
2025-11-24 10:45:01,575 | WARNING | ALERT: 203.0.113.27 → 4 attempts in window
2025-11-24 10:45:01,576 | INFO | Exported 1 alert(s) to month1/alerts.json
2025-11-24 10:45:01,576 | INFO | Sample: {
  "alert_type": "BRUTE_FORCE_15MIN",
  "ip": "203.0.113.27",
  "attempt_count": 4,
  "window_minutes": 9,
  "first_attempt": "2025-11-01T09:00:00",
  "last_attempt": "2025-11-01T09:09:00",
  "log_lines": [
    7,
    15,
    4,
    6
  ],
  "severity": "CRITICAL",
  "recommendation": "BLOCK IP + INVESTIGATE"
}
2025-11-24 10:45:01,663 | INFO | === EMAIL ALERTS MODULE STARTED ===
2025-11-24 10:45:01,665 | WARNING | ALERT: 203.0.113.27 → 4 attempts
2025-11-24 10:45:04,857 | INFO | EMAIL SENT: 1 alert(s) to cyberlootkeeper@gmail.com
2025-11-24 10:47:25,237 | INFO | === BRUTE-FORCE DETECTOR STARTED ===
2025-11-24 10:47:25,238 | INFO | Config: {'log_file': 'month1/fake_auth.log', 'output_file': 'month1/alerts.json', 'threshold_count': 3, 'time_window_minutes': 15, 'log_level': 'INFO', 'alert_title': 'BRUTE_FORCE_15MIN', 'smtp_server': 'smtp.gmail.com', 'smtp_port': 587, 'email_from': 'suleephraim1@gmail.com', 'email_to': 'cyberlootkeeper@gmail.com', 'email_password': 'uwijddtfwdtmmony'}
2025-11-24 10:47:25,242 | INFO | Parsed 5 failed logins
2025-11-24 10:47:25,242 | WARNING | ALERT: 203.0.113.27 → 4 attempts in window
2025-11-24 10:47:25,242 | INFO | Exported 1 alert(s) to month1/alerts.json
2025-11-24 10:47:25,243 | INFO | Sample: {
  "alert_type": "BRUTE_FORCE_15MIN",
  "ip": "203.0.113.27",
  "attempt_count": 4,
  "window_minutes": 9,
  "first_attempt": "2025-11-01T09:00:00",
  "last_attempt": "2025-11-01T09:09:00",
  "log_lines": [
    7,
    15,
    4,
    6
  ],
  "severity": "CRITICAL",
  "recommendation": "BLOCK IP + INVESTIGATE"
}
2025-11-24 10:47:25,341 | INFO | === EMAIL ALERTS MODULE STARTED ===
2025-11-24 10:47:25,345 | WARNING | ALERT: 203.0.113.27 → 4 attempts
2025-11-24 10:47:28,708 | INFO | EMAIL SENT: 1 alert(s) to cyberlootkeeper@gmail.com
2025-11-24 10:50:01,959 | INFO | === BRUTE-FORCE DETECTOR STARTED ===
2025-11-24 10:50:01,959 | INFO | Config: {'log_file': 'month1/fake_auth.log', 'output_file': 'month1/alerts.json', 'threshold_count': 3, 'time_window_minutes': 15, 'log_level': 'INFO', 'alert_title': 'BRUTE_FORCE_15MIN', 'smtp_server': 'smtp.gmail.com', 'smtp_port': 587, 'email_from': 'suleephraim1@gmail.com', 'email_to': 'cyberlootkeeper@gmail.com', 'email_password': 'uwijddtfwdtmmony'}
2025-11-24 10:50:01,963 | INFO | Parsed 5 failed logins
2025-11-24 10:50:01,963 | WARNING | ALERT: 203.0.113.27 → 4 attempts in window
2025-11-24 10:50:01,963 | INFO | Exported 1 alert(s) to month1/alerts.json
2025-11-24 10:50:01,964 | INFO | Sample: {
  "alert_type": "BRUTE_FORCE_15MIN",
  "ip": "203.0.113.27",
  "attempt_count": 4,
  "window_minutes": 9,
  "first_attempt": "2025-11-01T09:00:00",
  "last_attempt": "2025-11-01T09:09:00",
  "log_lines": [
    7,
    15,
    4,
    6
  ],
  "severity": "CRITICAL",
  "recommendation": "BLOCK IP + INVESTIGATE"
}
2025-11-24 10:50:02,028 | INFO | === EMAIL ALERTS MODULE STARTED ===
2025-11-24 10:50:02,030 | WARNING | ALERT: 203.0.113.27 → 4 attempts
2025-11-24 10:50:21,652 | INFO | EMAIL SENT: 1 alert(s) to cyberlootkeeper@gmail.com
2025-11-24 10:55:01,786 | INFO | === BRUTE-FORCE DETECTOR STARTED ===
2025-11-24 10:55:01,786 | INFO | Config: {'log_file': 'month1/fake_auth.log', 'output_file': 'month1/alerts.json', 'threshold_count': 3, 'time_window_minutes': 15, 'log_level': 'INFO', 'alert_title': 'BRUTE_FORCE_15MIN', 'smtp_server': 'smtp.gmail.com', 'smtp_port': 587, 'email_from': 'suleephraim1@gmail.com', 'email_to': 'cyberlootkeeper@gmail.com', 'email_password': 'uwijddtfwdtmmony'}
2025-11-24 10:55:01,790 | INFO | Parsed 5 failed logins
2025-11-24 10:55:01,790 | WARNING | ALERT: 203.0.113.27 → 4 attempts in window
2025-11-24 10:55:01,790 | INFO | Exported 1 alert(s) to month1/alerts.json
2025-11-24 10:55:01,791 | INFO | Sample: {
  "alert_type": "BRUTE_FORCE_15MIN",
  "ip": "203.0.113.27",
  "attempt_count": 4,
  "window_minutes": 9,
  "first_attempt": "2025-11-01T09:00:00",
  "last_attempt": "2025-11-01T09:09:00",
  "log_lines": [
    7,
    15,
    4,
    6
  ],
  "severity": "CRITICAL",
  "recommendation": "BLOCK IP + INVESTIGATE"
}
2025-11-24 10:55:01,855 | INFO | === EMAIL ALERTS MODULE STARTED ===
2025-11-24 10:55:01,856 | WARNING | ALERT: 203.0.113.27 → 4 attempts
2025-11-24 10:55:11,728 | INFO | EMAIL SENT: 1 alert(s) to cyberlootkeeper@gmail.com
2025-11-24 11:00:01,841 | INFO | === BRUTE-FORCE DETECTOR STARTED ===
2025-11-24 11:00:01,842 | INFO | Config: {'log_file': 'month1/fake_auth.log', 'output_file': 'month1/alerts.json', 'threshold_count': 3, 'time_window_minutes': 15, 'log_level': 'INFO', 'alert_title': 'BRUTE_FORCE_15MIN', 'smtp_server': 'smtp.gmail.com', 'smtp_port': 587, 'email_from': 'suleephraim1@gmail.com', 'email_to': 'cyberlootkeeper@gmail.com', 'email_password': 'uwijddtfwdtmmony'}
2025-11-24 11:00:01,847 | INFO | Parsed 5 failed logins
2025-11-24 11:00:01,847 | WARNING | ALERT: 203.0.113.27 → 4 attempts in window
2025-11-24 11:00:01,847 | INFO | Exported 1 alert(s) to month1/alerts.json
2025-11-24 11:00:01,848 | INFO | Sample: {
  "alert_type": "BRUTE_FORCE_15MIN",
  "ip": "203.0.113.27",
  "attempt_count": 4,
  "window_minutes": 9,
  "first_attempt": "2025-11-01T09:00:00",
  "last_attempt": "2025-11-01T09:09:00",
  "log_lines": [
    7,
    15,
    4,
    6
  ],
  "severity": "CRITICAL",
  "recommendation": "BLOCK IP + INVESTIGATE"
}
2025-11-24 11:00:01,914 | INFO | === EMAIL ALERTS MODULE STARTED ===
2025-11-24 11:00:01,915 | WARNING | ALERT: 203.0.113.27 → 4 attempts
2025-11-24 11:00:22,298 | INFO | EMAIL SENT: 1 alert(s) to cyberlootkeeper@gmail.com
2025-11-24 11:05:01,404 | INFO | === BRUTE-FORCE DETECTOR STARTED ===
2025-11-24 11:05:01,404 | INFO | Config: {'log_file': 'month1/fake_auth.log', 'output_file': 'month1/alerts.json', 'threshold_count': 3, 'time_window_minutes': 15, 'log_level': 'INFO', 'alert_title': 'BRUTE_FORCE_15MIN', 'smtp_server': 'smtp.gmail.com', 'smtp_port': 587, 'email_from': 'suleephraim1@gmail.com', 'email_to': 'cyberlootkeeper@gmail.com', 'email_password': 'uwijddtfwdtmmony'}
2025-11-24 11:05:01,408 | INFO | Parsed 5 failed logins
2025-11-24 11:05:01,408 | WARNING | ALERT: 203.0.113.27 → 4 attempts in window
2025-11-24 11:05:01,409 | INFO | Exported 1 alert(s) to month1/alerts.json
2025-11-24 11:05:01,409 | INFO | Sample: {
  "alert_type": "BRUTE_FORCE_15MIN",
  "ip": "203.0.113.27",
  "attempt_count": 4,
  "window_minutes": 9,
  "first_attempt": "2025-11-01T09:00:00",
  "last_attempt": "2025-11-01T09:09:00",
  "log_lines": [
    7,
    15,
    4,
    6
  ],
  "severity": "CRITICAL",
  "recommendation": "BLOCK IP + INVESTIGATE"
}
2025-11-24 11:05:01,472 | INFO | === EMAIL ALERTS MODULE STARTED ===
2025-11-24 11:05:01,474 | WARNING | ALERT: 203.0.113.27 → 4 attempts
2025-11-24 11:05:05,025 | INFO | EMAIL SENT: 1 alert(s) to cyberlootkeeper@gmail.com
2025-11-24 11:10:01,152 | INFO | === BRUTE-FORCE DETECTOR STARTED ===
2025-11-24 11:10:01,152 | INFO | Config: {'log_file': 'month1/fake_auth.log', 'output_file': 'month1/alerts.json', 'threshold_count': 3, 'time_window_minutes': 15, 'log_level': 'INFO', 'alert_title': 'BRUTE_FORCE_15MIN', 'smtp_server': 'smtp.gmail.com', 'smtp_port': 587, 'email_from': 'suleephraim1@gmail.com', 'email_to': 'cyberlootkeeper@gmail.com', 'email_password': 'uwijddtfwdtmmony'}
2025-11-24 11:10:01,158 | INFO | Parsed 5 failed logins
2025-11-24 11:10:01,158 | WARNING | ALERT: 203.0.113.27 → 4 attempts in window
2025-11-24 11:10:01,159 | INFO | Exported 1 alert(s) to month1/alerts.json
2025-11-24 11:10:01,159 | INFO | Sample: {
  "alert_type": "BRUTE_FORCE_15MIN",
  "ip": "203.0.113.27",
  "attempt_count": 4,
  "window_minutes": 9,
  "first_attempt": "2025-11-01T09:00:00",
  "last_attempt": "2025-11-01T09:09:00",
  "log_lines": [
    7,
    15,
    4,
    6
  ],
  "severity": "CRITICAL",
  "recommendation": "BLOCK IP + INVESTIGATE"
}
2025-11-24 11:10:01,241 | INFO | === EMAIL ALERTS MODULE STARTED ===
2025-11-24 11:10:01,243 | WARNING | ALERT: 203.0.113.27 → 4 attempts
2025-11-24 11:10:05,659 | INFO | EMAIL SENT: 1 alert(s) to cyberlootkeeper@gmail.com
2025-11-24 11:15:01,754 | INFO | === BRUTE-FORCE DETECTOR STARTED ===
2025-11-24 11:15:01,754 | INFO | Config: {'log_file': 'month1/fake_auth.log', 'output_file': 'month1/alerts.json', 'threshold_count': 3, 'time_window_minutes': 15, 'log_level': 'INFO', 'alert_title': 'BRUTE_FORCE_15MIN', 'smtp_server': 'smtp.gmail.com', 'smtp_port': 587, 'email_from': 'suleephraim1@gmail.com', 'email_to': 'cyberlootkeeper@gmail.com', 'email_password': 'uwijddtfwdtmmony'}
2025-11-24 11:15:01,758 | INFO | Parsed 5 failed logins
2025-11-24 11:15:01,758 | WARNING | ALERT: 203.0.113.27 → 4 attempts in window
2025-11-24 11:15:01,759 | INFO | Exported 1 alert(s) to month1/alerts.json
2025-11-24 11:15:01,759 | INFO | Sample: {
  "alert_type": "BRUTE_FORCE_15MIN",
  "ip": "203.0.113.27",
  "attempt_count": 4,
  "window_minutes": 9,
  "first_attempt": "2025-11-01T09:00:00",
  "last_attempt": "2025-11-01T09:09:00",
  "log_lines": [
    7,
    15,
    4,
    6
  ],
  "severity": "CRITICAL",
  "recommendation": "BLOCK IP + INVESTIGATE"
}
2025-11-24 11:15:01,825 | INFO | === EMAIL ALERTS MODULE STARTED ===
2025-11-24 11:15:01,827 | WARNING | ALERT: 203.0.113.27 → 4 attempts
2025-11-24 11:15:07,315 | INFO | EMAIL SENT: 1 alert(s) to cyberlootkeeper@gmail.com
2025-11-24 11:20:01,436 | INFO | === BRUTE-FORCE DETECTOR STARTED ===
2025-11-24 11:20:01,436 | INFO | Config: {'log_file': 'month1/fake_auth.log', 'output_file': 'month1/alerts.json', 'threshold_count': 3, 'time_window_minutes': 15, 'log_level': 'INFO', 'alert_title': 'BRUTE_FORCE_15MIN', 'smtp_server': 'smtp.gmail.com', 'smtp_port': 587, 'email_from': 'suleephraim1@gmail.com', 'email_to': 'cyberlootkeeper@gmail.com', 'email_password': 'uwijddtfwdtmmony'}
2025-11-24 11:20:01,441 | INFO | Parsed 5 failed logins
2025-11-24 11:20:01,442 | WARNING | ALERT: 203.0.113.27 → 4 attempts in window
2025-11-24 11:20:01,442 | INFO | Exported 1 alert(s) to month1/alerts.json
2025-11-24 11:20:01,442 | INFO | Sample: {
  "alert_type": "BRUTE_FORCE_15MIN",
  "ip": "203.0.113.27",
  "attempt_count": 4,
  "window_minutes": 9,
  "first_attempt": "2025-11-01T09:00:00",
  "last_attempt": "2025-11-01T09:09:00",
  "log_lines": [
    7,
    15,
    4,
    6
  ],
  "severity": "CRITICAL",
  "recommendation": "BLOCK IP + INVESTIGATE"
}
2025-11-24 11:20:01,517 | INFO | === EMAIL ALERTS MODULE STARTED ===
2025-11-24 11:20:01,519 | WARNING | ALERT: 203.0.113.27 → 4 attempts
2025-11-24 11:20:19,835 | INFO | EMAIL SENT: 1 alert(s) to cyberlootkeeper@gmail.com
2025-11-24 11:25:01,937 | INFO | === BRUTE-FORCE DETECTOR STARTED ===
2025-11-24 11:25:01,937 | INFO | Config: {'log_file': 'month1/fake_auth.log', 'output_file': 'month1/alerts.json', 'threshold_count': 3, 'time_window_minutes': 15, 'log_level': 'INFO', 'alert_title': 'BRUTE_FORCE_15MIN', 'smtp_server': 'smtp.gmail.com', 'smtp_port': 587, 'email_from': 'suleephraim1@gmail.com', 'email_to': 'cyberlootkeeper@gmail.com', 'email_password': 'uwijddtfwdtmmony'}
2025-11-24 11:25:01,941 | INFO | Parsed 5 failed logins
2025-11-24 11:25:01,942 | WARNING | ALERT: 203.0.113.27 → 4 attempts in window
2025-11-24 11:25:01,942 | INFO | Exported 1 alert(s) to month1/alerts.json
2025-11-24 11:25:01,942 | INFO | Sample: {
  "alert_type": "BRUTE_FORCE_15MIN",
  "ip": "203.0.113.27",
  "attempt_count": 4,
  "window_minutes": 9,
  "first_attempt": "2025-11-01T09:00:00",
  "last_attempt": "2025-11-01T09:09:00",
  "log_lines": [
    7,
    15,
    4,
    6
  ],
  "severity": "CRITICAL",
  "recommendation": "BLOCK IP + INVESTIGATE"
}
2025-11-24 11:25:02,019 | INFO | === EMAIL ALERTS MODULE STARTED ===
2025-11-24 11:25:02,020 | WARNING | ALERT: 203.0.113.27 → 4 attempts
2025-11-24 11:25:11,659 | INFO | EMAIL SENT: 1 alert(s) to cyberlootkeeper@gmail.com
2025-11-24 11:30:01,771 | INFO | === BRUTE-FORCE DETECTOR STARTED ===
2025-11-24 11:30:01,772 | INFO | Config: {'log_file': 'month1/fake_auth.log', 'output_file': 'month1/alerts.json', 'threshold_count': 3, 'time_window_minutes': 15, 'log_level': 'INFO', 'alert_title': 'BRUTE_FORCE_15MIN', 'smtp_server': 'smtp.gmail.com', 'smtp_port': 587, 'email_from': 'suleephraim1@gmail.com', 'email_to': 'cyberlootkeeper@gmail.com', 'email_password': 'uwijddtfwdtmmony'}
2025-11-24 11:30:01,778 | INFO | Parsed 5 failed logins
2025-11-24 11:30:01,778 | WARNING | ALERT: 203.0.113.27 → 4 attempts in window
2025-11-24 11:30:01,778 | INFO | Exported 1 alert(s) to month1/alerts.json
2025-11-24 11:30:01,779 | INFO | Sample: {
  "alert_type": "BRUTE_FORCE_15MIN",
  "ip": "203.0.113.27",
  "attempt_count": 4,
  "window_minutes": 9,
  "first_attempt": "2025-11-01T09:00:00",
  "last_attempt": "2025-11-01T09:09:00",
  "log_lines": [
    7,
    15,
    4,
    6
  ],
  "severity": "CRITICAL",
  "recommendation": "BLOCK IP + INVESTIGATE"
}
2025-11-24 11:30:01,851 | INFO | === EMAIL ALERTS MODULE STARTED ===
2025-11-24 11:30:01,853 | WARNING | ALERT: 203.0.113.27 → 4 attempts
2025-11-24 11:30:21,323 | INFO | EMAIL SENT: 1 alert(s) to cyberlootkeeper@gmail.com
2025-11-24 11:35:01,425 | INFO | === BRUTE-FORCE DETECTOR STARTED ===
2025-11-24 11:35:01,425 | INFO | Config: {'log_file': 'month1/fake_auth.log', 'output_file': 'month1/alerts.json', 'threshold_count': 3, 'time_window_minutes': 15, 'log_level': 'INFO', 'alert_title': 'BRUTE_FORCE_15MIN', 'smtp_server': 'smtp.gmail.com', 'smtp_port': 587, 'email_from': 'suleephraim1@gmail.com', 'email_to': 'cyberlootkeeper@gmail.com', 'email_password': 'uwijddtfwdtmmony'}
2025-11-24 11:35:01,429 | INFO | Parsed 5 failed logins
2025-11-24 11:35:01,429 | WARNING | ALERT: 203.0.113.27 → 4 attempts in window
2025-11-24 11:35:01,430 | INFO | Exported 1 alert(s) to month1/alerts.json
2025-11-24 11:35:01,430 | INFO | Sample: {
  "alert_type": "BRUTE_FORCE_15MIN",
  "ip": "203.0.113.27",
  "attempt_count": 4,
  "window_minutes": 9,
  "first_attempt": "2025-11-01T09:00:00",
  "last_attempt": "2025-11-01T09:09:00",
  "log_lines": [
    7,
    15,
    4,
    6
  ],
  "severity": "CRITICAL",
  "recommendation": "BLOCK IP + INVESTIGATE"
}
2025-11-24 11:35:01,495 | INFO | === EMAIL ALERTS MODULE STARTED ===
2025-11-24 11:35:01,497 | WARNING | ALERT: 203.0.113.27 → 4 attempts
2025-11-24 11:35:07,117 | INFO | EMAIL SENT: 1 alert(s) to cyberlootkeeper@gmail.com
2025-11-24 11:40:01,231 | INFO | === BRUTE-FORCE DETECTOR STARTED ===
2025-11-24 11:40:01,231 | INFO | Config: {'log_file': 'month1/fake_auth.log', 'output_file': 'month1/alerts.json', 'threshold_count': 3, 'time_window_minutes': 15, 'log_level': 'INFO', 'alert_title': 'BRUTE_FORCE_15MIN', 'smtp_server': 'smtp.gmail.com', 'smtp_port': 587, 'email_from': 'suleephraim1@gmail.com', 'email_to': 'cyberlootkeeper@gmail.com', 'email_password': 'uwijddtfwdtmmony'}
2025-11-24 11:40:01,236 | INFO | Parsed 5 failed logins
2025-11-24 11:40:01,236 | WARNING | ALERT: 203.0.113.27 → 4 attempts in window
2025-11-24 11:40:01,236 | INFO | Exported 1 alert(s) to month1/alerts.json
2025-11-24 11:40:01,237 | INFO | Sample: {
  "alert_type": "BRUTE_FORCE_15MIN",
  "ip": "203.0.113.27",
  "attempt_count": 4,
  "window_minutes": 9,
  "first_attempt": "2025-11-01T09:00:00",
  "last_attempt": "2025-11-01T09:09:00",
  "log_lines": [
    7,
    15,
    4,
    6
  ],
  "severity": "CRITICAL",
  "recommendation": "BLOCK IP + INVESTIGATE"
}
2025-11-24 11:40:01,305 | INFO | === EMAIL ALERTS MODULE STARTED ===
2025-11-24 11:40:01,308 | WARNING | ALERT: 203.0.113.27 → 4 attempts
2025-11-24 11:40:06,732 | INFO | EMAIL SENT: 1 alert(s) to cyberlootkeeper@gmail.com
2025-11-24 11:45:01,882 | INFO | === BRUTE-FORCE DETECTOR STARTED ===
2025-11-24 11:45:01,882 | INFO | Config: {'log_file': 'month1/fake_auth.log', 'output_file': 'month1/alerts.json', 'threshold_count': 3, 'time_window_minutes': 15, 'log_level': 'INFO', 'alert_title': 'BRUTE_FORCE_15MIN', 'smtp_server': 'smtp.gmail.com', 'smtp_port': 587, 'email_from': 'suleephraim1@gmail.com', 'email_to': 'cyberlootkeeper@gmail.com', 'email_password': 'uwijddtfwdtmmony'}
2025-11-24 11:45:01,886 | INFO | Parsed 5 failed logins
2025-11-24 11:45:01,887 | WARNING | ALERT: 203.0.113.27 → 4 attempts in window
2025-11-24 11:45:01,887 | INFO | Exported 1 alert(s) to month1/alerts.json
2025-11-24 11:45:01,887 | INFO | Sample: {
  "alert_type": "BRUTE_FORCE_15MIN",
  "ip": "203.0.113.27",
  "attempt_count": 4,
  "window_minutes": 9,
  "first_attempt": "2025-11-01T09:00:00",
  "last_attempt": "2025-11-01T09:09:00",
  "log_lines": [
    7,
    15,
    4,
    6
  ],
  "severity": "CRITICAL",
  "recommendation": "BLOCK IP + INVESTIGATE"
}
2025-11-24 11:45:01,999 | INFO | === EMAIL ALERTS MODULE STARTED ===
2025-11-24 11:45:02,001 | WARNING | ALERT: 203.0.113.27 → 4 attempts
2025-11-24 11:45:07,475 | INFO | EMAIL SENT: 1 alert(s) to cyberlootkeeper@gmail.com
2025-11-24 11:50:01,578 | INFO | === BRUTE-FORCE DETECTOR STARTED ===
2025-11-24 11:50:01,578 | INFO | Config: {'log_file': 'month1/fake_auth.log', 'output_file': 'month1/alerts.json', 'threshold_count': 3, 'time_window_minutes': 15, 'log_level': 'INFO', 'alert_title': 'BRUTE_FORCE_15MIN', 'smtp_server': 'smtp.gmail.com', 'smtp_port': 587, 'email_from': 'suleephraim1@gmail.com', 'email_to': 'cyberlootkeeper@gmail.com', 'email_password': 'uwijddtfwdtmmony'}
2025-11-24 11:50:01,582 | INFO | Parsed 5 failed logins
2025-11-24 11:50:01,583 | WARNING | ALERT: 203.0.113.27 → 4 attempts in window
2025-11-24 11:50:01,583 | INFO | Exported 1 alert(s) to month1/alerts.json
2025-11-24 11:50:01,583 | INFO | Sample: {
  "alert_type": "BRUTE_FORCE_15MIN",
  "ip": "203.0.113.27",
  "attempt_count": 4,
  "window_minutes": 9,
  "first_attempt": "2025-11-01T09:00:00",
  "last_attempt": "2025-11-01T09:09:00",
  "log_lines": [
    7,
    15,
    4,
    6
  ],
  "severity": "CRITICAL",
  "recommendation": "BLOCK IP + INVESTIGATE"
}
2025-11-24 11:50:01,646 | INFO | === EMAIL ALERTS MODULE STARTED ===
2025-11-24 11:50:01,648 | WARNING | ALERT: 203.0.113.27 → 4 attempts
2025-11-24 11:50:25,014 | INFO | EMAIL SENT: 1 alert(s) to cyberlootkeeper@gmail.com
2025-11-24 11:55:01,152 | INFO | === BRUTE-FORCE DETECTOR STARTED ===
2025-11-24 11:55:01,153 | INFO | Config: {'log_file': 'month1/fake_auth.log', 'output_file': 'month1/alerts.json', 'threshold_count': 3, 'time_window_minutes': 15, 'log_level': 'INFO', 'alert_title': 'BRUTE_FORCE_15MIN', 'smtp_server': 'smtp.gmail.com', 'smtp_port': 587, 'email_from': 'suleephraim1@gmail.com', 'email_to': 'cyberlootkeeper@gmail.com', 'email_password': 'uwijddtfwdtmmony'}
2025-11-24 11:55:01,159 | INFO | Parsed 5 failed logins
2025-11-24 11:55:01,160 | WARNING | ALERT: 203.0.113.27 → 4 attempts in window
2025-11-24 11:55:01,160 | INFO | Exported 1 alert(s) to month1/alerts.json
2025-11-24 11:55:01,160 | INFO | Sample: {
  "alert_type": "BRUTE_FORCE_15MIN",
  "ip": "203.0.113.27",
  "attempt_count": 4,
  "window_minutes": 9,
  "first_attempt": "2025-11-01T09:00:00",
  "last_attempt": "2025-11-01T09:09:00",
  "log_lines": [
    7,
    15,
    4,
    6
  ],
  "severity": "CRITICAL",
  "recommendation": "BLOCK IP + INVESTIGATE"
}
2025-11-24 11:55:01,271 | INFO | === EMAIL ALERTS MODULE STARTED ===
2025-11-24 11:55:01,274 | WARNING | ALERT: 203.0.113.27 → 4 attempts
2025-11-24 11:55:24,633 | INFO | EMAIL SENT: 1 alert(s) to cyberlootkeeper@gmail.com
2025-11-24 12:00:01,750 | INFO | === BRUTE-FORCE DETECTOR STARTED ===
2025-11-24 12:00:01,750 | INFO | Config: {'log_file': 'month1/fake_auth.log', 'output_file': 'month1/alerts.json', 'threshold_count': 3, 'time_window_minutes': 15, 'log_level': 'INFO', 'alert_title': 'BRUTE_FORCE_15MIN', 'smtp_server': 'smtp.gmail.com', 'smtp_port': 587, 'email_from': 'suleephraim1@gmail.com', 'email_to': 'cyberlootkeeper@gmail.com', 'email_password': 'uwijddtfwdtmmony'}
2025-11-24 12:00:01,754 | INFO | Parsed 5 failed logins
2025-11-24 12:00:01,754 | WARNING | ALERT: 203.0.113.27 → 4 attempts in window
2025-11-24 12:00:01,755 | INFO | Exported 1 alert(s) to month1/alerts.json
2025-11-24 12:00:01,755 | INFO | Sample: {
  "alert_type": "BRUTE_FORCE_15MIN",
  "ip": "203.0.113.27",
  "attempt_count": 4,
  "window_minutes": 9,
  "first_attempt": "2025-11-01T09:00:00",
  "last_attempt": "2025-11-01T09:09:00",
  "log_lines": [
    7,
    15,
    4,
    6
  ],
  "severity": "CRITICAL",
  "recommendation": "BLOCK IP + INVESTIGATE"
}
2025-11-24 12:00:01,820 | INFO | === EMAIL ALERTS MODULE STARTED ===
2025-11-24 12:00:01,821 | WARNING | ALERT: 203.0.113.27 → 4 attempts
2025-11-24 12:00:06,340 | INFO | EMAIL SENT: 1 alert(s) to cyberlootkeeper@gmail.com
2025-11-24 12:05:01,538 | INFO | === BRUTE-FORCE DETECTOR STARTED ===
2025-11-24 12:05:01,538 | INFO | Config: {'log_file': 'month1/fake_auth.log', 'output_file': 'month1/alerts.json', 'threshold_count': 3, 'time_window_minutes': 15, 'log_level': 'INFO', 'alert_title': 'BRUTE_FORCE_15MIN', 'smtp_server': 'smtp.gmail.com', 'smtp_port': 587, 'email_from': 'suleephraim1@gmail.com', 'email_to': 'cyberlootkeeper@gmail.com', 'email_password': 'uwijddtfwdtmmony'}
2025-11-24 12:05:01,546 | INFO | Parsed 5 failed logins
2025-11-24 12:05:01,546 | WARNING | ALERT: 203.0.113.27 → 4 attempts in window
2025-11-24 12:05:01,547 | INFO | Exported 1 alert(s) to month1/alerts.json
2025-11-24 12:05:01,547 | INFO | Sample: {
  "alert_type": "BRUTE_FORCE_15MIN",
  "ip": "203.0.113.27",
  "attempt_count": 4,
  "window_minutes": 9,
  "first_attempt": "2025-11-01T09:00:00",
  "last_attempt": "2025-11-01T09:09:00",
  "log_lines": [
    7,
    15,
    4,
    6
  ],
  "severity": "CRITICAL",
  "recommendation": "BLOCK IP + INVESTIGATE"
}
2025-11-24 12:05:01,669 | INFO | === EMAIL ALERTS MODULE STARTED ===
2025-11-24 12:05:01,672 | WARNING | ALERT: 203.0.113.27 → 4 attempts
2025-11-24 12:05:06,264 | INFO | EMAIL SENT: 1 alert(s) to cyberlootkeeper@gmail.com
2025-11-24 12:10:01,381 | INFO | === BRUTE-FORCE DETECTOR STARTED ===
2025-11-24 12:10:01,381 | INFO | Config: {'log_file': 'month1/fake_auth.log', 'output_file': 'month1/alerts.json', 'threshold_count': 3, 'time_window_minutes': 15, 'log_level': 'INFO', 'alert_title': 'BRUTE_FORCE_15MIN', 'smtp_server': 'smtp.gmail.com', 'smtp_port': 587, 'email_from': 'suleephraim1@gmail.com', 'email_to': 'cyberlootkeeper@gmail.com', 'email_password': 'uwijddtfwdtmmony'}
2025-11-24 12:10:01,385 | INFO | Parsed 5 failed logins
2025-11-24 12:10:01,385 | WARNING | ALERT: 203.0.113.27 → 4 attempts in window
2025-11-24 12:10:01,386 | INFO | Exported 1 alert(s) to month1/alerts.json
2025-11-24 12:10:01,386 | INFO | Sample: {
  "alert_type": "BRUTE_FORCE_15MIN",
  "ip": "203.0.113.27",
  "attempt_count": 4,
  "window_minutes": 9,
  "first_attempt": "2025-11-01T09:00:00",
  "last_attempt": "2025-11-01T09:09:00",
  "log_lines": [
    7,
    15,
    4,
    6
  ],
  "severity": "CRITICAL",
  "recommendation": "BLOCK IP + INVESTIGATE"
}
2025-11-24 12:10:01,450 | INFO | === EMAIL ALERTS MODULE STARTED ===
2025-11-24 12:10:01,451 | WARNING | ALERT: 203.0.113.27 → 4 attempts
2025-11-24 12:10:04,887 | INFO | EMAIL SENT: 1 alert(s) to cyberlootkeeper@gmail.com
2025-11-24 12:15:02,060 | INFO | === BRUTE-FORCE DETECTOR STARTED ===
2025-11-24 12:15:02,061 | INFO | Config: {'log_file': 'month1/fake_auth.log', 'output_file': 'month1/alerts.json', 'threshold_count': 3, 'time_window_minutes': 15, 'log_level': 'INFO', 'alert_title': 'BRUTE_FORCE_15MIN', 'smtp_server': 'smtp.gmail.com', 'smtp_port': 587, 'email_from': 'suleephraim1@gmail.com', 'email_to': 'cyberlootkeeper@gmail.com', 'email_password': 'uwijddtfwdtmmony'}
2025-11-24 12:15:02,068 | INFO | Parsed 5 failed logins
2025-11-24 12:15:02,068 | WARNING | ALERT: 203.0.113.27 → 4 attempts in window
2025-11-24 12:15:02,069 | INFO | Exported 1 alert(s) to month1/alerts.json
2025-11-24 12:15:02,069 | INFO | Sample: {
  "alert_type": "BRUTE_FORCE_15MIN",
  "ip": "203.0.113.27",
  "attempt_count": 4,
  "window_minutes": 9,
  "first_attempt": "2025-11-01T09:00:00",
  "last_attempt": "2025-11-01T09:09:00",
  "log_lines": [
    7,
    15,
    4,
    6
  ],
  "severity": "CRITICAL",
  "recommendation": "BLOCK IP + INVESTIGATE"
}
2025-11-24 12:15:02,203 | INFO | === EMAIL ALERTS MODULE STARTED ===
2025-11-24 12:15:02,207 | WARNING | ALERT: 203.0.113.27 → 4 attempts
2025-11-24 12:15:05,663 | INFO | EMAIL SENT: 1 alert(s) to cyberlootkeeper@gmail.com
2025-11-24 12:20:01,864 | INFO | === BRUTE-FORCE DETECTOR STARTED ===
2025-11-24 12:20:01,865 | INFO | Config: {'log_file': 'month1/fake_auth.log', 'output_file': 'month1/alerts.json', 'threshold_count': 3, 'time_window_minutes': 15, 'log_level': 'INFO', 'alert_title': 'BRUTE_FORCE_15MIN', 'smtp_server': 'smtp.gmail.com', 'smtp_port': 587, 'email_from': 'suleephraim1@gmail.com', 'email_to': 'cyberlootkeeper@gmail.com', 'email_password': 'uwijddtfwdtmmony'}
2025-11-24 12:20:01,872 | INFO | Parsed 5 failed logins
2025-11-24 12:20:01,872 | WARNING | ALERT: 203.0.113.27 → 4 attempts in window
2025-11-24 12:20:01,873 | INFO | Exported 1 alert(s) to month1/alerts.json
2025-11-24 12:20:01,873 | INFO | Sample: {
  "alert_type": "BRUTE_FORCE_15MIN",
  "ip": "203.0.113.27",
  "attempt_count": 4,
  "window_minutes": 9,
  "first_attempt": "2025-11-01T09:00:00",
  "last_attempt": "2025-11-01T09:09:00",
  "log_lines": [
    7,
    15,
    4,
    6
  ],
  "severity": "CRITICAL",
  "recommendation": "BLOCK IP + INVESTIGATE"
}
2025-11-24 12:20:02,000 | INFO | === EMAIL ALERTS MODULE STARTED ===
2025-11-24 12:20:02,003 | WARNING | ALERT: 203.0.113.27 → 4 attempts
2025-11-24 12:20:05,404 | INFO | EMAIL SENT: 1 alert(s) to cyberlootkeeper@gmail.com
2025-11-24 12:25:01,576 | INFO | === BRUTE-FORCE DETECTOR STARTED ===
2025-11-24 12:25:01,577 | INFO | Config: {'log_file': 'month1/fake_auth.log', 'output_file': 'month1/alerts.json', 'threshold_count': 3, 'time_window_minutes': 15, 'log_level': 'INFO', 'alert_title': 'BRUTE_FORCE_15MIN', 'smtp_server': 'smtp.gmail.com', 'smtp_port': 587, 'email_from': 'suleephraim1@gmail.com', 'email_to': 'cyberlootkeeper@gmail.com', 'email_password': 'uwijddtfwdtmmony'}
2025-11-24 12:25:01,584 | INFO | Parsed 5 failed logins
2025-11-24 12:25:01,584 | WARNING | ALERT: 203.0.113.27 → 4 attempts in window
2025-11-24 12:25:01,585 | INFO | Exported 1 alert(s) to month1/alerts.json
2025-11-24 12:25:01,585 | INFO | Sample: {
  "alert_type": "BRUTE_FORCE_15MIN",
  "ip": "203.0.113.27",
  "attempt_count": 4,
  "window_minutes": 9,
  "first_attempt": "2025-11-01T09:00:00",
  "last_attempt": "2025-11-01T09:09:00",
  "log_lines": [
    7,
    15,
    4,
    6
  ],
  "severity": "CRITICAL",
  "recommendation": "BLOCK IP + INVESTIGATE"
}
2025-11-24 12:25:01,716 | INFO | === EMAIL ALERTS MODULE STARTED ===
2025-11-24 12:25:01,719 | WARNING | ALERT: 203.0.113.27 → 4 attempts
2025-11-24 12:25:21,218 | INFO | EMAIL SENT: 1 alert(s) to cyberlootkeeper@gmail.com
2025-11-24 12:30:01,334 | INFO | === BRUTE-FORCE DETECTOR STARTED ===
2025-11-24 12:30:01,334 | INFO | Config: {'log_file': 'month1/fake_auth.log', 'output_file': 'month1/alerts.json', 'threshold_count': 3, 'time_window_minutes': 15, 'log_level': 'INFO', 'alert_title': 'BRUTE_FORCE_15MIN', 'smtp_server': 'smtp.gmail.com', 'smtp_port': 587, 'email_from': 'suleephraim1@gmail.com', 'email_to': 'cyberlootkeeper@gmail.com', 'email_password': 'uwijddtfwdtmmony'}
2025-11-24 12:30:01,338 | INFO | Parsed 5 failed logins
2025-11-24 12:30:01,338 | WARNING | ALERT: 203.0.113.27 → 4 attempts in window
2025-11-24 12:30:01,339 | INFO | Exported 1 alert(s) to month1/alerts.json
2025-11-24 12:30:01,339 | INFO | Sample: {
  "alert_type": "BRUTE_FORCE_15MIN",
  "ip": "203.0.113.27",
  "attempt_count": 4,
  "window_minutes": 9,
  "first_attempt": "2025-11-01T09:00:00",
  "last_attempt": "2025-11-01T09:09:00",
  "log_lines": [
    7,
    15,
    4,
    6
  ],
  "severity": "CRITICAL",
  "recommendation": "BLOCK IP + INVESTIGATE"
}
2025-11-24 12:30:01,426 | INFO | === EMAIL ALERTS MODULE STARTED ===
2025-11-24 12:30:01,429 | WARNING | ALERT: 203.0.113.27 → 4 attempts
2025-11-24 12:30:04,874 | INFO | EMAIL SENT: 1 alert(s) to cyberlootkeeper@gmail.com
2025-11-24 12:35:02,026 | INFO | === BRUTE-FORCE DETECTOR STARTED ===
2025-11-24 12:35:02,026 | INFO | Config: {'log_file': 'month1/fake_auth.log', 'output_file': 'month1/alerts.json', 'threshold_count': 3, 'time_window_minutes': 15, 'log_level': 'INFO', 'alert_title': 'BRUTE_FORCE_15MIN', 'smtp_server': 'smtp.gmail.com', 'smtp_port': 587, 'email_from': 'suleephraim1@gmail.com', 'email_to': 'cyberlootkeeper@gmail.com', 'email_password': 'uwijddtfwdtmmony'}
2025-11-24 12:35:02,034 | INFO | Parsed 5 failed logins
2025-11-24 12:35:02,034 | WARNING | ALERT: 203.0.113.27 → 4 attempts in window
2025-11-24 12:35:02,034 | INFO | Exported 1 alert(s) to month1/alerts.json
2025-11-24 12:35:02,035 | INFO | Sample: {
  "alert_type": "BRUTE_FORCE_15MIN",
  "ip": "203.0.113.27",
  "attempt_count": 4,
  "window_minutes": 9,
  "first_attempt": "2025-11-01T09:00:00",
  "last_attempt": "2025-11-01T09:09:00",
  "log_lines": [
    7,
    15,
    4,
    6
  ],
  "severity": "CRITICAL",
  "recommendation": "BLOCK IP + INVESTIGATE"
}
2025-11-24 12:35:02,157 | INFO | === EMAIL ALERTS MODULE STARTED ===
2025-11-24 12:35:02,160 | WARNING | ALERT: 203.0.113.27 → 4 attempts
2025-11-24 12:35:07,473 | INFO | EMAIL SENT: 1 alert(s) to cyberlootkeeper@gmail.com
2025-11-24 12:40:01,618 | INFO | === BRUTE-FORCE DETECTOR STARTED ===
2025-11-24 12:40:01,618 | INFO | Config: {'log_file': 'month1/fake_auth.log', 'output_file': 'month1/alerts.json', 'threshold_count': 3, 'time_window_minutes': 15, 'log_level': 'INFO', 'alert_title': 'BRUTE_FORCE_15MIN', 'smtp_server': 'smtp.gmail.com', 'smtp_port': 587, 'email_from': 'suleephraim1@gmail.com', 'email_to': 'cyberlootkeeper@gmail.com', 'email_password': 'uwijddtfwdtmmony'}
2025-11-24 12:40:01,625 | INFO | Parsed 5 failed logins
2025-11-24 12:40:01,625 | WARNING | ALERT: 203.0.113.27 → 4 attempts in window
2025-11-24 12:40:01,625 | INFO | Exported 1 alert(s) to month1/alerts.json
2025-11-24 12:40:01,625 | INFO | Sample: {
  "alert_type": "BRUTE_FORCE_15MIN",
  "ip": "203.0.113.27",
  "attempt_count": 4,
  "window_minutes": 9,
  "first_attempt": "2025-11-01T09:00:00",
  "last_attempt": "2025-11-01T09:09:00",
  "log_lines": [
    7,
    15,
    4,
    6
  ],
  "severity": "CRITICAL",
  "recommendation": "BLOCK IP + INVESTIGATE"
}
2025-11-24 12:40:01,707 | INFO | === EMAIL ALERTS MODULE STARTED ===
2025-11-24 12:40:01,710 | WARNING | ALERT: 203.0.113.27 → 4 attempts
2025-11-24 12:40:06,180 | INFO | EMAIL SENT: 1 alert(s) to cyberlootkeeper@gmail.com
2025-11-24 12:45:01,310 | INFO | === BRUTE-FORCE DETECTOR STARTED ===
2025-11-24 12:45:01,310 | INFO | Config: {'log_file': 'month1/fake_auth.log', 'output_file': 'month1/alerts.json', 'threshold_count': 3, 'time_window_minutes': 15, 'log_level': 'INFO', 'alert_title': 'BRUTE_FORCE_15MIN', 'smtp_server': 'smtp.gmail.com', 'smtp_port': 587, 'email_from': 'suleephraim1@gmail.com', 'email_to': 'cyberlootkeeper@gmail.com', 'email_password': 'uwijddtfwdtmmony'}
2025-11-24 12:45:01,316 | INFO | Parsed 5 failed logins
2025-11-24 12:45:01,316 | WARNING | ALERT: 203.0.113.27 → 4 attempts in window
2025-11-24 12:45:01,316 | INFO | Exported 1 alert(s) to month1/alerts.json
2025-11-24 12:45:01,317 | INFO | Sample: {
  "alert_type": "BRUTE_FORCE_15MIN",
  "ip": "203.0.113.27",
  "attempt_count": 4,
  "window_minutes": 9,
  "first_attempt": "2025-11-01T09:00:00",
  "last_attempt": "2025-11-01T09:09:00",
  "log_lines": [
    7,
    15,
    4,
    6
  ],
  "severity": "CRITICAL",
  "recommendation": "BLOCK IP + INVESTIGATE"
}
2025-11-24 12:45:01,398 | INFO | === EMAIL ALERTS MODULE STARTED ===
2025-11-24 12:45:01,400 | WARNING | ALERT: 203.0.113.27 → 4 attempts
2025-11-24 12:45:07,219 | INFO | EMAIL SENT: 1 alert(s) to cyberlootkeeper@gmail.com
2025-11-24 12:50:01,333 | INFO | === BRUTE-FORCE DETECTOR STARTED ===
2025-11-24 12:50:01,333 | INFO | Config: {'log_file': 'month1/fake_auth.log', 'output_file': 'month1/alerts.json', 'threshold_count': 3, 'time_window_minutes': 15, 'log_level': 'INFO', 'alert_title': 'BRUTE_FORCE_15MIN', 'smtp_server': 'smtp.gmail.com', 'smtp_port': 587, 'email_from': 'suleephraim1@gmail.com', 'email_to': 'cyberlootkeeper@gmail.com', 'email_password': 'uwijddtfwdtmmony'}
2025-11-24 12:50:01,337 | INFO | Parsed 5 failed logins
2025-11-24 12:50:01,337 | WARNING | ALERT: 203.0.113.27 → 4 attempts in window
2025-11-24 12:50:01,337 | INFO | Exported 1 alert(s) to month1/alerts.json
2025-11-24 12:50:01,337 | INFO | Sample: {
  "alert_type": "BRUTE_FORCE_15MIN",
  "ip": "203.0.113.27",
  "attempt_count": 4,
  "window_minutes": 9,
  "first_attempt": "2025-11-01T09:00:00",
  "last_attempt": "2025-11-01T09:09:00",
  "log_lines": [
    7,
    15,
    4,
    6
  ],
  "severity": "CRITICAL",
  "recommendation": "BLOCK IP + INVESTIGATE"
}
2025-11-24 12:50:01,405 | INFO | === EMAIL ALERTS MODULE STARTED ===
2025-11-24 12:50:01,408 | WARNING | ALERT: 203.0.113.27 → 4 attempts
2025-11-24 12:50:05,806 | INFO | EMAIL SENT: 1 alert(s) to cyberlootkeeper@gmail.com
2025-11-24 12:55:01,939 | INFO | === BRUTE-FORCE DETECTOR STARTED ===
2025-11-24 12:55:01,939 | INFO | Config: {'log_file': 'month1/fake_auth.log', 'output_file': 'month1/alerts.json', 'threshold_count': 3, 'time_window_minutes': 15, 'log_level': 'INFO', 'alert_title': 'BRUTE_FORCE_15MIN', 'smtp_server': 'smtp.gmail.com', 'smtp_port': 587, 'email_from': 'suleephraim1@gmail.com', 'email_to': 'cyberlootkeeper@gmail.com', 'email_password': 'uwijddtfwdtmmony'}
2025-11-24 12:55:01,944 | INFO | Parsed 5 failed logins
2025-11-24 12:55:01,945 | WARNING | ALERT: 203.0.113.27 → 4 attempts in window
2025-11-24 12:55:01,945 | INFO | Exported 1 alert(s) to month1/alerts.json
2025-11-24 12:55:01,945 | INFO | Sample: {
  "alert_type": "BRUTE_FORCE_15MIN",
  "ip": "203.0.113.27",
  "attempt_count": 4,
  "window_minutes": 9,
  "first_attempt": "2025-11-01T09:00:00",
  "last_attempt": "2025-11-01T09:09:00",
  "log_lines": [
    7,
    15,
    4,
    6
  ],
  "severity": "CRITICAL",
  "recommendation": "BLOCK IP + INVESTIGATE"
}
2025-11-24 12:55:02,035 | INFO | === EMAIL ALERTS MODULE STARTED ===
2025-11-24 12:55:02,037 | WARNING | ALERT: 203.0.113.27 → 4 attempts
2025-11-24 12:55:06,446 | INFO | EMAIL SENT: 1 alert(s) to cyberlootkeeper@gmail.com
2025-11-24 13:00:01,600 | INFO | === BRUTE-FORCE DETECTOR STARTED ===
2025-11-24 13:00:01,600 | INFO | Config: {'log_file': 'month1/fake_auth.log', 'output_file': 'month1/alerts.json', 'threshold_count': 3, 'time_window_minutes': 15, 'log_level': 'INFO', 'alert_title': 'BRUTE_FORCE_15MIN', 'smtp_server': 'smtp.gmail.com', 'smtp_port': 587, 'email_from': 'suleephraim1@gmail.com', 'email_to': 'cyberlootkeeper@gmail.com', 'email_password': 'uwijddtfwdtmmony'}
2025-11-24 13:00:01,607 | INFO | Parsed 5 failed logins
2025-11-24 13:00:01,607 | WARNING | ALERT: 203.0.113.27 → 4 attempts in window
2025-11-24 13:00:01,607 | INFO | Exported 1 alert(s) to month1/alerts.json
2025-11-24 13:00:01,608 | INFO | Sample: {
  "alert_type": "BRUTE_FORCE_15MIN",
  "ip": "203.0.113.27",
  "attempt_count": 4,
  "window_minutes": 9,
  "first_attempt": "2025-11-01T09:00:00",
  "last_attempt": "2025-11-01T09:09:00",
  "log_lines": [
    7,
    15,
    4,
    6
  ],
  "severity": "CRITICAL",
  "recommendation": "BLOCK IP + INVESTIGATE"
}
2025-11-24 13:00:01,756 | INFO | === EMAIL ALERTS MODULE STARTED ===
2025-11-24 13:00:01,760 | WARNING | ALERT: 203.0.113.27 → 4 attempts
2025-11-24 13:00:06,064 | INFO | EMAIL SENT: 1 alert(s) to cyberlootkeeper@gmail.com
2025-11-24 13:05:01,237 | INFO | === BRUTE-FORCE DETECTOR STARTED ===
2025-11-24 13:05:01,238 | INFO | Config: {'log_file': 'month1/fake_auth.log', 'output_file': 'month1/alerts.json', 'threshold_count': 3, 'time_window_minutes': 15, 'log_level': 'INFO', 'alert_title': 'BRUTE_FORCE_15MIN', 'smtp_server': 'smtp.gmail.com', 'smtp_port': 587, 'email_from': 'suleephraim1@gmail.com', 'email_to': 'cyberlootkeeper@gmail.com', 'email_password': 'uwijddtfwdtmmony'}
2025-11-24 13:05:01,246 | INFO | Parsed 5 failed logins
2025-11-24 13:05:01,247 | WARNING | ALERT: 203.0.113.27 → 4 attempts in window
2025-11-24 13:05:01,248 | INFO | Exported 1 alert(s) to month1/alerts.json
2025-11-24 13:05:01,248 | INFO | Sample: {
  "alert_type": "BRUTE_FORCE_15MIN",
  "ip": "203.0.113.27",
  "attempt_count": 4,
  "window_minutes": 9,
  "first_attempt": "2025-11-01T09:00:00",
  "last_attempt": "2025-11-01T09:09:00",
  "log_lines": [
    7,
    15,
    4,
    6
  ],
  "severity": "CRITICAL",
  "recommendation": "BLOCK IP + INVESTIGATE"
}
2025-11-24 13:05:01,380 | INFO | === EMAIL ALERTS MODULE STARTED ===
2025-11-24 13:05:01,384 | WARNING | ALERT: 203.0.113.27 → 4 attempts
2025-11-24 13:05:21,865 | INFO | EMAIL SENT: 1 alert(s) to cyberlootkeeper@gmail.com
2025-11-24 13:10:02,025 | INFO | === BRUTE-FORCE DETECTOR STARTED ===
2025-11-24 13:10:02,025 | INFO | Config: {'log_file': 'month1/fake_auth.log', 'output_file': 'month1/alerts.json', 'threshold_count': 3, 'time_window_minutes': 15, 'log_level': 'INFO', 'alert_title': 'BRUTE_FORCE_15MIN', 'smtp_server': 'smtp.gmail.com', 'smtp_port': 587, 'email_from': 'suleephraim1@gmail.com', 'email_to': 'cyberlootkeeper@gmail.com', 'email_password': 'uwijddtfwdtmmony'}
2025-11-24 13:10:02,031 | INFO | Parsed 5 failed logins
2025-11-24 13:10:02,032 | WARNING | ALERT: 203.0.113.27 → 4 attempts in window
2025-11-24 13:10:02,032 | INFO | Exported 1 alert(s) to month1/alerts.json
2025-11-24 13:10:02,032 | INFO | Sample: {
  "alert_type": "BRUTE_FORCE_15MIN",
  "ip": "203.0.113.27",
  "attempt_count": 4,
  "window_minutes": 9,
  "first_attempt": "2025-11-01T09:00:00",
  "last_attempt": "2025-11-01T09:09:00",
  "log_lines": [
    7,
    15,
    4,
    6
  ],
  "severity": "CRITICAL",
  "recommendation": "BLOCK IP + INVESTIGATE"
}
2025-11-24 13:10:02,149 | INFO | === EMAIL ALERTS MODULE STARTED ===
2025-11-24 13:10:02,152 | WARNING | ALERT: 203.0.113.27 → 4 attempts
2025-11-24 13:10:05,613 | INFO | EMAIL SENT: 1 alert(s) to cyberlootkeeper@gmail.com
2025-11-24 13:15:01,789 | INFO | === BRUTE-FORCE DETECTOR STARTED ===
2025-11-24 13:15:01,789 | INFO | Config: {'log_file': 'month1/fake_auth.log', 'output_file': 'month1/alerts.json', 'threshold_count': 3, 'time_window_minutes': 15, 'log_level': 'INFO', 'alert_title': 'BRUTE_FORCE_15MIN', 'smtp_server': 'smtp.gmail.com', 'smtp_port': 587, 'email_from': 'suleephraim1@gmail.com', 'email_to': 'cyberlootkeeper@gmail.com', 'email_password': 'uwijddtfwdtmmony'}
2025-11-24 13:15:01,796 | INFO | Parsed 5 failed logins
2025-11-24 13:15:01,796 | WARNING | ALERT: 203.0.113.27 → 4 attempts in window
2025-11-24 13:15:01,797 | INFO | Exported 1 alert(s) to month1/alerts.json
2025-11-24 13:15:01,797 | INFO | Sample: {
  "alert_type": "BRUTE_FORCE_15MIN",
  "ip": "203.0.113.27",
  "attempt_count": 4,
  "window_minutes": 9,
  "first_attempt": "2025-11-01T09:00:00",
  "last_attempt": "2025-11-01T09:09:00",
  "log_lines": [
    7,
    15,
    4,
    6
  ],
  "severity": "CRITICAL",
  "recommendation": "BLOCK IP + INVESTIGATE"
}
2025-11-24 13:15:01,938 | INFO | === EMAIL ALERTS MODULE STARTED ===
2025-11-24 13:15:01,941 | WARNING | ALERT: 203.0.113.27 → 4 attempts
2025-11-24 13:15:20,390 | INFO | EMAIL SENT: 1 alert(s) to cyberlootkeeper@gmail.com
2025-11-24 13:20:01,571 | INFO | === BRUTE-FORCE DETECTOR STARTED ===
2025-11-24 13:20:01,572 | INFO | Config: {'log_file': 'month1/fake_auth.log', 'output_file': 'month1/alerts.json', 'threshold_count': 3, 'time_window_minutes': 15, 'log_level': 'INFO', 'alert_title': 'BRUTE_FORCE_15MIN', 'smtp_server': 'smtp.gmail.com', 'smtp_port': 587, 'email_from': 'suleephraim1@gmail.com', 'email_to': 'cyberlootkeeper@gmail.com', 'email_password': 'uwijddtfwdtmmony'}
2025-11-24 13:20:01,578 | INFO | Parsed 5 failed logins
2025-11-24 13:20:01,579 | WARNING | ALERT: 203.0.113.27 → 4 attempts in window
2025-11-24 13:20:01,579 | INFO | Exported 1 alert(s) to month1/alerts.json
2025-11-24 13:20:01,579 | INFO | Sample: {
  "alert_type": "BRUTE_FORCE_15MIN",
  "ip": "203.0.113.27",
  "attempt_count": 4,
  "window_minutes": 9,
  "first_attempt": "2025-11-01T09:00:00",
  "last_attempt": "2025-11-01T09:09:00",
  "log_lines": [
    7,
    15,
    4,
    6
  ],
  "severity": "CRITICAL",
  "recommendation": "BLOCK IP + INVESTIGATE"
}
2025-11-24 13:20:01,691 | INFO | === EMAIL ALERTS MODULE STARTED ===
2025-11-24 13:20:01,694 | WARNING | ALERT: 203.0.113.27 → 4 attempts
2025-11-24 13:20:07,118 | INFO | EMAIL SENT: 1 alert(s) to cyberlootkeeper@gmail.com
2025-11-24 13:25:01,248 | INFO | === BRUTE-FORCE DETECTOR STARTED ===
2025-11-24 13:25:01,248 | INFO | Config: {'log_file': 'month1/fake_auth.log', 'output_file': 'month1/alerts.json', 'threshold_count': 3, 'time_window_minutes': 15, 'log_level': 'INFO', 'alert_title': 'BRUTE_FORCE_15MIN', 'smtp_server': 'smtp.gmail.com', 'smtp_port': 587, 'email_from': 'suleephraim1@gmail.com', 'email_to': 'cyberlootkeeper@gmail.com', 'email_password': 'uwijddtfwdtmmony'}
2025-11-24 13:25:01,254 | INFO | Parsed 5 failed logins
2025-11-24 13:25:01,254 | WARNING | ALERT: 203.0.113.27 → 4 attempts in window
2025-11-24 13:25:01,254 | INFO | Exported 1 alert(s) to month1/alerts.json
2025-11-24 13:25:01,254 | INFO | Sample: {
  "alert_type": "BRUTE_FORCE_15MIN",
  "ip": "203.0.113.27",
  "attempt_count": 4,
  "window_minutes": 9,
  "first_attempt": "2025-11-01T09:00:00",
  "last_attempt": "2025-11-01T09:09:00",
  "log_lines": [
    7,
    15,
    4,
    6
  ],
  "severity": "CRITICAL",
  "recommendation": "BLOCK IP + INVESTIGATE"
}
2025-11-24 13:25:01,323 | INFO | === EMAIL ALERTS MODULE STARTED ===
2025-11-24 13:25:01,325 | WARNING | ALERT: 203.0.113.27 → 4 attempts
2025-11-24 13:25:20,773 | INFO | EMAIL SENT: 1 alert(s) to cyberlootkeeper@gmail.com
2025-11-24 13:30:01,916 | INFO | === BRUTE-FORCE DETECTOR STARTED ===
2025-11-24 13:30:01,916 | INFO | Config: {'log_file': 'month1/fake_auth.log', 'output_file': 'month1/alerts.json', 'threshold_count': 3, 'time_window_minutes': 15, 'log_level': 'INFO', 'alert_title': 'BRUTE_FORCE_15MIN', 'smtp_server': 'smtp.gmail.com', 'smtp_port': 587, 'email_from': 'suleephraim1@gmail.com', 'email_to': 'cyberlootkeeper@gmail.com', 'email_password': 'uwijddtfwdtmmony'}
2025-11-24 13:30:01,922 | INFO | Parsed 5 failed logins
2025-11-24 13:30:01,922 | WARNING | ALERT: 203.0.113.27 → 4 attempts in window
2025-11-24 13:30:01,922 | INFO | Exported 1 alert(s) to month1/alerts.json
2025-11-24 13:30:01,922 | INFO | Sample: {
  "alert_type": "BRUTE_FORCE_15MIN",
  "ip": "203.0.113.27",
  "attempt_count": 4,
  "window_minutes": 9,
  "first_attempt": "2025-11-01T09:00:00",
  "last_attempt": "2025-11-01T09:09:00",
  "log_lines": [
    7,
    15,
    4,
    6
  ],
  "severity": "CRITICAL",
  "recommendation": "BLOCK IP + INVESTIGATE"
}
2025-11-24 13:30:02,002 | INFO | === EMAIL ALERTS MODULE STARTED ===
2025-11-24 13:30:02,004 | WARNING | ALERT: 203.0.113.27 → 4 attempts
2025-11-24 13:30:21,013 | INFO | EMAIL SENT: 1 alert(s) to cyberlootkeeper@gmail.com
2025-11-24 13:35:01,181 | INFO | === BRUTE-FORCE DETECTOR STARTED ===
2025-11-24 13:35:01,182 | INFO | Config: {'log_file': 'month1/fake_auth.log', 'output_file': 'month1/alerts.json', 'threshold_count': 3, 'time_window_minutes': 15, 'log_level': 'INFO', 'alert_title': 'BRUTE_FORCE_15MIN', 'smtp_server': 'smtp.gmail.com', 'smtp_port': 587, 'email_from': 'suleephraim1@gmail.com', 'email_to': 'cyberlootkeeper@gmail.com', 'email_password': 'uwijddtfwdtmmony'}
2025-11-24 13:35:01,188 | INFO | Parsed 5 failed logins
2025-11-24 13:35:01,189 | WARNING | ALERT: 203.0.113.27 → 4 attempts in window
2025-11-24 13:35:01,189 | INFO | Exported 1 alert(s) to month1/alerts.json
2025-11-24 13:35:01,190 | INFO | Sample: {
  "alert_type": "BRUTE_FORCE_15MIN",
  "ip": "203.0.113.27",
  "attempt_count": 4,
  "window_minutes": 9,
  "first_attempt": "2025-11-01T09:00:00",
  "last_attempt": "2025-11-01T09:09:00",
  "log_lines": [
    7,
    15,
    4,
    6
  ],
  "severity": "CRITICAL",
  "recommendation": "BLOCK IP + INVESTIGATE"
}
2025-11-24 13:35:01,308 | INFO | === EMAIL ALERTS MODULE STARTED ===
2025-11-24 13:35:01,311 | WARNING | ALERT: 203.0.113.27 → 4 attempts
2025-11-24 13:35:25,553 | INFO | EMAIL SENT: 1 alert(s) to cyberlootkeeper@gmail.com
2025-11-24 13:40:01,700 | INFO | === BRUTE-FORCE DETECTOR STARTED ===
2025-11-24 13:40:01,701 | INFO | Config: {'log_file': 'month1/fake_auth.log', 'output_file': 'month1/alerts.json', 'threshold_count': 3, 'time_window_minutes': 15, 'log_level': 'INFO', 'alert_title': 'BRUTE_FORCE_15MIN', 'smtp_server': 'smtp.gmail.com', 'smtp_port': 587, 'email_from': 'suleephraim1@gmail.com', 'email_to': 'cyberlootkeeper@gmail.com', 'email_password': 'uwijddtfwdtmmony'}
2025-11-24 13:40:01,706 | INFO | Parsed 5 failed logins
2025-11-24 13:40:01,706 | WARNING | ALERT: 203.0.113.27 → 4 attempts in window
2025-11-24 13:40:01,707 | INFO | Exported 1 alert(s) to month1/alerts.json
2025-11-24 13:40:01,707 | INFO | Sample: {
  "alert_type": "BRUTE_FORCE_15MIN",
  "ip": "203.0.113.27",
  "attempt_count": 4,
  "window_minutes": 9,
  "first_attempt": "2025-11-01T09:00:00",
  "last_attempt": "2025-11-01T09:09:00",
  "log_lines": [
    7,
    15,
    4,
    6
  ],
  "severity": "CRITICAL",
  "recommendation": "BLOCK IP + INVESTIGATE"
}
2025-11-24 13:40:01,792 | INFO | === EMAIL ALERTS MODULE STARTED ===
2025-11-24 13:40:01,794 | WARNING | ALERT: 203.0.113.27 → 4 attempts
2025-11-24 13:40:26,201 | INFO | EMAIL SENT: 1 alert(s) to cyberlootkeeper@gmail.com
2025-11-24 13:45:01,384 | INFO | === BRUTE-FORCE DETECTOR STARTED ===
2025-11-24 13:45:01,384 | INFO | Config: {'log_file': 'month1/fake_auth.log', 'output_file': 'month1/alerts.json', 'threshold_count': 3, 'time_window_minutes': 15, 'log_level': 'INFO', 'alert_title': 'BRUTE_FORCE_15MIN', 'smtp_server': 'smtp.gmail.com', 'smtp_port': 587, 'email_from': 'suleephraim1@gmail.com', 'email_to': 'cyberlootkeeper@gmail.com', 'email_password': 'uwijddtfwdtmmony'}
2025-11-24 13:45:01,392 | INFO | Parsed 5 failed logins
2025-11-24 13:45:01,393 | WARNING | ALERT: 203.0.113.27 → 4 attempts in window
2025-11-24 13:45:01,393 | INFO | Exported 1 alert(s) to month1/alerts.json
2025-11-24 13:45:01,393 | INFO | Sample: {
  "alert_type": "BRUTE_FORCE_15MIN",
  "ip": "203.0.113.27",
  "attempt_count": 4,
  "window_minutes": 9,
  "first_attempt": "2025-11-01T09:00:00",
  "last_attempt": "2025-11-01T09:09:00",
  "log_lines": [
    7,
    15,
    4,
    6
  ],
  "severity": "CRITICAL",
  "recommendation": "BLOCK IP + INVESTIGATE"
}
2025-11-24 13:45:01,513 | INFO | === EMAIL ALERTS MODULE STARTED ===
2025-11-24 13:45:01,516 | WARNING | ALERT: 203.0.113.27 → 4 attempts
2025-11-24 13:45:05,959 | INFO | EMAIL SENT: 1 alert(s) to cyberlootkeeper@gmail.com
2025-11-24 13:50:02,049 | INFO | === BRUTE-FORCE DETECTOR STARTED ===
2025-11-24 13:50:02,049 | INFO | Config: {'log_file': 'month1/fake_auth.log', 'output_file': 'month1/alerts.json', 'threshold_count': 3, 'time_window_minutes': 15, 'log_level': 'INFO', 'alert_title': 'BRUTE_FORCE_15MIN', 'smtp_server': 'smtp.gmail.com', 'smtp_port': 587, 'email_from': 'suleephraim1@gmail.com', 'email_to': 'cyberlootkeeper@gmail.com', 'email_password': 'uwijddtfwdtmmony'}
2025-11-24 13:50:02,053 | INFO | Parsed 5 failed logins
2025-11-24 13:50:02,053 | WARNING | ALERT: 203.0.113.27 → 4 attempts in window
2025-11-24 13:50:02,054 | INFO | Exported 1 alert(s) to month1/alerts.json
2025-11-24 13:50:02,054 | INFO | Sample: {
  "alert_type": "BRUTE_FORCE_15MIN",
  "ip": "203.0.113.27",
  "attempt_count": 4,
  "window_minutes": 9,
  "first_attempt": "2025-11-01T09:00:00",
  "last_attempt": "2025-11-01T09:09:00",
  "log_lines": [
    7,
    15,
    4,
    6
  ],
  "severity": "CRITICAL",
  "recommendation": "BLOCK IP + INVESTIGATE"
}
2025-11-24 13:50:02,119 | INFO | === EMAIL ALERTS MODULE STARTED ===
2025-11-24 13:50:02,120 | WARNING | ALERT: 203.0.113.27 → 4 attempts
2025-11-24 13:50:21,559 | INFO | EMAIL SENT: 1 alert(s) to cyberlootkeeper@gmail.com
2025-11-24 13:55:01,750 | INFO | === BRUTE-FORCE DETECTOR STARTED ===
2025-11-24 13:55:01,751 | INFO | Config: {'log_file': 'month1/fake_auth.log', 'output_file': 'month1/alerts.json', 'threshold_count': 3, 'time_window_minutes': 15, 'log_level': 'INFO', 'alert_title': 'BRUTE_FORCE_15MIN', 'smtp_server': 'smtp.gmail.com', 'smtp_port': 587, 'email_from': 'suleephraim1@gmail.com', 'email_to': 'cyberlootkeeper@gmail.com', 'email_password': 'uwijddtfwdtmmony'}
2025-11-24 13:55:01,760 | INFO | Parsed 5 failed logins
2025-11-24 13:55:01,760 | WARNING | ALERT: 203.0.113.27 → 4 attempts in window
2025-11-24 13:55:01,761 | INFO | Exported 1 alert(s) to month1/alerts.json
2025-11-24 13:55:01,761 | INFO | Sample: {
  "alert_type": "BRUTE_FORCE_15MIN",
  "ip": "203.0.113.27",
  "attempt_count": 4,
  "window_minutes": 9,
  "first_attempt": "2025-11-01T09:00:00",
  "last_attempt": "2025-11-01T09:09:00",
  "log_lines": [
    7,
    15,
    4,
    6
  ],
  "severity": "CRITICAL",
  "recommendation": "BLOCK IP + INVESTIGATE"
}
2025-11-24 13:55:01,923 | INFO | === EMAIL ALERTS MODULE STARTED ===
2025-11-24 13:55:01,927 | WARNING | ALERT: 203.0.113.27 → 4 attempts
2025-11-24 13:55:20,371 | INFO | EMAIL SENT: 1 alert(s) to cyberlootkeeper@gmail.com
2025-11-24 14:00:01,996 | INFO | === BRUTE-FORCE DETECTOR STARTED ===
2025-11-24 14:00:01,997 | INFO | Config: {'log_file': 'month1/fake_auth.log', 'output_file': 'month1/alerts.json', 'threshold_count': 3, 'time_window_minutes': 15, 'log_level': 'INFO', 'alert_title': 'BRUTE_FORCE_15MIN', 'smtp_server': 'smtp.gmail.com', 'smtp_port': 587, 'email_from': 'suleephraim1@gmail.com', 'email_to': 'cyberlootkeeper@gmail.com', 'email_password': 'uwijddtfwdtmmony'}
2025-11-24 14:00:02,019 | INFO | Parsed 5 failed logins
2025-11-24 14:00:02,019 | WARNING | ALERT: 203.0.113.27 → 4 attempts in window
2025-11-24 14:00:02,020 | INFO | Exported 1 alert(s) to month1/alerts.json
2025-11-24 14:00:02,020 | INFO | Sample: {
  "alert_type": "BRUTE_FORCE_15MIN",
  "ip": "203.0.113.27",
  "attempt_count": 4,
  "window_minutes": 9,
  "first_attempt": "2025-11-01T09:00:00",
  "last_attempt": "2025-11-01T09:09:00",
  "log_lines": [
    7,
    15,
    4,
    6
  ],
  "severity": "CRITICAL",
  "recommendation": "BLOCK IP + INVESTIGATE"
}
2025-11-24 14:00:02,309 | INFO | === EMAIL ALERTS MODULE STARTED ===
2025-11-24 14:00:02,315 | WARNING | ALERT: 203.0.113.27 → 4 attempts
2025-11-24 14:00:21,755 | INFO | EMAIL SENT: 1 alert(s) to cyberlootkeeper@gmail.com
2025-11-24 14:05:01,976 | INFO | === BRUTE-FORCE DETECTOR STARTED ===
2025-11-24 14:05:01,999 | INFO | Config: {'log_file': 'month1/fake_auth.log', 'output_file': 'month1/alerts.json', 'threshold_count': 3, 'time_window_minutes': 15, 'log_level': 'INFO', 'alert_title': 'BRUTE_FORCE_15MIN', 'smtp_server': 'smtp.gmail.com', 'smtp_port': 587, 'email_from': 'suleephraim1@gmail.com', 'email_to': 'cyberlootkeeper@gmail.com', 'email_password': 'uwijddtfwdtmmony'}
2025-11-24 14:05:02,004 | INFO | Parsed 5 failed logins
2025-11-24 14:05:02,004 | WARNING | ALERT: 203.0.113.27 → 4 attempts in window
2025-11-24 14:05:02,021 | INFO | Exported 1 alert(s) to month1/alerts.json
2025-11-24 14:05:02,022 | INFO | Sample: {
  "alert_type": "BRUTE_FORCE_15MIN",
  "ip": "203.0.113.27",
  "attempt_count": 4,
  "window_minutes": 9,
  "first_attempt": "2025-11-01T09:00:00",
  "last_attempt": "2025-11-01T09:09:00",
  "log_lines": [
    7,
    15,
    4,
    6
  ],
  "severity": "CRITICAL",
  "recommendation": "BLOCK IP + INVESTIGATE"
}
2025-11-24 14:05:02,154 | INFO | === EMAIL ALERTS MODULE STARTED ===
2025-11-24 14:05:02,156 | WARNING | ALERT: 203.0.113.27 → 4 attempts
2025-11-24 14:10:01,797 | INFO | === BRUTE-FORCE DETECTOR STARTED ===
2025-11-24 14:10:01,824 | INFO | Config: {'log_file': 'month1/fake_auth.log', 'output_file': 'month1/alerts.json', 'threshold_count': 3, 'time_window_minutes': 15, 'log_level': 'INFO', 'alert_title': 'BRUTE_FORCE_15MIN', 'smtp_server': 'smtp.gmail.com', 'smtp_port': 587, 'email_from': 'suleephraim1@gmail.com', 'email_to': 'cyberlootkeeper@gmail.com', 'email_password': 'uwijddtfwdtmmony'}
2025-11-24 14:10:01,828 | INFO | Parsed 5 failed logins
2025-11-24 14:10:01,829 | WARNING | ALERT: 203.0.113.27 → 4 attempts in window
2025-11-24 14:10:01,832 | INFO | Exported 1 alert(s) to month1/alerts.json
2025-11-24 14:10:01,833 | INFO | Sample: {
  "alert_type": "BRUTE_FORCE_15MIN",
  "ip": "203.0.113.27",
  "attempt_count": 4,
  "window_minutes": 9,
  "first_attempt": "2025-11-01T09:00:00",
  "last_attempt": "2025-11-01T09:09:00",
  "log_lines": [
    7,
    15,
    4,
    6
  ],
  "severity": "CRITICAL",
  "recommendation": "BLOCK IP + INVESTIGATE"
}
2025-11-24 14:10:01,899 | INFO | === EMAIL ALERTS MODULE STARTED ===
2025-11-24 14:10:01,900 | WARNING | ALERT: 203.0.113.27 → 4 attempts
2025-11-24 14:15:01,114 | INFO | === BRUTE-FORCE DETECTOR STARTED ===
2025-11-24 14:15:01,115 | INFO | Config: {'log_file': 'month1/fake_auth.log', 'output_file': 'month1/alerts.json', 'threshold_count': 3, 'time_window_minutes': 15, 'log_level': 'INFO', 'alert_title': 'BRUTE_FORCE_15MIN', 'smtp_server': 'smtp.gmail.com', 'smtp_port': 587, 'email_from': 'suleephraim1@gmail.com', 'email_to': 'cyberlootkeeper@gmail.com', 'email_password': 'uwijddtfwdtmmony'}
2025-11-24 14:15:01,118 | INFO | Parsed 5 failed logins
2025-11-24 14:15:01,119 | WARNING | ALERT: 203.0.113.27 → 4 attempts in window
2025-11-24 14:15:01,119 | INFO | Exported 1 alert(s) to month1/alerts.json
2025-11-24 14:15:01,119 | INFO | Sample: {
  "alert_type": "BRUTE_FORCE_15MIN",
  "ip": "203.0.113.27",
  "attempt_count": 4,
  "window_minutes": 9,
  "first_attempt": "2025-11-01T09:00:00",
  "last_attempt": "2025-11-01T09:09:00",
  "log_lines": [
    7,
    15,
    4,
    6
  ],
  "severity": "CRITICAL",
  "recommendation": "BLOCK IP + INVESTIGATE"
}
2025-11-24 14:15:01,183 | INFO | === EMAIL ALERTS MODULE STARTED ===
2025-11-24 14:15:01,185 | WARNING | ALERT: 203.0.113.27 → 4 attempts
2025-11-25 06:45:01,159 | INFO | === BRUTE-FORCE DETECTOR STARTED ===
2025-11-25 06:45:01,159 | INFO | Config: {'log_file': 'month1/fake_auth.log', 'output_file': 'month1/alerts.json', 'threshold_count': 3, 'time_window_minutes': 15, 'log_level': 'INFO', 'alert_title': 'BRUTE_FORCE_15MIN', 'smtp_server': 'smtp.gmail.com', 'smtp_port': 587, 'email_from': 'suleephraim1@gmail.com', 'email_to': 'cyberlootkeeper@gmail.com', 'email_password': 'uwijddtfwdtmmony'}
2025-11-25 06:45:01,163 | INFO | Parsed 5 failed logins
2025-11-25 06:45:01,163 | WARNING | ALERT: 203.0.113.27 → 4 attempts in window
2025-11-25 06:45:01,164 | INFO | Exported 1 alert(s) to month1/alerts.json
2025-11-25 06:45:01,164 | INFO | Sample: {
  "alert_type": "BRUTE_FORCE_15MIN",
  "ip": "203.0.113.27",
  "attempt_count": 4,
  "window_minutes": 9,
  "first_attempt": "2025-11-01T09:00:00",
  "last_attempt": "2025-11-01T09:09:00",
  "log_lines": [
    7,
    15,
    4,
    6
  ],
  "severity": "CRITICAL",
  "recommendation": "BLOCK IP + INVESTIGATE"
}
2025-11-25 06:45:01,229 | INFO | === EMAIL ALERTS MODULE STARTED ===
2025-11-25 06:45:01,232 | WARNING | ALERT: 203.0.113.27 → 4 attempts
2025-11-25 06:50:01,905 | INFO | === BRUTE-FORCE DETECTOR STARTED ===
2025-11-25 06:50:01,905 | INFO | Config: {'log_file': 'month1/fake_auth.log', 'output_file': 'month1/alerts.json', 'threshold_count': 3, 'time_window_minutes': 15, 'log_level': 'INFO', 'alert_title': 'BRUTE_FORCE_15MIN', 'smtp_server': 'smtp.gmail.com', 'smtp_port': 587, 'email_from': 'suleephraim1@gmail.com', 'email_to': 'cyberlootkeeper@gmail.com', 'email_password': 'uwijddtfwdtmmony'}
2025-11-25 06:50:01,909 | INFO | Parsed 5 failed logins
2025-11-25 06:50:01,909 | WARNING | ALERT: 203.0.113.27 → 4 attempts in window
2025-11-25 06:50:01,910 | INFO | Exported 1 alert(s) to month1/alerts.json
2025-11-25 06:50:01,910 | INFO | Sample: {
  "alert_type": "BRUTE_FORCE_15MIN",
  "ip": "203.0.113.27",
  "attempt_count": 4,
  "window_minutes": 9,
  "first_attempt": "2025-11-01T09:00:00",
  "last_attempt": "2025-11-01T09:09:00",
  "log_lines": [
    7,
    15,
    4,
    6
  ],
  "severity": "CRITICAL",
  "recommendation": "BLOCK IP + INVESTIGATE"
}
2025-11-25 06:50:01,990 | INFO | === EMAIL ALERTS MODULE STARTED ===
2025-11-25 06:50:01,991 | WARNING | ALERT: 203.0.113.27 → 4 attempts
2025-11-25 06:55:01,956 | INFO | === BRUTE-FORCE DETECTOR STARTED ===
2025-11-25 06:55:01,956 | INFO | Config: {'log_file': 'month1/fake_auth.log', 'output_file': 'month1/alerts.json', 'threshold_count': 3, 'time_window_minutes': 15, 'log_level': 'INFO', 'alert_title': 'BRUTE_FORCE_15MIN', 'smtp_server': 'smtp.gmail.com', 'smtp_port': 587, 'email_from': 'suleephraim1@gmail.com', 'email_to': 'cyberlootkeeper@gmail.com', 'email_password': 'uwijddtfwdtmmony'}
2025-11-25 06:55:01,960 | INFO | Parsed 5 failed logins
2025-11-25 06:55:01,960 | WARNING | ALERT: 203.0.113.27 → 4 attempts in window
2025-11-25 06:55:01,961 | INFO | Exported 1 alert(s) to month1/alerts.json
2025-11-25 06:55:01,961 | INFO | Sample: {
  "alert_type": "BRUTE_FORCE_15MIN",
  "ip": "203.0.113.27",
  "attempt_count": 4,
  "window_minutes": 9,
  "first_attempt": "2025-11-01T09:00:00",
  "last_attempt": "2025-11-01T09:09:00",
  "log_lines": [
    7,
    15,
    4,
    6
  ],
  "severity": "CRITICAL",
  "recommendation": "BLOCK IP + INVESTIGATE"
}
2025-11-25 06:55:02,108 | INFO | === EMAIL ALERTS MODULE STARTED ===
2025-11-25 06:55:02,112 | WARNING | ALERT: 203.0.113.27 → 4 attempts
2025-11-25 07:00:01,793 | INFO | === BRUTE-FORCE DETECTOR STARTED ===
2025-11-25 07:00:01,793 | INFO | Config: {'log_file': 'month1/fake_auth.log', 'output_file': 'month1/alerts.json', 'threshold_count': 3, 'time_window_minutes': 15, 'log_level': 'INFO', 'alert_title': 'BRUTE_FORCE_15MIN', 'smtp_server': 'smtp.gmail.com', 'smtp_port': 587, 'email_from': 'suleephraim1@gmail.com', 'email_to': 'cyberlootkeeper@gmail.com', 'email_password': 'uwijddtfwdtmmony'}
2025-11-25 07:00:01,797 | INFO | Parsed 5 failed logins
2025-11-25 07:00:01,797 | WARNING | ALERT: 203.0.113.27 → 4 attempts in window
2025-11-25 07:00:01,797 | INFO | Exported 1 alert(s) to month1/alerts.json
2025-11-25 07:00:01,797 | INFO | Sample: {
  "alert_type": "BRUTE_FORCE_15MIN",
  "ip": "203.0.113.27",
  "attempt_count": 4,
  "window_minutes": 9,
  "first_attempt": "2025-11-01T09:00:00",
  "last_attempt": "2025-11-01T09:09:00",
  "log_lines": [
    7,
    15,
    4,
    6
  ],
  "severity": "CRITICAL",
  "recommendation": "BLOCK IP + INVESTIGATE"
}
2025-11-25 07:00:01,862 | INFO | === EMAIL ALERTS MODULE STARTED ===
2025-11-25 07:00:01,863 | WARNING | ALERT: 203.0.113.27 → 4 attempts
2025-11-25 07:05:01,855 | INFO | === BRUTE-FORCE DETECTOR STARTED ===
2025-11-25 07:05:01,856 | INFO | Config: {'log_file': 'month1/fake_auth.log', 'output_file': 'month1/alerts.json', 'threshold_count': 3, 'time_window_minutes': 15, 'log_level': 'INFO', 'alert_title': 'BRUTE_FORCE_15MIN', 'smtp_server': 'smtp.gmail.com', 'smtp_port': 587, 'email_from': 'suleephraim1@gmail.com', 'email_to': 'cyberlootkeeper@gmail.com', 'email_password': 'uwijddtfwdtmmony'}
2025-11-25 07:05:01,862 | INFO | Parsed 5 failed logins
2025-11-25 07:05:01,863 | WARNING | ALERT: 203.0.113.27 → 4 attempts in window
2025-11-25 07:05:01,864 | INFO | Exported 1 alert(s) to month1/alerts.json
2025-11-25 07:05:01,864 | INFO | Sample: {
  "alert_type": "BRUTE_FORCE_15MIN",
  "ip": "203.0.113.27",
  "attempt_count": 4,
  "window_minutes": 9,
  "first_attempt": "2025-11-01T09:00:00",
  "last_attempt": "2025-11-01T09:09:00",
  "log_lines": [
    7,
    15,
    4,
    6
  ],
  "severity": "CRITICAL",
  "recommendation": "BLOCK IP + INVESTIGATE"
}
2025-11-25 07:05:01,960 | INFO | === EMAIL ALERTS MODULE STARTED ===
2025-11-25 07:05:01,962 | WARNING | ALERT: 203.0.113.27 → 4 attempts
2025-11-25 07:10:01,815 | INFO | === BRUTE-FORCE DETECTOR STARTED ===
2025-11-25 07:10:01,815 | INFO | Config: {'log_file': 'month1/fake_auth.log', 'output_file': 'month1/alerts.json', 'threshold_count': 3, 'time_window_minutes': 15, 'log_level': 'INFO', 'alert_title': 'BRUTE_FORCE_15MIN', 'smtp_server': 'smtp.gmail.com', 'smtp_port': 587, 'email_from': 'suleephraim1@gmail.com', 'email_to': 'cyberlootkeeper@gmail.com', 'email_password': 'uwijddtfwdtmmony'}
2025-11-25 07:10:01,819 | INFO | Parsed 5 failed logins
2025-11-25 07:10:01,820 | WARNING | ALERT: 203.0.113.27 → 4 attempts in window
2025-11-25 07:10:01,820 | INFO | Exported 1 alert(s) to month1/alerts.json
2025-11-25 07:10:01,820 | INFO | Sample: {
  "alert_type": "BRUTE_FORCE_15MIN",
  "ip": "203.0.113.27",
  "attempt_count": 4,
  "window_minutes": 9,
  "first_attempt": "2025-11-01T09:00:00",
  "last_attempt": "2025-11-01T09:09:00",
  "log_lines": [
    7,
    15,
    4,
    6
  ],
  "severity": "CRITICAL",
  "recommendation": "BLOCK IP + INVESTIGATE"
}
2025-11-25 07:10:01,884 | INFO | === EMAIL ALERTS MODULE STARTED ===
2025-11-25 07:10:01,886 | WARNING | ALERT: 203.0.113.27 → 4 attempts
2025-11-25 07:15:01,946 | INFO | === BRUTE-FORCE DETECTOR STARTED ===
2025-11-25 07:15:01,946 | INFO | Config: {'log_file': 'month1/fake_auth.log', 'output_file': 'month1/alerts.json', 'threshold_count': 3, 'time_window_minutes': 15, 'log_level': 'INFO', 'alert_title': 'BRUTE_FORCE_15MIN', 'smtp_server': 'smtp.gmail.com', 'smtp_port': 587, 'email_from': 'suleephraim1@gmail.com', 'email_to': 'cyberlootkeeper@gmail.com', 'email_password': 'uwijddtfwdtmmony'}
2025-11-25 07:15:01,950 | INFO | Parsed 5 failed logins
2025-11-25 07:15:01,950 | WARNING | ALERT: 203.0.113.27 → 4 attempts in window
2025-11-25 07:15:01,951 | INFO | Exported 1 alert(s) to month1/alerts.json
2025-11-25 07:15:01,951 | INFO | Sample: {
  "alert_type": "BRUTE_FORCE_15MIN",
  "ip": "203.0.113.27",
  "attempt_count": 4,
  "window_minutes": 9,
  "first_attempt": "2025-11-01T09:00:00",
  "last_attempt": "2025-11-01T09:09:00",
  "log_lines": [
    7,
    15,
    4,
    6
  ],
  "severity": "CRITICAL",
  "recommendation": "BLOCK IP + INVESTIGATE"
}
2025-11-25 07:15:02,040 | INFO | === EMAIL ALERTS MODULE STARTED ===
2025-11-25 07:15:02,042 | WARNING | ALERT: 203.0.113.27 → 4 attempts
2025-11-25 07:20:01,227 | INFO | === BRUTE-FORCE DETECTOR STARTED ===
2025-11-25 07:20:01,227 | INFO | Config: {'log_file': 'month1/fake_auth.log', 'output_file': 'month1/alerts.json', 'threshold_count': 3, 'time_window_minutes': 15, 'log_level': 'INFO', 'alert_title': 'BRUTE_FORCE_15MIN', 'smtp_server': 'smtp.gmail.com', 'smtp_port': 587, 'email_from': 'suleephraim1@gmail.com', 'email_to': 'cyberlootkeeper@gmail.com', 'email_password': 'uwijddtfwdtmmony'}
2025-11-25 07:20:01,231 | INFO | Parsed 5 failed logins
2025-11-25 07:20:01,232 | WARNING | ALERT: 203.0.113.27 → 4 attempts in window
2025-11-25 07:20:01,232 | INFO | Exported 1 alert(s) to month1/alerts.json
2025-11-25 07:20:01,232 | INFO | Sample: {
  "alert_type": "BRUTE_FORCE_15MIN",
  "ip": "203.0.113.27",
  "attempt_count": 4,
  "window_minutes": 9,
  "first_attempt": "2025-11-01T09:00:00",
  "last_attempt": "2025-11-01T09:09:00",
  "log_lines": [
    7,
    15,
    4,
    6
  ],
  "severity": "CRITICAL",
  "recommendation": "BLOCK IP + INVESTIGATE"
}
2025-11-25 07:20:01,297 | INFO | === EMAIL ALERTS MODULE STARTED ===
2025-11-25 07:20:01,299 | WARNING | ALERT: 203.0.113.27 → 4 attempts
2025-11-25 07:25:01,248 | INFO | === BRUTE-FORCE DETECTOR STARTED ===
2025-11-25 07:25:01,248 | INFO | Config: {'log_file': 'month1/fake_auth.log', 'output_file': 'month1/alerts.json', 'threshold_count': 3, 'time_window_minutes': 15, 'log_level': 'INFO', 'alert_title': 'BRUTE_FORCE_15MIN', 'smtp_server': 'smtp.gmail.com', 'smtp_port': 587, 'email_from': 'suleephraim1@gmail.com', 'email_to': 'cyberlootkeeper@gmail.com', 'email_password': 'uwijddtfwdtmmony'}
2025-11-25 07:25:01,252 | INFO | Parsed 5 failed logins
2025-11-25 07:25:01,252 | WARNING | ALERT: 203.0.113.27 → 4 attempts in window
2025-11-25 07:25:01,253 | INFO | Exported 1 alert(s) to month1/alerts.json
2025-11-25 07:25:01,253 | INFO | Sample: {
  "alert_type": "BRUTE_FORCE_15MIN",
  "ip": "203.0.113.27",
  "attempt_count": 4,
  "window_minutes": 9,
  "first_attempt": "2025-11-01T09:00:00",
  "last_attempt": "2025-11-01T09:09:00",
  "log_lines": [
    7,
    15,
    4,
    6
  ],
  "severity": "CRITICAL",
  "recommendation": "BLOCK IP + INVESTIGATE"
}
2025-11-25 07:25:01,342 | INFO | === EMAIL ALERTS MODULE STARTED ===
2025-11-25 07:25:01,344 | WARNING | ALERT: 203.0.113.27 → 4 attempts
2025-11-25 07:30:01,251 | INFO | === BRUTE-FORCE DETECTOR STARTED ===
2025-11-25 07:30:01,251 | INFO | Config: {'log_file': 'month1/fake_auth.log', 'output_file': 'month1/alerts.json', 'threshold_count': 3, 'time_window_minutes': 15, 'log_level': 'INFO', 'alert_title': 'BRUTE_FORCE_15MIN', 'smtp_server': 'smtp.gmail.com', 'smtp_port': 587, 'email_from': 'suleephraim1@gmail.com', 'email_to': 'cyberlootkeeper@gmail.com', 'email_password': 'uwijddtfwdtmmony'}
2025-11-25 07:30:01,255 | INFO | Parsed 5 failed logins
2025-11-25 07:30:01,255 | WARNING | ALERT: 203.0.113.27 → 4 attempts in window
2025-11-25 07:30:01,255 | INFO | Exported 1 alert(s) to month1/alerts.json
2025-11-25 07:30:01,255 | INFO | Sample: {
  "alert_type": "BRUTE_FORCE_15MIN",
  "ip": "203.0.113.27",
  "attempt_count": 4,
  "window_minutes": 9,
  "first_attempt": "2025-11-01T09:00:00",
  "last_attempt": "2025-11-01T09:09:00",
  "log_lines": [
    7,
    15,
    4,
    6
  ],
  "severity": "CRITICAL",
  "recommendation": "BLOCK IP + INVESTIGATE"
}
2025-11-25 07:30:01,326 | INFO | === EMAIL ALERTS MODULE STARTED ===
2025-11-25 07:30:01,327 | WARNING | ALERT: 203.0.113.27 → 4 attempts
2025-11-25 07:35:01,286 | INFO | === BRUTE-FORCE DETECTOR STARTED ===
2025-11-25 07:35:01,286 | INFO | Config: {'log_file': 'month1/fake_auth.log', 'output_file': 'month1/alerts.json', 'threshold_count': 3, 'time_window_minutes': 15, 'log_level': 'INFO', 'alert_title': 'BRUTE_FORCE_15MIN', 'smtp_server': 'smtp.gmail.com', 'smtp_port': 587, 'email_from': 'suleephraim1@gmail.com', 'email_to': 'cyberlootkeeper@gmail.com', 'email_password': 'uwijddtfwdtmmony'}
2025-11-25 07:35:01,291 | INFO | Parsed 5 failed logins
2025-11-25 07:35:01,291 | WARNING | ALERT: 203.0.113.27 → 4 attempts in window
2025-11-25 07:35:01,291 | INFO | Exported 1 alert(s) to month1/alerts.json
2025-11-25 07:35:01,291 | INFO | Sample: {
  "alert_type": "BRUTE_FORCE_15MIN",
  "ip": "203.0.113.27",
  "attempt_count": 4,
  "window_minutes": 9,
  "first_attempt": "2025-11-01T09:00:00",
  "last_attempt": "2025-11-01T09:09:00",
  "log_lines": [
    7,
    15,
    4,
    6
  ],
  "severity": "CRITICAL",
  "recommendation": "BLOCK IP + INVESTIGATE"
}
2025-11-25 07:35:01,359 | INFO | === EMAIL ALERTS MODULE STARTED ===
2025-11-25 07:35:01,361 | WARNING | ALERT: 203.0.113.27 → 4 attempts
2025-11-25 07:40:01,256 | INFO | === BRUTE-FORCE DETECTOR STARTED ===
2025-11-25 07:40:01,256 | INFO | Config: {'log_file': 'month1/fake_auth.log', 'output_file': 'month1/alerts.json', 'threshold_count': 3, 'time_window_minutes': 15, 'log_level': 'INFO', 'alert_title': 'BRUTE_FORCE_15MIN', 'smtp_server': 'smtp.gmail.com', 'smtp_port': 587, 'email_from': 'suleephraim1@gmail.com', 'email_to': 'cyberlootkeeper@gmail.com', 'email_password': 'uwijddtfwdtmmony'}
2025-11-25 07:40:01,260 | INFO | Parsed 5 failed logins
2025-11-25 07:40:01,260 | WARNING | ALERT: 203.0.113.27 → 4 attempts in window
2025-11-25 07:40:01,261 | INFO | Exported 1 alert(s) to month1/alerts.json
2025-11-25 07:40:01,261 | INFO | Sample: {
  "alert_type": "BRUTE_FORCE_15MIN",
  "ip": "203.0.113.27",
  "attempt_count": 4,
  "window_minutes": 9,
  "first_attempt": "2025-11-01T09:00:00",
  "last_attempt": "2025-11-01T09:09:00",
  "log_lines": [
    7,
    15,
    4,
    6
  ],
  "severity": "CRITICAL",
  "recommendation": "BLOCK IP + INVESTIGATE"
}
2025-11-25 07:40:01,326 | INFO | === EMAIL ALERTS MODULE STARTED ===
2025-11-25 07:40:01,328 | WARNING | ALERT: 203.0.113.27 → 4 attempts
2025-11-25 07:45:01,357 | INFO | === BRUTE-FORCE DETECTOR STARTED ===
2025-11-25 07:45:01,357 | INFO | Config: {'log_file': 'month1/fake_auth.log', 'output_file': 'month1/alerts.json', 'threshold_count': 3, 'time_window_minutes': 15, 'log_level': 'INFO', 'alert_title': 'BRUTE_FORCE_15MIN', 'smtp_server': 'smtp.gmail.com', 'smtp_port': 587, 'email_from': 'suleephraim1@gmail.com', 'email_to': 'cyberlootkeeper@gmail.com', 'email_password': 'uwijddtfwdtmmony'}
2025-11-25 07:45:01,361 | INFO | Parsed 5 failed logins
2025-11-25 07:45:01,362 | WARNING | ALERT: 203.0.113.27 → 4 attempts in window
2025-11-25 07:45:01,362 | INFO | Exported 1 alert(s) to month1/alerts.json
2025-11-25 07:45:01,362 | INFO | Sample: {
  "alert_type": "BRUTE_FORCE_15MIN",
  "ip": "203.0.113.27",
  "attempt_count": 4,
  "window_minutes": 9,
  "first_attempt": "2025-11-01T09:00:00",
  "last_attempt": "2025-11-01T09:09:00",
  "log_lines": [
    7,
    15,
    4,
    6
  ],
  "severity": "CRITICAL",
  "recommendation": "BLOCK IP + INVESTIGATE"
}
2025-11-25 07:45:01,429 | INFO | === EMAIL ALERTS MODULE STARTED ===
2025-11-25 07:45:01,431 | WARNING | ALERT: 203.0.113.27 → 4 attempts
2025-11-25 07:50:01,429 | INFO | === BRUTE-FORCE DETECTOR STARTED ===
2025-11-25 07:50:01,429 | INFO | Config: {'log_file': 'month1/fake_auth.log', 'output_file': 'month1/alerts.json', 'threshold_count': 3, 'time_window_minutes': 15, 'log_level': 'INFO', 'alert_title': 'BRUTE_FORCE_15MIN', 'smtp_server': 'smtp.gmail.com', 'smtp_port': 587, 'email_from': 'suleephraim1@gmail.com', 'email_to': 'cyberlootkeeper@gmail.com', 'email_password': 'uwijddtfwdtmmony'}
2025-11-25 07:50:01,435 | INFO | Parsed 5 failed logins
2025-11-25 07:50:01,435 | WARNING | ALERT: 203.0.113.27 → 4 attempts in window
2025-11-25 07:50:01,436 | INFO | Exported 1 alert(s) to month1/alerts.json
2025-11-25 07:50:01,436 | INFO | Sample: {
  "alert_type": "BRUTE_FORCE_15MIN",
  "ip": "203.0.113.27",
  "attempt_count": 4,
  "window_minutes": 9,
  "first_attempt": "2025-11-01T09:00:00",
  "last_attempt": "2025-11-01T09:09:00",
  "log_lines": [
    7,
    15,
    4,
    6
  ],
  "severity": "CRITICAL",
  "recommendation": "BLOCK IP + INVESTIGATE"
}
2025-11-25 07:50:01,524 | INFO | === EMAIL ALERTS MODULE STARTED ===
2025-11-25 07:50:01,526 | WARNING | ALERT: 203.0.113.27 → 4 attempts
2025-11-25 07:55:01,377 | INFO | === BRUTE-FORCE DETECTOR STARTED ===
2025-11-25 07:55:01,377 | INFO | Config: {'log_file': 'month1/fake_auth.log', 'output_file': 'month1/alerts.json', 'threshold_count': 3, 'time_window_minutes': 15, 'log_level': 'INFO', 'alert_title': 'BRUTE_FORCE_15MIN', 'smtp_server': 'smtp.gmail.com', 'smtp_port': 587, 'email_from': 'suleephraim1@gmail.com', 'email_to': 'cyberlootkeeper@gmail.com', 'email_password': 'uwijddtfwdtmmony'}
2025-11-25 07:55:01,381 | INFO | Parsed 5 failed logins
2025-11-25 07:55:01,381 | WARNING | ALERT: 203.0.113.27 → 4 attempts in window
2025-11-25 07:55:01,381 | INFO | Exported 1 alert(s) to month1/alerts.json
2025-11-25 07:55:01,382 | INFO | Sample: {
  "alert_type": "BRUTE_FORCE_15MIN",
  "ip": "203.0.113.27",
  "attempt_count": 4,
  "window_minutes": 9,
  "first_attempt": "2025-11-01T09:00:00",
  "last_attempt": "2025-11-01T09:09:00",
  "log_lines": [
    7,
    15,
    4,
    6
  ],
  "severity": "CRITICAL",
  "recommendation": "BLOCK IP + INVESTIGATE"
}
2025-11-25 07:55:01,446 | INFO | === EMAIL ALERTS MODULE STARTED ===
2025-11-25 07:55:01,448 | WARNING | ALERT: 203.0.113.27 → 4 attempts
2025-11-25 08:00:01,400 | INFO | === BRUTE-FORCE DETECTOR STARTED ===
2025-11-25 08:00:01,400 | INFO | Config: {'log_file': 'month1/fake_auth.log', 'output_file': 'month1/alerts.json', 'threshold_count': 3, 'time_window_minutes': 15, 'log_level': 'INFO', 'alert_title': 'BRUTE_FORCE_15MIN', 'smtp_server': 'smtp.gmail.com', 'smtp_port': 587, 'email_from': 'suleephraim1@gmail.com', 'email_to': 'cyberlootkeeper@gmail.com', 'email_password': 'uwijddtfwdtmmony'}
2025-11-25 08:00:01,405 | INFO | Parsed 5 failed logins
2025-11-25 08:00:01,405 | WARNING | ALERT: 203.0.113.27 → 4 attempts in window
2025-11-25 08:00:01,405 | INFO | Exported 1 alert(s) to month1/alerts.json
2025-11-25 08:00:01,405 | INFO | Sample: {
  "alert_type": "BRUTE_FORCE_15MIN",
  "ip": "203.0.113.27",
  "attempt_count": 4,
  "window_minutes": 9,
  "first_attempt": "2025-11-01T09:00:00",
  "last_attempt": "2025-11-01T09:09:00",
  "log_lines": [
    7,
    15,
    4,
    6
  ],
  "severity": "CRITICAL",
  "recommendation": "BLOCK IP + INVESTIGATE"
}
2025-11-25 08:00:01,484 | INFO | === EMAIL ALERTS MODULE STARTED ===
2025-11-25 08:00:01,486 | WARNING | ALERT: 203.0.113.27 → 4 attempts
2025-11-26 20:55:01,391 | INFO | === BRUTE-FORCE DETECTOR STARTED ===
2025-11-26 20:55:01,483 | INFO | Config: {'log_file': 'month1/fake_auth.log', 'output_file': 'month1/alerts.json', 'threshold_count': 3, 'time_window_minutes': 15, 'log_level': 'INFO', 'alert_title': 'BRUTE_FORCE_15MIN', 'smtp_server': 'smtp.gmail.com', 'smtp_port': 587, 'email_from': 'suleephraim1@gmail.com', 'email_to': 'cyberlootkeeper@gmail.com', 'email_password': 'uwijddtfwdtmmony'}
2025-11-26 20:55:01,553 | INFO | Parsed 5 failed logins
2025-11-26 20:55:01,553 | WARNING | ALERT: 203.0.113.27 → 4 attempts in window
2025-11-26 20:55:01,553 | INFO | Exported 1 alert(s) to month1/alerts.json
2025-11-26 20:55:01,554 | INFO | Sample: {
  "alert_type": "BRUTE_FORCE_15MIN",
  "ip": "203.0.113.27",
  "attempt_count": 4,
  "window_minutes": 9,
  "first_attempt": "2025-11-01T09:00:00",
  "last_attempt": "2025-11-01T09:09:00",
  "log_lines": [
    7,
    15,
    4,
    6
  ],
  "severity": "CRITICAL",
  "recommendation": "BLOCK IP + INVESTIGATE"
}
2025-11-26 20:55:01,676 | INFO | === EMAIL ALERTS MODULE STARTED ===
2025-11-26 20:55:01,678 | WARNING | ALERT: 203.0.113.27 → 4 attempts
2025-11-27 07:45:01,847 | INFO | === BRUTE-FORCE DETECTOR STARTED ===
2025-11-27 07:45:01,913 | INFO | Config: {'log_file': 'month1/fake_auth.log', 'output_file': 'month1/alerts.json', 'threshold_count': 3, 'time_window_minutes': 15, 'log_level': 'INFO', 'alert_title': 'BRUTE_FORCE_15MIN', 'smtp_server': 'smtp.gmail.com', 'smtp_port': 587, 'email_from': 'suleephraim1@gmail.com', 'email_to': 'cyberlootkeeper@gmail.com', 'email_password': 'uwijddtfwdtmmony'}
2025-11-27 07:45:01,971 | INFO | Parsed 5 failed logins
2025-11-27 07:45:01,971 | WARNING | ALERT: 203.0.113.27 → 4 attempts in window
2025-11-27 07:45:01,971 | INFO | Exported 1 alert(s) to month1/alerts.json
2025-11-27 07:45:01,971 | INFO | Sample: {
  "alert_type": "BRUTE_FORCE_15MIN",
  "ip": "203.0.113.27",
  "attempt_count": 4,
  "window_minutes": 9,
  "first_attempt": "2025-11-01T09:00:00",
  "last_attempt": "2025-11-01T09:09:00",
  "log_lines": [
    7,
    15,
    4,
    6
  ],
  "severity": "CRITICAL",
  "recommendation": "BLOCK IP + INVESTIGATE"
}
2025-11-27 07:45:02,064 | INFO | === EMAIL ALERTS MODULE STARTED ===
2025-11-27 07:45:02,066 | WARNING | ALERT: 203.0.113.27 → 4 attempts
2025-11-27 07:50:01,206 | INFO | === BRUTE-FORCE DETECTOR STARTED ===
2025-11-27 07:50:01,206 | INFO | Config: {'log_file': 'month1/fake_auth.log', 'output_file': 'month1/alerts.json', 'threshold_count': 3, 'time_window_minutes': 15, 'log_level': 'INFO', 'alert_title': 'BRUTE_FORCE_15MIN', 'smtp_server': 'smtp.gmail.com', 'smtp_port': 587, 'email_from': 'suleephraim1@gmail.com', 'email_to': 'cyberlootkeeper@gmail.com', 'email_password': 'uwijddtfwdtmmony'}
2025-11-27 07:50:01,210 | INFO | Parsed 5 failed logins
2025-11-27 07:50:01,210 | WARNING | ALERT: 203.0.113.27 → 4 attempts in window
2025-11-27 07:50:01,210 | INFO | Exported 1 alert(s) to month1/alerts.json
2025-11-27 07:50:01,211 | INFO | Sample: {
  "alert_type": "BRUTE_FORCE_15MIN",
  "ip": "203.0.113.27",
  "attempt_count": 4,
  "window_minutes": 9,
  "first_attempt": "2025-11-01T09:00:00",
  "last_attempt": "2025-11-01T09:09:00",
  "log_lines": [
    7,
    15,
    4,
    6
  ],
  "severity": "CRITICAL",
  "recommendation": "BLOCK IP + INVESTIGATE"
}
2025-11-27 07:50:01,274 | INFO | === EMAIL ALERTS MODULE STARTED ===
2025-11-27 07:50:01,275 | WARNING | ALERT: 203.0.113.27 → 4 attempts
2025-11-27 07:55:01,561 | INFO | === BRUTE-FORCE DETECTOR STARTED ===
2025-11-27 07:55:01,562 | INFO | Config: {'log_file': 'month1/fake_auth.log', 'output_file': 'month1/alerts.json', 'threshold_count': 3, 'time_window_minutes': 15, 'log_level': 'INFO', 'alert_title': 'BRUTE_FORCE_15MIN', 'smtp_server': 'smtp.gmail.com', 'smtp_port': 587, 'email_from': 'suleephraim1@gmail.com', 'email_to': 'cyberlootkeeper@gmail.com', 'email_password': 'uwijddtfwdtmmony'}
2025-11-27 07:55:01,566 | INFO | Parsed 5 failed logins
2025-11-27 07:55:01,566 | WARNING | ALERT: 203.0.113.27 → 4 attempts in window
2025-11-27 07:55:01,566 | INFO | Exported 1 alert(s) to month1/alerts.json
2025-11-27 07:55:01,566 | INFO | Sample: {
  "alert_type": "BRUTE_FORCE_15MIN",
  "ip": "203.0.113.27",
  "attempt_count": 4,
  "window_minutes": 9,
  "first_attempt": "2025-11-01T09:00:00",
  "last_attempt": "2025-11-01T09:09:00",
  "log_lines": [
    7,
    15,
    4,
    6
  ],
  "severity": "CRITICAL",
  "recommendation": "BLOCK IP + INVESTIGATE"
}
2025-11-27 07:55:01,632 | INFO | === EMAIL ALERTS MODULE STARTED ===
2025-11-27 07:55:01,633 | WARNING | ALERT: 203.0.113.27 → 4 attempts
2025-11-27 08:00:01,611 | INFO | === BRUTE-FORCE DETECTOR STARTED ===
2025-11-27 08:00:01,611 | INFO | Config: {'log_file': 'month1/fake_auth.log', 'output_file': 'month1/alerts.json', 'threshold_count': 3, 'time_window_minutes': 15, 'log_level': 'INFO', 'alert_title': 'BRUTE_FORCE_15MIN', 'smtp_server': 'smtp.gmail.com', 'smtp_port': 587, 'email_from': 'suleephraim1@gmail.com', 'email_to': 'cyberlootkeeper@gmail.com', 'email_password': 'uwijddtfwdtmmony'}
2025-11-27 08:00:01,616 | INFO | Parsed 5 failed logins
2025-11-27 08:00:01,616 | WARNING | ALERT: 203.0.113.27 → 4 attempts in window
2025-11-27 08:00:01,616 | INFO | Exported 1 alert(s) to month1/alerts.json
2025-11-27 08:00:01,617 | INFO | Sample: {
  "alert_type": "BRUTE_FORCE_15MIN",
  "ip": "203.0.113.27",
  "attempt_count": 4,
  "window_minutes": 9,
  "first_attempt": "2025-11-01T09:00:00",
  "last_attempt": "2025-11-01T09:09:00",
  "log_lines": [
    7,
    15,
    4,
    6
  ],
  "severity": "CRITICAL",
  "recommendation": "BLOCK IP + INVESTIGATE"
}
2025-11-27 08:00:01,683 | INFO | === EMAIL ALERTS MODULE STARTED ===
2025-11-27 08:00:01,685 | WARNING | ALERT: 203.0.113.27 → 4 attempts
2025-11-27 08:05:01,599 | INFO | === BRUTE-FORCE DETECTOR STARTED ===
2025-11-27 08:05:01,600 | INFO | Config: {'log_file': 'month1/fake_auth.log', 'output_file': 'month1/alerts.json', 'threshold_count': 3, 'time_window_minutes': 15, 'log_level': 'INFO', 'alert_title': 'BRUTE_FORCE_15MIN', 'smtp_server': 'smtp.gmail.com', 'smtp_port': 587, 'email_from': 'suleephraim1@gmail.com', 'email_to': 'cyberlootkeeper@gmail.com', 'email_password': 'uwijddtfwdtmmony'}
2025-11-27 08:05:01,607 | INFO | Parsed 5 failed logins
2025-11-27 08:05:01,608 | WARNING | ALERT: 203.0.113.27 → 4 attempts in window
2025-11-27 08:05:01,608 | INFO | Exported 1 alert(s) to month1/alerts.json
2025-11-27 08:05:01,608 | INFO | Sample: {
  "alert_type": "BRUTE_FORCE_15MIN",
  "ip": "203.0.113.27",
  "attempt_count": 4,
  "window_minutes": 9,
  "first_attempt": "2025-11-01T09:00:00",
  "last_attempt": "2025-11-01T09:09:00",
  "log_lines": [
    7,
    15,
    4,
    6
  ],
  "severity": "CRITICAL",
  "recommendation": "BLOCK IP + INVESTIGATE"
}
2025-11-27 08:05:01,735 | INFO | === EMAIL ALERTS MODULE STARTED ===
2025-11-27 08:05:01,739 | WARNING | ALERT: 203.0.113.27 → 4 attempts
2025-11-27 08:10:01,707 | INFO | === BRUTE-FORCE DETECTOR STARTED ===
2025-11-27 08:10:01,707 | INFO | Config: {'log_file': 'month1/fake_auth.log', 'output_file': 'month1/alerts.json', 'threshold_count': 3, 'time_window_minutes': 15, 'log_level': 'INFO', 'alert_title': 'BRUTE_FORCE_15MIN', 'smtp_server': 'smtp.gmail.com', 'smtp_port': 587, 'email_from': 'suleephraim1@gmail.com', 'email_to': 'cyberlootkeeper@gmail.com', 'email_password': 'uwijddtfwdtmmony'}
2025-11-27 08:10:01,711 | INFO | Parsed 5 failed logins
2025-11-27 08:10:01,711 | WARNING | ALERT: 203.0.113.27 → 4 attempts in window
2025-11-27 08:10:01,712 | INFO | Exported 1 alert(s) to month1/alerts.json
2025-11-27 08:10:01,712 | INFO | Sample: {
  "alert_type": "BRUTE_FORCE_15MIN",
  "ip": "203.0.113.27",
  "attempt_count": 4,
  "window_minutes": 9,
  "first_attempt": "2025-11-01T09:00:00",
  "last_attempt": "2025-11-01T09:09:00",
  "log_lines": [
    18,
    7,
    9,
    17
  ],
  "severity": "CRITICAL",
  "recommendation": "BLOCK IP + INVESTIGATE"
}
2025-11-27 08:10:01,778 | INFO | === EMAIL ALERTS MODULE STARTED ===
2025-11-27 08:10:01,780 | WARNING | ALERT: 203.0.113.27 → 4 attempts
2025-11-27 08:15:01,813 | INFO | === BRUTE-FORCE DETECTOR STARTED ===
2025-11-27 08:15:01,814 | INFO | Config: {'log_file': 'month1/fake_auth.log', 'output_file': 'month1/alerts.json', 'threshold_count': 3, 'time_window_minutes': 15, 'log_level': 'INFO', 'alert_title': 'BRUTE_FORCE_15MIN', 'smtp_server': 'smtp.gmail.com', 'smtp_port': 587, 'email_from': 'suleephraim1@gmail.com', 'email_to': 'cyberlootkeeper@gmail.com', 'email_password': 'uwijddtfwdtmmony'}
2025-11-27 08:15:01,821 | INFO | Parsed 5 failed logins
2025-11-27 08:15:01,822 | WARNING | ALERT: 203.0.113.27 → 4 attempts in window
2025-11-27 08:15:01,822 | INFO | Exported 1 alert(s) to month1/alerts.json
2025-11-27 08:15:01,822 | INFO | Sample: {
  "alert_type": "BRUTE_FORCE_15MIN",
  "ip": "203.0.113.27",
  "attempt_count": 4,
  "window_minutes": 9,
  "first_attempt": "2025-11-01T09:00:00",
  "last_attempt": "2025-11-01T09:09:00",
  "log_lines": [
    18,
    7,
    9,
    17
  ],
  "severity": "CRITICAL",
  "recommendation": "BLOCK IP + INVESTIGATE"
}
2025-11-27 08:15:01,968 | INFO | === EMAIL ALERTS MODULE STARTED ===
2025-11-27 08:15:01,973 | WARNING | ALERT: 203.0.113.27 → 4 attempts
2025-11-27 08:20:01,747 | INFO | === BRUTE-FORCE DETECTOR STARTED ===
2025-11-27 08:20:01,748 | INFO | Config: {'log_file': 'month1/fake_auth.log', 'output_file': 'month1/alerts.json', 'threshold_count': 3, 'time_window_minutes': 15, 'log_level': 'INFO', 'alert_title': 'BRUTE_FORCE_15MIN', 'smtp_server': 'smtp.gmail.com', 'smtp_port': 587, 'email_from': 'suleephraim1@gmail.com', 'email_to': 'cyberlootkeeper@gmail.com', 'email_password': 'uwijddtfwdtmmony'}
2025-11-27 08:20:01,755 | INFO | Parsed 5 failed logins
2025-11-27 08:20:01,756 | WARNING | ALERT: 203.0.113.27 → 4 attempts in window
2025-11-27 08:20:01,756 | INFO | Exported 1 alert(s) to month1/alerts.json
2025-11-27 08:20:01,756 | INFO | Sample: {
  "alert_type": "BRUTE_FORCE_15MIN",
  "ip": "203.0.113.27",
  "attempt_count": 4,
  "window_minutes": 9,
  "first_attempt": "2025-11-01T09:00:00",
  "last_attempt": "2025-11-01T09:09:00",
  "log_lines": [
    18,
    7,
    9,
    17
  ],
  "severity": "CRITICAL",
  "recommendation": "BLOCK IP + INVESTIGATE"
}
2025-11-27 08:20:01,857 | INFO | === EMAIL ALERTS MODULE STARTED ===
2025-11-27 08:20:01,859 | WARNING | ALERT: 203.0.113.27 → 4 attempts
2025-11-27 08:25:01,751 | INFO | === BRUTE-FORCE DETECTOR STARTED ===
2025-11-27 08:25:01,751 | INFO | Config: {'log_file': 'month1/fake_auth.log', 'output_file': 'month1/alerts.json', 'threshold_count': 3, 'time_window_minutes': 15, 'log_level': 'INFO', 'alert_title': 'BRUTE_FORCE_15MIN', 'smtp_server': 'smtp.gmail.com', 'smtp_port': 587, 'email_from': 'suleephraim1@gmail.com', 'email_to': 'cyberlootkeeper@gmail.com', 'email_password': 'uwijddtfwdtmmony'}
2025-11-27 08:25:01,756 | INFO | Parsed 5 failed logins
2025-11-27 08:25:01,757 | WARNING | ALERT: 203.0.113.27 → 4 attempts in window
2025-11-27 08:25:01,757 | INFO | Exported 1 alert(s) to month1/alerts.json
2025-11-27 08:25:01,758 | INFO | Sample: {
  "alert_type": "BRUTE_FORCE_15MIN",
  "ip": "203.0.113.27",
  "attempt_count": 4,
  "window_minutes": 9,
  "first_attempt": "2025-11-01T09:00:00",
  "last_attempt": "2025-11-01T09:09:00",
  "log_lines": [
    18,
    7,
    9,
    17
  ],
  "severity": "CRITICAL",
  "recommendation": "BLOCK IP + INVESTIGATE"
}
2025-11-27 08:25:01,887 | INFO | === EMAIL ALERTS MODULE STARTED ===
2025-11-27 08:25:01,890 | WARNING | ALERT: 203.0.113.27 → 4 attempts
2025-11-27 08:30:01,876 | INFO | === BRUTE-FORCE DETECTOR STARTED ===
2025-11-27 08:30:01,876 | INFO | Config: {'log_file': 'month1/fake_auth.log', 'output_file': 'month1/alerts.json', 'threshold_count': 3, 'time_window_minutes': 15, 'log_level': 'INFO', 'alert_title': 'BRUTE_FORCE_15MIN', 'smtp_server': 'smtp.gmail.com', 'smtp_port': 587, 'email_from': 'suleephraim1@gmail.com', 'email_to': 'cyberlootkeeper@gmail.com', 'email_password': 'uwijddtfwdtmmony'}
2025-11-27 08:30:01,880 | INFO | Parsed 5 failed logins
2025-11-27 08:30:01,880 | WARNING | ALERT: 203.0.113.27 → 4 attempts in window
2025-11-27 08:30:01,881 | INFO | Exported 1 alert(s) to month1/alerts.json
2025-11-27 08:30:01,881 | INFO | Sample: {
  "alert_type": "BRUTE_FORCE_15MIN",
  "ip": "203.0.113.27",
  "attempt_count": 4,
  "window_minutes": 9,
  "first_attempt": "2025-11-01T09:00:00",
  "last_attempt": "2025-11-01T09:09:00",
  "log_lines": [
    18,
    7,
    9,
    17
  ],
  "severity": "CRITICAL",
  "recommendation": "BLOCK IP + INVESTIGATE"
}
2025-11-27 08:30:01,952 | INFO | === EMAIL ALERTS MODULE STARTED ===
2025-11-27 08:30:01,955 | WARNING | ALERT: 203.0.113.27 → 4 attempts
2025-11-27 08:35:01,267 | INFO | === BRUTE-FORCE DETECTOR STARTED ===
2025-11-27 08:35:01,267 | INFO | Config: {'log_file': 'month1/fake_auth.log', 'output_file': 'month1/alerts.json', 'threshold_count': 3, 'time_window_minutes': 15, 'log_level': 'INFO', 'alert_title': 'BRUTE_FORCE_15MIN', 'smtp_server': 'smtp.gmail.com', 'smtp_port': 587, 'email_from': 'suleephraim1@gmail.com', 'email_to': 'cyberlootkeeper@gmail.com', 'email_password': 'uwijddtfwdtmmony'}
2025-11-27 08:35:01,273 | INFO | Parsed 5 failed logins
2025-11-27 08:35:01,273 | WARNING | ALERT: 203.0.113.27 → 4 attempts in window
2025-11-27 08:35:01,274 | INFO | Exported 1 alert(s) to month1/alerts.json
2025-11-27 08:35:01,274 | INFO | Sample: {
  "alert_type": "BRUTE_FORCE_15MIN",
  "ip": "203.0.113.27",
  "attempt_count": 4,
  "window_minutes": 9,
  "first_attempt": "2025-11-01T09:00:00",
  "last_attempt": "2025-11-01T09:09:00",
  "log_lines": [
    18,
    7,
    9,
    17
  ],
  "severity": "CRITICAL",
  "recommendation": "BLOCK IP + INVESTIGATE"
}
2025-11-27 08:35:01,365 | INFO | === EMAIL ALERTS MODULE STARTED ===
2025-11-27 08:35:01,367 | WARNING | ALERT: 203.0.113.27 → 4 attempts
2025-11-27 08:40:01,858 | INFO | === BRUTE-FORCE DETECTOR STARTED ===
2025-11-27 08:40:01,858 | INFO | Config: {'log_file': 'month1/fake_auth.log', 'output_file': 'month1/alerts.json', 'threshold_count': 3, 'time_window_minutes': 15, 'log_level': 'INFO', 'alert_title': 'BRUTE_FORCE_15MIN', 'smtp_server': 'smtp.gmail.com', 'smtp_port': 587, 'email_from': 'suleephraim1@gmail.com', 'email_to': 'cyberlootkeeper@gmail.com', 'email_password': 'uwijddtfwdtmmony'}
2025-11-27 08:40:01,865 | INFO | Parsed 5 failed logins
2025-11-27 08:40:01,865 | WARNING | ALERT: 203.0.113.27 → 4 attempts in window
2025-11-27 08:40:01,866 | INFO | Exported 1 alert(s) to month1/alerts.json
2025-11-27 08:40:01,866 | INFO | Sample: {
  "alert_type": "BRUTE_FORCE_15MIN",
  "ip": "203.0.113.27",
  "attempt_count": 4,
  "window_minutes": 9,
  "first_attempt": "2025-11-01T09:00:00",
  "last_attempt": "2025-11-01T09:09:00",
  "log_lines": [
    18,
    7,
    9,
    17
  ],
  "severity": "CRITICAL",
  "recommendation": "BLOCK IP + INVESTIGATE"
}
2025-11-27 08:40:01,953 | INFO | === EMAIL ALERTS MODULE STARTED ===
2025-11-27 08:40:01,957 | WARNING | ALERT: 203.0.113.27 → 4 attempts
2025-11-27 08:45:01,856 | INFO | === BRUTE-FORCE DETECTOR STARTED ===
2025-11-27 08:45:01,857 | INFO | Config: {'log_file': 'month1/fake_auth.log', 'output_file': 'month1/alerts.json', 'threshold_count': 3, 'time_window_minutes': 15, 'log_level': 'INFO', 'alert_title': 'BRUTE_FORCE_15MIN', 'smtp_server': 'smtp.gmail.com', 'smtp_port': 587, 'email_from': 'suleephraim1@gmail.com', 'email_to': 'cyberlootkeeper@gmail.com', 'email_password': 'uwijddtfwdtmmony'}
2025-11-27 08:45:01,861 | INFO | Parsed 5 failed logins
2025-11-27 08:45:01,861 | WARNING | ALERT: 203.0.113.27 → 4 attempts in window
2025-11-27 08:45:01,861 | INFO | Exported 1 alert(s) to month1/alerts.json
2025-11-27 08:45:01,862 | INFO | Sample: {
  "alert_type": "BRUTE_FORCE_15MIN",
  "ip": "203.0.113.27",
  "attempt_count": 4,
  "window_minutes": 9,
  "first_attempt": "2025-11-01T09:00:00",
  "last_attempt": "2025-11-01T09:09:00",
  "log_lines": [
    18,
    7,
    9,
    17
  ],
  "severity": "CRITICAL",
  "recommendation": "BLOCK IP + INVESTIGATE"
}
2025-11-27 08:45:01,930 | INFO | === EMAIL ALERTS MODULE STARTED ===
2025-11-27 08:45:01,932 | WARNING | ALERT: 203.0.113.27 → 4 attempts
2025-11-27 08:50:02,022 | INFO | === BRUTE-FORCE DETECTOR STARTED ===
2025-11-27 08:50:02,022 | INFO | Config: {'log_file': 'month1/fake_auth.log', 'output_file': 'month1/alerts.json', 'threshold_count': 3, 'time_window_minutes': 15, 'log_level': 'INFO', 'alert_title': 'BRUTE_FORCE_15MIN', 'smtp_server': 'smtp.gmail.com', 'smtp_port': 587, 'email_from': 'suleephraim1@gmail.com', 'email_to': 'cyberlootkeeper@gmail.com', 'email_password': 'uwijddtfwdtmmony'}
2025-11-27 08:50:02,028 | INFO | Parsed 5 failed logins
2025-11-27 08:50:02,029 | WARNING | ALERT: 203.0.113.27 → 4 attempts in window
2025-11-27 08:50:02,029 | INFO | Exported 1 alert(s) to month1/alerts.json
2025-11-27 08:50:02,029 | INFO | Sample: {
  "alert_type": "BRUTE_FORCE_15MIN",
  "ip": "203.0.113.27",
  "attempt_count": 4,
  "window_minutes": 9,
  "first_attempt": "2025-11-01T09:00:00",
  "last_attempt": "2025-11-01T09:09:00",
  "log_lines": [
    18,
    7,
    9,
    17
  ],
  "severity": "CRITICAL",
  "recommendation": "BLOCK IP + INVESTIGATE"
}
2025-11-27 08:50:02,124 | INFO | === EMAIL ALERTS MODULE STARTED ===
2025-11-27 08:50:02,126 | WARNING | ALERT: 203.0.113.27 → 4 attempts
2025-11-27 08:55:01,981 | INFO | === BRUTE-FORCE DETECTOR STARTED ===
2025-11-27 08:55:01,981 | INFO | Config: {'log_file': 'month1/fake_auth.log', 'output_file': 'month1/alerts.json', 'threshold_count': 3, 'time_window_minutes': 15, 'log_level': 'INFO', 'alert_title': 'BRUTE_FORCE_15MIN', 'smtp_server': 'smtp.gmail.com', 'smtp_port': 587, 'email_from': 'suleephraim1@gmail.com', 'email_to': 'cyberlootkeeper@gmail.com', 'email_password': 'uwijddtfwdtmmony'}
2025-11-27 08:55:01,986 | INFO | Parsed 5 failed logins
2025-11-27 08:55:01,986 | WARNING | ALERT: 203.0.113.27 → 4 attempts in window
2025-11-27 08:55:01,987 | INFO | Exported 1 alert(s) to month1/alerts.json
2025-11-27 08:55:01,987 | INFO | Sample: {
  "alert_type": "BRUTE_FORCE_15MIN",
  "ip": "203.0.113.27",
  "attempt_count": 4,
  "window_minutes": 9,
  "first_attempt": "2025-11-01T09:00:00",
  "last_attempt": "2025-11-01T09:09:00",
  "log_lines": [
    18,
    7,
    9,
    17
  ],
  "severity": "CRITICAL",
  "recommendation": "BLOCK IP + INVESTIGATE"
}
2025-11-27 08:55:02,053 | INFO | === EMAIL ALERTS MODULE STARTED ===
2025-11-27 08:55:02,055 | WARNING | ALERT: 203.0.113.27 → 4 attempts
2025-11-27 09:00:02,090 | INFO | === BRUTE-FORCE DETECTOR STARTED ===
2025-11-27 09:00:02,090 | INFO | Config: {'log_file': 'month1/fake_auth.log', 'output_file': 'month1/alerts.json', 'threshold_count': 3, 'time_window_minutes': 15, 'log_level': 'INFO', 'alert_title': 'BRUTE_FORCE_15MIN', 'smtp_server': 'smtp.gmail.com', 'smtp_port': 587, 'email_from': 'suleephraim1@gmail.com', 'email_to': 'cyberlootkeeper@gmail.com', 'email_password': 'uwijddtfwdtmmony'}
2025-11-27 09:00:02,097 | INFO | Parsed 5 failed logins
2025-11-27 09:00:02,097 | WARNING | ALERT: 203.0.113.27 → 4 attempts in window
2025-11-27 09:00:02,098 | INFO | Exported 1 alert(s) to month1/alerts.json
2025-11-27 09:00:02,098 | INFO | Sample: {
  "alert_type": "BRUTE_FORCE_15MIN",
  "ip": "203.0.113.27",
  "attempt_count": 4,
  "window_minutes": 9,
  "first_attempt": "2025-11-01T09:00:00",
  "last_attempt": "2025-11-01T09:09:00",
  "log_lines": [
    16,
    11,
    5,
    17
  ],
  "severity": "CRITICAL",
  "recommendation": "BLOCK IP + INVESTIGATE"
}
2025-11-27 09:00:02,196 | INFO | === EMAIL ALERTS MODULE STARTED ===
2025-11-27 09:00:02,200 | WARNING | ALERT: 203.0.113.27 → 4 attempts
2025-11-27 09:05:02,075 | INFO | === BRUTE-FORCE DETECTOR STARTED ===
2025-11-27 09:05:02,076 | INFO | Config: {'log_file': 'month1/fake_auth.log', 'output_file': 'month1/alerts.json', 'threshold_count': 3, 'time_window_minutes': 15, 'log_level': 'INFO', 'alert_title': 'BRUTE_FORCE_15MIN', 'smtp_server': 'smtp.gmail.com', 'smtp_port': 587, 'email_from': 'suleephraim1@gmail.com', 'email_to': 'cyberlootkeeper@gmail.com', 'email_password': 'uwijddtfwdtmmony'}
2025-11-27 09:05:02,080 | WARNING | Bad timestamp at line 7: 11/01/2025 09:42:00 AM -EventID: 4625
2025-11-27 09:05:02,080 | WARNING | Bad timestamp at line 10: 11/01/2025 09:39:00 AM -EventID: 4625
2025-11-27 09:05:02,080 | WARNING | Bad timestamp at line 11: 11/01/2025 09:30:00 AM -EventID: 4625
2025-11-27 09:05:02,080 | WARNING | Bad timestamp at line 12: 11/01/2025 09:36:00 AM -EventID: 4625
2025-11-27 09:05:02,080 | WARNING | Bad timestamp at line 13: 11/01/2025 09:30:00 AM -EventID: 4625
2025-11-27 09:05:02,080 | WARNING | Bad timestamp at line 14: 11/01/2025 09:39:00 AM -EventID: 4625
2025-11-27 09:05:02,080 | WARNING | Bad timestamp at line 15: 11/01/2025 09:39:00 AM -EventID: 4625
2025-11-27 09:05:02,080 | WARNING | Bad timestamp at line 16: 11/01/2025 09:30:00 AM -EventID: 4625
2025-11-27 09:05:02,080 | WARNING | Bad timestamp at line 18: 11/01/2025 09:39:00 AM -EventID: 4625
2025-11-27 09:05:02,080 | WARNING | Bad timestamp at line 19: 11/01/2025 09:36:00 AM -EventID: 4625
2025-11-27 09:05:02,080 | WARNING | Bad timestamp at line 20: 11/01/2025 09:36:00 AM -EventID: 4625
2025-11-27 09:05:02,080 | WARNING | Bad timestamp at line 22: 11/01/2025 09:33:00 AM -EventID: 4625
2025-11-27 09:05:02,080 | WARNING | Bad timestamp at line 23: 11/01/2025 09:30:00 AM -EventID: 4625
2025-11-27 09:05:02,081 | WARNING | Bad timestamp at line 24: 11/01/2025 09:33:00 AM -EventID: 4625
2025-11-27 09:05:02,081 | WARNING | Bad timestamp at line 26: 11/01/2025 09:42:00 AM -EventID: 4625
2025-11-27 09:05:02,081 | WARNING | Bad timestamp at line 27: 11/01/2025 09:36:00 AM -EventID: 4625
2025-11-27 09:05:02,081 | WARNING | Bad timestamp at line 28: 11/01/2025 09:39:00 AM -EventID: 4625
2025-11-27 09:05:02,081 | WARNING | Bad timestamp at line 30: 11/01/2025 09:42:00 AM -EventID: 4625
2025-11-27 09:05:02,081 | WARNING | Bad timestamp at line 31: 11/01/2025 09:33:00 AM -EventID: 4625
2025-11-27 09:05:02,081 | WARNING | Bad timestamp at line 32: 11/01/2025 09:33:00 AM -EventID: 4625
2025-11-27 09:05:02,081 | WARNING | Bad timestamp at line 34: 11/01/2025 09:33:00 AM -EventID: 4625
2025-11-27 09:05:02,081 | WARNING | Bad timestamp at line 35: 11/01/2025 09:33:00 AM -EventID: 4625
2025-11-27 09:05:02,081 | WARNING | Bad timestamp at line 36: 11/01/2025 09:30:00 AM -EventID: 4625
2025-11-27 09:05:02,081 | WARNING | Bad timestamp at line 37: 11/01/2025 09:36:00 AM -EventID: 4625
2025-11-27 09:05:02,081 | WARNING | Bad timestamp at line 38: 11/01/2025 09:39:00 AM -EventID: 4625
2025-11-27 09:05:02,081 | WARNING | Bad timestamp at line 39: 11/01/2025 09:36:00 AM -EventID: 4625
2025-11-27 09:05:02,081 | WARNING | Bad timestamp at line 40: 11/01/2025 09:39:00 AM -EventID: 4625
2025-11-27 09:05:02,081 | WARNING | Bad timestamp at line 41: 11/01/2025 09:36:00 AM -EventID: 4625
2025-11-27 09:05:02,082 | WARNING | Bad timestamp at line 42: 11/01/2025 09:42:00 AM -EventID: 4625
2025-11-27 09:05:02,082 | WARNING | Bad timestamp at line 44: 11/01/2025 09:33:00 AM -EventID: 4625
2025-11-27 09:05:02,082 | WARNING | Bad timestamp at line 45: 11/01/2025 09:36:00 AM -EventID: 4625
2025-11-27 09:05:02,082 | WARNING | Bad timestamp at line 46: 11/01/2025 09:36:00 AM -EventID: 4625
2025-11-27 09:05:02,082 | WARNING | Bad timestamp at line 47: 11/01/2025 09:42:00 AM -EventID: 4625
2025-11-27 09:05:02,082 | WARNING | Bad timestamp at line 48: 11/01/2025 09:36:00 AM -EventID: 4625
2025-11-27 09:05:02,082 | WARNING | Bad timestamp at line 49: 11/01/2025 09:42:00 AM -EventID: 4625
2025-11-27 09:05:02,082 | WARNING | Bad timestamp at line 50: 11/01/2025 09:36:00 AM -EventID: 4625
2025-11-27 09:05:02,082 | WARNING | Bad timestamp at line 52: 11/01/2025 09:39:00 AM -EventID: 4625
2025-11-27 09:05:02,082 | WARNING | Bad timestamp at line 53: 11/01/2025 09:42:00 AM -EventID: 4625
2025-11-27 09:05:02,082 | WARNING | Bad timestamp at line 54: 11/01/2025 09:42:00 AM -EventID: 4625
2025-11-27 09:05:02,082 | WARNING | Bad timestamp at line 55: 11/01/2025 09:36:00 AM -EventID: 4625
2025-11-27 09:05:02,082 | WARNING | Bad timestamp at line 56: 11/01/2025 09:33:00 AM -EventID: 4625
2025-11-27 09:05:02,082 | WARNING | Bad timestamp at line 57: 11/01/2025 09:36:00 AM -EventID: 4625
2025-11-27 09:05:02,082 | WARNING | Bad timestamp at line 58: 11/01/2025 09:30:00 AM -EventID: 4625
2025-11-27 09:05:02,082 | WARNING | Bad timestamp at line 59: 11/01/2025 09:30:00 AM -EventID: 4625
2025-11-27 09:05:02,083 | WARNING | Bad timestamp at line 60: 11/01/2025 09:33:00 AM -EventID: 4625
2025-11-27 09:05:02,083 | WARNING | Bad timestamp at line 61: 11/01/2025 09:36:00 AM -EventID: 4625
2025-11-27 09:05:02,083 | WARNING | Bad timestamp at line 62: 11/01/2025 09:39:00 AM -EventID: 4625
2025-11-27 09:05:02,083 | WARNING | Bad timestamp at line 63: 11/01/2025 09:30:00 AM -EventID: 4625
2025-11-27 09:05:02,083 | WARNING | Bad timestamp at line 64: 11/01/2025 09:42:00 AM -EventID: 4625
2025-11-27 09:05:02,083 | WARNING | Bad timestamp at line 65: 11/01/2025 09:39:00 AM -EventID: 4625
2025-11-27 09:05:02,083 | WARNING | Bad timestamp at line 66: 11/01/2025 09:39:00 AM -EventID: 4625
2025-11-27 09:05:02,083 | WARNING | Bad timestamp at line 67: 11/01/2025 09:33:00 AM -EventID: 4625
2025-11-27 09:05:02,083 | WARNING | Bad timestamp at line 69: 11/01/2025 09:33:00 AM -EventID: 4625
2025-11-27 09:05:02,083 | WARNING | Bad timestamp at line 70: 11/01/2025 09:39:00 AM -EventID: 4625
2025-11-27 09:05:02,083 | WARNING | Bad timestamp at line 71: 11/01/2025 09:36:00 AM -EventID: 4625
2025-11-27 09:05:02,083 | WARNING | Bad timestamp at line 72: 11/01/2025 09:30:00 AM -EventID: 4625
2025-11-27 09:05:02,083 | WARNING | Bad timestamp at line 73: 11/01/2025 09:30:00 AM -EventID: 4625
2025-11-27 09:05:02,083 | WARNING | Bad timestamp at line 74: 11/01/2025 09:36:00 AM -EventID: 4625
2025-11-27 09:05:02,083 | WARNING | Bad timestamp at line 75: 11/01/2025 09:39:00 AM -EventID: 4625
2025-11-27 09:05:02,084 | WARNING | Bad timestamp at line 77: 11/01/2025 09:42:00 AM -EventID: 4625
2025-11-27 09:05:02,084 | WARNING | Bad timestamp at line 78: 11/01/2025 09:33:00 AM -EventID: 4625
2025-11-27 09:05:02,084 | WARNING | Bad timestamp at line 80: 11/01/2025 09:33:00 AM -EventID: 4625
2025-11-27 09:05:02,084 | WARNING | Bad timestamp at line 82: 11/01/2025 09:36:00 AM -EventID: 4625
2025-11-27 09:05:02,084 | WARNING | Bad timestamp at line 83: 11/01/2025 09:30:00 AM -EventID: 4625
2025-11-27 09:05:02,084 | WARNING | Bad timestamp at line 84: 11/01/2025 09:30:00 AM -EventID: 4625
2025-11-27 09:05:02,084 | WARNING | Bad timestamp at line 85: 11/01/2025 09:42:00 AM -EventID: 4625
2025-11-27 09:05:02,084 | WARNING | Bad timestamp at line 88: 11/01/2025 09:30:00 AM -EventID: 4625
2025-11-27 09:05:02,084 | WARNING | Bad timestamp at line 89: 11/01/2025 09:33:00 AM -EventID: 4625
2025-11-27 09:05:02,084 | WARNING | Bad timestamp at line 90: 11/01/2025 09:30:00 AM -EventID: 4625
2025-11-27 09:05:02,084 | WARNING | Bad timestamp at line 91: 11/01/2025 09:39:00 AM -EventID: 4625
2025-11-27 09:05:02,084 | WARNING | Bad timestamp at line 92: 11/01/2025 09:39:00 AM -EventID: 4625
2025-11-27 09:05:02,084 | WARNING | Bad timestamp at line 93: 11/01/2025 09:39:00 AM -EventID: 4625
2025-11-27 09:05:02,084 | WARNING | Bad timestamp at line 95: 11/01/2025 09:33:00 AM -EventID: 4625
2025-11-27 09:05:02,084 | WARNING | Bad timestamp at line 96: 11/01/2025 09:30:00 AM -EventID: 4625
2025-11-27 09:05:02,084 | WARNING | Bad timestamp at line 97: 11/01/2025 09:39:00 AM -EventID: 4625
2025-11-27 09:05:02,085 | WARNING | Bad timestamp at line 98: 11/01/2025 09:30:00 AM -EventID: 4625
2025-11-27 09:05:02,085 | WARNING | Bad timestamp at line 100: 11/01/2025 09:33:00 AM -EventID: 4625
2025-11-27 09:05:02,085 | WARNING | Bad timestamp at line 102: 11/01/2025 09:39:00 AM -EventID: 4625
2025-11-27 09:05:02,085 | WARNING | Bad timestamp at line 103: 11/01/2025 09:36:00 AM -EventID: 4625
2025-11-27 09:05:02,085 | WARNING | Bad timestamp at line 104: 11/01/2025 09:39:00 AM -EventID: 4625
2025-11-27 09:05:02,085 | WARNING | Bad timestamp at line 106: 11/01/2025 09:39:00 AM -EventID: 4625
2025-11-27 09:05:02,085 | WARNING | Bad timestamp at line 108: 11/01/2025 09:33:00 AM -EventID: 4625
2025-11-27 09:05:02,085 | WARNING | Bad timestamp at line 110: 11/01/2025 09:33:00 AM -EventID: 4625
2025-11-27 09:05:02,085 | WARNING | Bad timestamp at line 111: 11/01/2025 09:42:00 AM -EventID: 4625
2025-11-27 09:05:02,085 | WARNING | Bad timestamp at line 112: 11/01/2025 09:30:00 AM -EventID: 4625
2025-11-27 09:05:02,085 | WARNING | Bad timestamp at line 113: 11/01/2025 09:33:00 AM -EventID: 4625
2025-11-27 09:05:02,085 | WARNING | Bad timestamp at line 114: 11/01/2025 09:30:00 AM -EventID: 4625
2025-11-27 09:05:02,085 | WARNING | Bad timestamp at line 115: 11/01/2025 09:33:00 AM -EventID: 4625
2025-11-27 09:05:02,085 | WARNING | Bad timestamp at line 116: 11/01/2025 09:33:00 AM -EventID: 4625
2025-11-27 09:05:02,085 | WARNING | Bad timestamp at line 117: 11/01/2025 09:42:00 AM -EventID: 4625
2025-11-27 09:05:02,085 | WARNING | Bad timestamp at line 118: 11/01/2025 09:33:00 AM -EventID: 4625
2025-11-27 09:05:02,086 | WARNING | Bad timestamp at line 119: 11/01/2025 09:42:00 AM -EventID: 4625
2025-11-27 09:05:02,086 | WARNING | Bad timestamp at line 121: 11/01/2025 09:42:00 AM -EventID: 4625
2025-11-27 09:05:02,086 | WARNING | Bad timestamp at line 122: 11/01/2025 09:42:00 AM -EventID: 4625
2025-11-27 09:05:02,086 | WARNING | Bad timestamp at line 123: 11/01/2025 09:39:00 AM -EventID: 4625
2025-11-27 09:05:02,086 | WARNING | Bad timestamp at line 124: 11/01/2025 09:39:00 AM -EventID: 4625
2025-11-27 09:05:02,086 | WARNING | Bad timestamp at line 125: 11/01/2025 09:42:00 AM -EventID: 4625
2025-11-27 09:05:02,086 | WARNING | Bad timestamp at line 126: 11/01/2025 09:39:00 AM -EventID: 4625
2025-11-27 09:05:02,086 | WARNING | Bad timestamp at line 127: 11/01/2025 09:33:00 AM -EventID: 4625
2025-11-27 09:05:02,086 | WARNING | Bad timestamp at line 128: 11/01/2025 09:42:00 AM -EventID: 4625
2025-11-27 09:05:02,086 | WARNING | Bad timestamp at line 129: 11/01/2025 09:39:00 AM -EventID: 4625
2025-11-27 09:05:02,086 | WARNING | Bad timestamp at line 131: 11/01/2025 09:42:00 AM -EventID: 4625
2025-11-27 09:05:02,086 | WARNING | Bad timestamp at line 132: 11/01/2025 09:36:00 AM -EventID: 4625
2025-11-27 09:05:02,086 | WARNING | Bad timestamp at line 133: 11/01/2025 09:30:00 AM -EventID: 4625
2025-11-27 09:05:02,086 | WARNING | Bad timestamp at line 135: 11/01/2025 09:42:00 AM -EventID: 4625
2025-11-27 09:05:02,086 | WARNING | Bad timestamp at line 136: 11/01/2025 09:42:00 AM -EventID: 4625
2025-11-27 09:05:02,086 | WARNING | Bad timestamp at line 137: 11/01/2025 09:30:00 AM -EventID: 4625
2025-11-27 09:05:02,087 | WARNING | Bad timestamp at line 139: 11/01/2025 09:33:00 AM -EventID: 4625
2025-11-27 09:05:02,087 | WARNING | Bad timestamp at line 141: 11/01/2025 09:42:00 AM -EventID: 4625
2025-11-27 09:05:02,087 | WARNING | Bad timestamp at line 144: 11/01/2025 09:33:00 AM -EventID: 4625
2025-11-27 09:05:02,087 | WARNING | Bad timestamp at line 145: 11/01/2025 09:36:00 AM -EventID: 4625
2025-11-27 09:05:02,087 | WARNING | Bad timestamp at line 146: 11/01/2025 09:42:00 AM -EventID: 4625
2025-11-27 09:05:02,087 | WARNING | Bad timestamp at line 147: 11/01/2025 09:36:00 AM -EventID: 4625
2025-11-27 09:05:02,087 | WARNING | Bad timestamp at line 150: 11/01/2025 09:39:00 AM -EventID: 4625
2025-11-27 09:05:02,087 | WARNING | Bad timestamp at line 151: 11/01/2025 09:36:00 AM -EventID: 4625
2025-11-27 09:05:02,087 | WARNING | Bad timestamp at line 153: 11/01/2025 09:30:00 AM -EventID: 4625
2025-11-27 09:05:02,087 | WARNING | Bad timestamp at line 154: 11/01/2025 09:30:00 AM -EventID: 4625
2025-11-27 09:05:02,087 | WARNING | Bad timestamp at line 155: 11/01/2025 09:42:00 AM -EventID: 4625
2025-11-27 09:05:02,087 | WARNING | Bad timestamp at line 157: 11/01/2025 09:33:00 AM -EventID: 4625
2025-11-27 09:05:02,087 | WARNING | Bad timestamp at line 158: 11/01/2025 09:36:00 AM -EventID: 4625
2025-11-27 09:05:02,087 | WARNING | Bad timestamp at line 159: 11/01/2025 09:36:00 AM -EventID: 4625
2025-11-27 09:05:02,087 | WARNING | Bad timestamp at line 160: 11/01/2025 09:42:00 AM -EventID: 4625
2025-11-27 09:05:02,088 | WARNING | Bad timestamp at line 161: 11/01/2025 09:36:00 AM -EventID: 4625
2025-11-27 09:05:02,088 | WARNING | Bad timestamp at line 162: 11/01/2025 09:33:00 AM -EventID: 4625
2025-11-27 09:05:02,088 | WARNING | Bad timestamp at line 163: 11/01/2025 09:39:00 AM -EventID: 4625
2025-11-27 09:05:02,088 | WARNING | Bad timestamp at line 164: 11/01/2025 09:39:00 AM -EventID: 4625
2025-11-27 09:05:02,088 | WARNING | Bad timestamp at line 165: 11/01/2025 09:36:00 AM -EventID: 4625
2025-11-27 09:05:02,088 | WARNING | Bad timestamp at line 166: 11/01/2025 09:42:00 AM -EventID: 4625
2025-11-27 09:05:02,088 | WARNING | Bad timestamp at line 167: 11/01/2025 09:33:00 AM -EventID: 4625
2025-11-27 09:05:02,088 | WARNING | Bad timestamp at line 168: 11/01/2025 09:30:00 AM -EventID: 4625
2025-11-27 09:05:02,088 | WARNING | Bad timestamp at line 170: 11/01/2025 09:42:00 AM -EventID: 4625
2025-11-27 09:05:02,088 | WARNING | Bad timestamp at line 171: 11/01/2025 09:30:00 AM -EventID: 4625
2025-11-27 09:05:02,088 | WARNING | Bad timestamp at line 172: 11/01/2025 09:33:00 AM -EventID: 4625
2025-11-27 09:05:02,088 | WARNING | Bad timestamp at line 173: 11/01/2025 09:42:00 AM -EventID: 4625
2025-11-27 09:05:02,088 | WARNING | Bad timestamp at line 174: 11/01/2025 09:42:00 AM -EventID: 4625
2025-11-27 09:05:02,088 | WARNING | Bad timestamp at line 175: 11/01/2025 09:30:00 AM -EventID: 4625
2025-11-27 09:05:02,088 | WARNING | Bad timestamp at line 176: 11/01/2025 09:36:00 AM -EventID: 4625
2025-11-27 09:05:02,088 | WARNING | Bad timestamp at line 177: 11/01/2025 09:39:00 AM -EventID: 4625
2025-11-27 09:05:02,089 | WARNING | Bad timestamp at line 178: 11/01/2025 09:39:00 AM -EventID: 4625
2025-11-27 09:05:02,089 | WARNING | Bad timestamp at line 181: 11/01/2025 09:39:00 AM -EventID: 4625
2025-11-27 09:05:02,089 | WARNING | Bad timestamp at line 182: 11/01/2025 09:30:00 AM -EventID: 4625
2025-11-27 09:05:02,089 | WARNING | Bad timestamp at line 183: 11/01/2025 09:36:00 AM -EventID: 4625
2025-11-27 09:05:02,089 | WARNING | Bad timestamp at line 184: 11/01/2025 09:30:00 AM -EventID: 4625
2025-11-27 09:05:02,089 | WARNING | Bad timestamp at line 185: 11/01/2025 09:36:00 AM -EventID: 4625
2025-11-27 09:05:02,089 | WARNING | Bad timestamp at line 187: 11/01/2025 09:42:00 AM -EventID: 4625
2025-11-27 09:05:02,089 | WARNING | Bad timestamp at line 188: 11/01/2025 09:42:00 AM -EventID: 4625
2025-11-27 09:05:02,089 | WARNING | Bad timestamp at line 189: 11/01/2025 09:42:00 AM -EventID: 4625
2025-11-27 09:05:02,089 | WARNING | Bad timestamp at line 190: 11/01/2025 09:33:00 AM -EventID: 4625
2025-11-27 09:05:02,089 | WARNING | Bad timestamp at line 191: 11/01/2025 09:33:00 AM -EventID: 4625
2025-11-27 09:05:02,089 | WARNING | Bad timestamp at line 192: 11/01/2025 09:30:00 AM -EventID: 4625
2025-11-27 09:05:02,089 | WARNING | Bad timestamp at line 194: 11/01/2025 09:33:00 AM -EventID: 4625
2025-11-27 09:05:02,089 | WARNING | Bad timestamp at line 196: 11/01/2025 09:36:00 AM -EventID: 4625
2025-11-27 09:05:02,089 | WARNING | Bad timestamp at line 197: 11/01/2025 09:36:00 AM -EventID: 4625
2025-11-27 09:05:02,089 | WARNING | Bad timestamp at line 199: 11/01/2025 09:30:00 AM -EventID: 4625
2025-11-27 09:05:02,090 | WARNING | Bad timestamp at line 200: 11/01/2025 09:33:00 AM -EventID: 4625
2025-11-27 09:05:02,090 | WARNING | Bad timestamp at line 202: 11/01/2025 09:30:00 AM -EventID: 4625
2025-11-27 09:05:02,090 | WARNING | Bad timestamp at line 204: 11/01/2025 09:39:00 AM -EventID: 4625
2025-11-27 09:05:02,090 | WARNING | Bad timestamp at line 207: 11/01/2025 09:33:00 AM -EventID: 4625
2025-11-27 09:05:02,090 | WARNING | Bad timestamp at line 208: 11/01/2025 09:36:00 AM -EventID: 4625
2025-11-27 09:05:02,090 | WARNING | Bad timestamp at line 209: 11/01/2025 09:36:00 AM -EventID: 4625
2025-11-27 09:05:02,090 | WARNING | Bad timestamp at line 210: 11/01/2025 09:42:00 AM -EventID: 4625
2025-11-27 09:05:02,090 | WARNING | Bad timestamp at line 212: 11/01/2025 09:36:00 AM -EventID: 4625
2025-11-27 09:05:02,090 | WARNING | Bad timestamp at line 213: 11/01/2025 09:42:00 AM -EventID: 4625
2025-11-27 09:05:02,090 | WARNING | Bad timestamp at line 214: 11/01/2025 09:30:00 AM -EventID: 4625
2025-11-27 09:05:02,090 | WARNING | Bad timestamp at line 216: 11/01/2025 09:39:00 AM -EventID: 4625
2025-11-27 09:05:02,090 | WARNING | Bad timestamp at line 217: 11/01/2025 09:39:00 AM -EventID: 4625
2025-11-27 09:05:02,090 | WARNING | Bad timestamp at line 218: 11/01/2025 09:39:00 AM -EventID: 4625
2025-11-27 09:05:02,090 | WARNING | Bad timestamp at line 219: 11/01/2025 09:42:00 AM -EventID: 4625
2025-11-27 09:05:02,090 | WARNING | Bad timestamp at line 222: 11/01/2025 09:30:00 AM -EventID: 4625
2025-11-27 09:05:02,090 | WARNING | Bad timestamp at line 223: 11/01/2025 09:30:00 AM -EventID: 4625
2025-11-27 09:05:02,091 | WARNING | Bad timestamp at line 224: 11/01/2025 09:36:00 AM -EventID: 4625
2025-11-27 09:05:02,091 | WARNING | Bad timestamp at line 225: 11/01/2025 09:42:00 AM -EventID: 4625
2025-11-27 09:05:02,091 | WARNING | Bad timestamp at line 227: 11/01/2025 09:33:00 AM -EventID: 4625
2025-11-27 09:05:02,091 | WARNING | Bad timestamp at line 228: 11/01/2025 09:30:00 AM -EventID: 4625
2025-11-27 09:05:02,091 | WARNING | Bad timestamp at line 229: 11/01/2025 09:30:00 AM -EventID: 4625
2025-11-27 09:05:02,091 | WARNING | Bad timestamp at line 230: 11/01/2025 09:30:00 AM -EventID: 4625
2025-11-27 09:05:02,091 | WARNING | Bad timestamp at line 231: 11/01/2025 09:39:00 AM -EventID: 4625
2025-11-27 09:05:02,091 | WARNING | Bad timestamp at line 232: 11/01/2025 09:33:00 AM -EventID: 4625
2025-11-27 09:05:02,091 | WARNING | Bad timestamp at line 233: 11/01/2025 09:36:00 AM -EventID: 4625
2025-11-27 09:05:02,091 | WARNING | Bad timestamp at line 234: 11/01/2025 09:39:00 AM -EventID: 4625
2025-11-27 09:05:02,091 | INFO | Parsed 0 failed logins
2025-11-27 09:05:02,091 | INFO | Exported 0 alert(s) to month1/alerts.json
2025-11-27 09:05:02,092 | INFO | No alerts generated.
2025-11-27 09:10:01,191 | INFO | === BRUTE-FORCE DETECTOR STARTED ===
2025-11-27 09:10:01,191 | INFO | Config: {'log_file': 'month1/fake_auth.log', 'output_file': 'month1/alerts.json', 'threshold_count': 3, 'time_window_minutes': 15, 'log_level': 'INFO', 'alert_title': 'BRUTE_FORCE_15MIN', 'smtp_server': 'smtp.gmail.com', 'smtp_port': 587, 'email_from': 'suleephraim1@gmail.com', 'email_to': 'cyberlootkeeper@gmail.com', 'email_password': 'uwijddtfwdtmmony'}
2025-11-27 09:10:01,195 | WARNING | Bad timestamp at line 5: 11/01/2025 09:42:00 AM -EventID: 4625
2025-11-27 09:10:01,195 | WARNING | Bad timestamp at line 6: 11/01/2025 09:30:00 AM -EventID: 4625
2025-11-27 09:10:01,195 | WARNING | Bad timestamp at line 7: 11/01/2025 09:36:00 AM -EventID: 4625
2025-11-27 09:10:01,195 | WARNING | Bad timestamp at line 8: 11/01/2025 09:33:00 AM -EventID: 4625
2025-11-27 09:10:01,195 | WARNING | Bad timestamp at line 10: 11/01/2025 09:36:00 AM -EventID: 4625
2025-11-27 09:10:01,195 | WARNING | Bad timestamp at line 12: 11/01/2025 09:33:00 AM -EventID: 4625
2025-11-27 09:10:01,195 | WARNING | Bad timestamp at line 13: 11/01/2025 09:33:00 AM -EventID: 4625
2025-11-27 09:10:01,195 | WARNING | Bad timestamp at line 14: 11/01/2025 09:30:00 AM -EventID: 4625
2025-11-27 09:10:01,196 | WARNING | Bad timestamp at line 15: 11/01/2025 09:36:00 AM -EventID: 4625
2025-11-27 09:10:01,196 | WARNING | Bad timestamp at line 17: 11/01/2025 09:33:00 AM -EventID: 4625
2025-11-27 09:10:01,196 | WARNING | Bad timestamp at line 18: 11/01/2025 09:30:00 AM -EventID: 4625
2025-11-27 09:10:01,196 | WARNING | Bad timestamp at line 19: 11/01/2025 09:33:00 AM -EventID: 4625
2025-11-27 09:10:01,196 | WARNING | Bad timestamp at line 21: 11/01/2025 09:42:00 AM -EventID: 4625
2025-11-27 09:10:01,196 | WARNING | Bad timestamp at line 22: 11/01/2025 09:39:00 AM -EventID: 4625
2025-11-27 09:10:01,196 | WARNING | Bad timestamp at line 23: 11/01/2025 09:36:00 AM -EventID: 4625
2025-11-27 09:10:01,196 | WARNING | Bad timestamp at line 25: 11/01/2025 09:33:00 AM -EventID: 4625
2025-11-27 09:10:01,196 | WARNING | Bad timestamp at line 26: 11/01/2025 09:33:00 AM -EventID: 4625
2025-11-27 09:10:01,196 | WARNING | Bad timestamp at line 27: 11/01/2025 09:39:00 AM -EventID: 4625
2025-11-27 09:10:01,197 | WARNING | Bad timestamp at line 28: 11/01/2025 09:42:00 AM -EventID: 4625
2025-11-27 09:10:01,197 | WARNING | Bad timestamp at line 29: 11/01/2025 09:42:00 AM -EventID: 4625
2025-11-27 09:10:01,197 | WARNING | Bad timestamp at line 30: 11/01/2025 09:36:00 AM -EventID: 4625
2025-11-27 09:10:01,197 | WARNING | Bad timestamp at line 31: 11/01/2025 09:36:00 AM -EventID: 4625
2025-11-27 09:10:01,197 | WARNING | Bad timestamp at line 32: 11/01/2025 09:30:00 AM -EventID: 4625
2025-11-27 09:10:01,197 | WARNING | Bad timestamp at line 33: 11/01/2025 09:36:00 AM -EventID: 4625
2025-11-27 09:10:01,197 | WARNING | Bad timestamp at line 34: 11/01/2025 09:42:00 AM -EventID: 4625
2025-11-27 09:10:01,197 | WARNING | Bad timestamp at line 35: 11/01/2025 09:39:00 AM -EventID: 4625
2025-11-27 09:10:01,197 | WARNING | Bad timestamp at line 36: 11/01/2025 09:39:00 AM -EventID: 4625
2025-11-27 09:10:01,197 | WARNING | Bad timestamp at line 37: 11/01/2025 09:39:00 AM -EventID: 4625
2025-11-27 09:10:01,198 | WARNING | Bad timestamp at line 38: 11/01/2025 09:42:00 AM -EventID: 4625
2025-11-27 09:10:01,198 | WARNING | Bad timestamp at line 39: 11/01/2025 09:30:00 AM -EventID: 4625
2025-11-27 09:10:01,198 | WARNING | Bad timestamp at line 40: 11/01/2025 09:33:00 AM -EventID: 4625
2025-11-27 09:10:01,198 | WARNING | Bad timestamp at line 41: 11/01/2025 09:30:00 AM -EventID: 4625
2025-11-27 09:10:01,198 | WARNING | Bad timestamp at line 43: 11/01/2025 09:39:00 AM -EventID: 4625
2025-11-27 09:10:01,198 | WARNING | Bad timestamp at line 44: 11/01/2025 09:36:00 AM -EventID: 4625
2025-11-27 09:10:01,198 | WARNING | Bad timestamp at line 45: 11/01/2025 09:30:00 AM -EventID: 4625
2025-11-27 09:10:01,198 | WARNING | Bad timestamp at line 46: 11/01/2025 09:42:00 AM -EventID: 4625
2025-11-27 09:10:01,198 | WARNING | Bad timestamp at line 47: 11/01/2025 09:36:00 AM -EventID: 4625
2025-11-27 09:10:01,198 | WARNING | Bad timestamp at line 48: 11/01/2025 09:42:00 AM -EventID: 4625
2025-11-27 09:10:01,198 | WARNING | Bad timestamp at line 49: 11/01/2025 09:42:00 AM -EventID: 4625
2025-11-27 09:10:01,199 | WARNING | Bad timestamp at line 50: 11/01/2025 09:42:00 AM -EventID: 4625
2025-11-27 09:10:01,199 | WARNING | Bad timestamp at line 51: 11/01/2025 09:39:00 AM -EventID: 4625
2025-11-27 09:10:01,199 | WARNING | Bad timestamp at line 52: 11/01/2025 09:42:00 AM -EventID: 4625
2025-11-27 09:10:01,199 | WARNING | Bad timestamp at line 53: 11/01/2025 09:30:00 AM -EventID: 4625
2025-11-27 09:10:01,199 | WARNING | Bad timestamp at line 54: 11/01/2025 09:30:00 AM -EventID: 4625
2025-11-27 09:10:01,199 | WARNING | Bad timestamp at line 55: 11/01/2025 09:30:00 AM -EventID: 4625
2025-11-27 09:10:01,199 | WARNING | Bad timestamp at line 56: 11/01/2025 09:33:00 AM -EventID: 4625
2025-11-27 09:10:01,199 | WARNING | Bad timestamp at line 58: 11/01/2025 09:42:00 AM -EventID: 4625
2025-11-27 09:10:01,199 | WARNING | Bad timestamp at line 59: 11/01/2025 09:36:00 AM -EventID: 4625
2025-11-27 09:10:01,199 | WARNING | Bad timestamp at line 60: 11/01/2025 09:36:00 AM -EventID: 4625
2025-11-27 09:10:01,199 | WARNING | Bad timestamp at line 61: 11/01/2025 09:33:00 AM -EventID: 4625
2025-11-27 09:10:01,200 | WARNING | Bad timestamp at line 62: 11/01/2025 09:42:00 AM -EventID: 4625
2025-11-27 09:10:01,200 | WARNING | Bad timestamp at line 64: 11/01/2025 09:30:00 AM -EventID: 4625
2025-11-27 09:10:01,200 | WARNING | Bad timestamp at line 65: 11/01/2025 09:39:00 AM -EventID: 4625
2025-11-27 09:10:01,200 | WARNING | Bad timestamp at line 66: 11/01/2025 09:42:00 AM -EventID: 4625
2025-11-27 09:10:01,200 | WARNING | Bad timestamp at line 67: 11/01/2025 09:39:00 AM -EventID: 4625
2025-11-27 09:10:01,200 | WARNING | Bad timestamp at line 68: 11/01/2025 09:36:00 AM -EventID: 4625
2025-11-27 09:10:01,200 | WARNING | Bad timestamp at line 69: 11/01/2025 09:42:00 AM -EventID: 4625
2025-11-27 09:10:01,200 | WARNING | Bad timestamp at line 70: 11/01/2025 09:39:00 AM -EventID: 4625
2025-11-27 09:10:01,200 | WARNING | Bad timestamp at line 72: 11/01/2025 09:36:00 AM -EventID: 4625
2025-11-27 09:10:01,200 | WARNING | Bad timestamp at line 73: 11/01/2025 09:42:00 AM -EventID: 4625
2025-11-27 09:10:01,201 | WARNING | Bad timestamp at line 75: 11/01/2025 09:33:00 AM -EventID: 4625
2025-11-27 09:10:01,201 | WARNING | Bad timestamp at line 76: 11/01/2025 09:39:00 AM -EventID: 4625
2025-11-27 09:10:01,201 | WARNING | Bad timestamp at line 78: 11/01/2025 09:42:00 AM -EventID: 4625
2025-11-27 09:10:01,201 | WARNING | Bad timestamp at line 79: 11/01/2025 09:36:00 AM -EventID: 4625
2025-11-27 09:10:01,201 | WARNING | Bad timestamp at line 80: 11/01/2025 09:42:00 AM -EventID: 4625
2025-11-27 09:10:01,201 | WARNING | Bad timestamp at line 81: 11/01/2025 09:30:00 AM -EventID: 4625
2025-11-27 09:10:01,201 | WARNING | Bad timestamp at line 82: 11/01/2025 09:30:00 AM -EventID: 4625
2025-11-27 09:10:01,201 | WARNING | Bad timestamp at line 83: 11/01/2025 09:39:00 AM -EventID: 4625
2025-11-27 09:10:01,201 | WARNING | Bad timestamp at line 84: 11/01/2025 09:33:00 AM -EventID: 4625
2025-11-27 09:10:01,201 | WARNING | Bad timestamp at line 85: 11/01/2025 09:39:00 AM -EventID: 4625
2025-11-27 09:10:01,202 | WARNING | Bad timestamp at line 86: 11/01/2025 09:42:00 AM -EventID: 4625
2025-11-27 09:10:01,202 | WARNING | Bad timestamp at line 87: 11/01/2025 09:33:00 AM -EventID: 4625
2025-11-27 09:10:01,202 | WARNING | Bad timestamp at line 88: 11/01/2025 09:33:00 AM -EventID: 4625
2025-11-27 09:10:01,202 | WARNING | Bad timestamp at line 89: 11/01/2025 09:39:00 AM -EventID: 4625
2025-11-27 09:10:01,202 | WARNING | Bad timestamp at line 90: 11/01/2025 09:36:00 AM -EventID: 4625
2025-11-27 09:10:01,202 | WARNING | Bad timestamp at line 91: 11/01/2025 09:39:00 AM -EventID: 4625
2025-11-27 09:10:01,202 | WARNING | Bad timestamp at line 92: 11/01/2025 09:33:00 AM -EventID: 4625
2025-11-27 09:10:01,202 | WARNING | Bad timestamp at line 95: 11/01/2025 09:30:00 AM -EventID: 4625
2025-11-27 09:10:01,202 | WARNING | Bad timestamp at line 96: 11/01/2025 09:33:00 AM -EventID: 4625
2025-11-27 09:10:01,202 | WARNING | Bad timestamp at line 97: 11/01/2025 09:33:00 AM -EventID: 4625
2025-11-27 09:10:01,202 | WARNING | Bad timestamp at line 98: 11/01/2025 09:33:00 AM -EventID: 4625
2025-11-27 09:10:01,203 | WARNING | Bad timestamp at line 99: 11/01/2025 09:39:00 AM -EventID: 4625
2025-11-27 09:10:01,203 | WARNING | Bad timestamp at line 100: 11/01/2025 09:33:00 AM -EventID: 4625
2025-11-27 09:10:01,203 | WARNING | Bad timestamp at line 101: 11/01/2025 09:33:00 AM -EventID: 4625
2025-11-27 09:10:01,203 | WARNING | Bad timestamp at line 102: 11/01/2025 09:36:00 AM -EventID: 4625
2025-11-27 09:10:01,203 | WARNING | Bad timestamp at line 103: 11/01/2025 09:30:00 AM -EventID: 4625
2025-11-27 09:10:01,203 | WARNING | Bad timestamp at line 104: 11/01/2025 09:30:00 AM -EventID: 4625
2025-11-27 09:10:01,203 | WARNING | Bad timestamp at line 105: 11/01/2025 09:36:00 AM -EventID: 4625
2025-11-27 09:10:01,203 | WARNING | Bad timestamp at line 106: 11/01/2025 09:36:00 AM -EventID: 4625
2025-11-27 09:10:01,203 | WARNING | Bad timestamp at line 107: 11/01/2025 09:39:00 AM -EventID: 4625
2025-11-27 09:10:01,203 | WARNING | Bad timestamp at line 109: 11/01/2025 09:36:00 AM -EventID: 4625
2025-11-27 09:10:01,203 | WARNING | Bad timestamp at line 110: 11/01/2025 09:39:00 AM -EventID: 4625
2025-11-27 09:10:01,204 | WARNING | Bad timestamp at line 111: 11/01/2025 09:39:00 AM -EventID: 4625
2025-11-27 09:10:01,204 | WARNING | Bad timestamp at line 112: 11/01/2025 09:39:00 AM -EventID: 4625
2025-11-27 09:10:01,204 | WARNING | Bad timestamp at line 113: 11/01/2025 09:39:00 AM -EventID: 4625
2025-11-27 09:10:01,204 | WARNING | Bad timestamp at line 114: 11/01/2025 09:42:00 AM -EventID: 4625
2025-11-27 09:10:01,204 | WARNING | Bad timestamp at line 115: 11/01/2025 09:33:00 AM -EventID: 4625
2025-11-27 09:10:01,204 | WARNING | Bad timestamp at line 116: 11/01/2025 09:39:00 AM -EventID: 4625
2025-11-27 09:10:01,204 | WARNING | Bad timestamp at line 117: 11/01/2025 09:36:00 AM -EventID: 4625
2025-11-27 09:10:01,204 | WARNING | Bad timestamp at line 118: 11/01/2025 09:39:00 AM -EventID: 4625
2025-11-27 09:10:01,204 | WARNING | Bad timestamp at line 119: 11/01/2025 09:39:00 AM -EventID: 4625
2025-11-27 09:10:01,204 | WARNING | Bad timestamp at line 120: 11/01/2025 09:36:00 AM -EventID: 4625
2025-11-27 09:10:01,204 | WARNING | Bad timestamp at line 121: 11/01/2025 09:30:00 AM -EventID: 4625
2025-11-27 09:10:01,205 | WARNING | Bad timestamp at line 122: 11/01/2025 09:36:00 AM -EventID: 4625
2025-11-27 09:10:01,205 | WARNING | Bad timestamp at line 123: 11/01/2025 09:33:00 AM -EventID: 4625
2025-11-27 09:10:01,205 | WARNING | Bad timestamp at line 124: 11/01/2025 09:42:00 AM -EventID: 4625
2025-11-27 09:10:01,205 | WARNING | Bad timestamp at line 125: 11/01/2025 09:30:00 AM -EventID: 4625
2025-11-27 09:10:01,205 | WARNING | Bad timestamp at line 126: 11/01/2025 09:42:00 AM -EventID: 4625
2025-11-27 09:10:01,205 | WARNING | Bad timestamp at line 127: 11/01/2025 09:30:00 AM -EventID: 4625
2025-11-27 09:10:01,205 | WARNING | Bad timestamp at line 128: 11/01/2025 09:30:00 AM -EventID: 4625
2025-11-27 09:10:01,205 | WARNING | Bad timestamp at line 129: 11/01/2025 09:42:00 AM -EventID: 4625
2025-11-27 09:10:01,205 | WARNING | Bad timestamp at line 130: 11/01/2025 09:39:00 AM -EventID: 4625
2025-11-27 09:10:01,205 | WARNING | Bad timestamp at line 131: 11/01/2025 09:30:00 AM -EventID: 4625
2025-11-27 09:10:01,205 | WARNING | Bad timestamp at line 132: 11/01/2025 09:36:00 AM -EventID: 4625
2025-11-27 09:10:01,206 | WARNING | Bad timestamp at line 133: 11/01/2025 09:30:00 AM -EventID: 4625
2025-11-27 09:10:01,206 | WARNING | Bad timestamp at line 134: 11/01/2025 09:33:00 AM -EventID: 4625
2025-11-27 09:10:01,206 | WARNING | Bad timestamp at line 135: 11/01/2025 09:36:00 AM -EventID: 4625
2025-11-27 09:10:01,206 | WARNING | Bad timestamp at line 136: 11/01/2025 09:42:00 AM -EventID: 4625
2025-11-27 09:10:01,206 | WARNING | Bad timestamp at line 137: 11/01/2025 09:33:00 AM -EventID: 4625
2025-11-27 09:10:01,206 | WARNING | Bad timestamp at line 138: 11/01/2025 09:30:00 AM -EventID: 4625
2025-11-27 09:10:01,206 | WARNING | Bad timestamp at line 139: 11/01/2025 09:33:00 AM -EventID: 4625
2025-11-27 09:10:01,206 | WARNING | Bad timestamp at line 141: 11/01/2025 09:42:00 AM -EventID: 4625
2025-11-27 09:10:01,206 | WARNING | Bad timestamp at line 142: 11/01/2025 09:30:00 AM -EventID: 4625
2025-11-27 09:10:01,206 | WARNING | Bad timestamp at line 143: 11/01/2025 09:36:00 AM -EventID: 4625
2025-11-27 09:10:01,207 | WARNING | Bad timestamp at line 144: 11/01/2025 09:30:00 AM -EventID: 4625
2025-11-27 09:10:01,207 | INFO | Parsed 0 failed logins
2025-11-27 09:10:01,207 | INFO | Exported 0 alert(s) to month1/alerts.json
2025-11-27 09:10:01,207 | INFO | No alerts generated.
2025-11-27 12:05:02,331 | INFO | === BRUTE-FORCE DETECTOR STARTED ===
2025-11-27 12:05:02,363 | INFO | Config: {'log_file': 'month1/fake_auth.log', 'output_file': 'month1/alerts.json', 'threshold_count': 3, 'time_window_minutes': 15, 'log_level': 'INFO', 'alert_title': 'BRUTE_FORCE_15MIN', 'smtp_server': 'smtp.gmail.com', 'smtp_port': 587, 'email_from': 'suleephraim1@gmail.com', 'email_to': 'cyberlootkeeper@gmail.com', 'email_password': 'uwijddtfwdtmmony'}
2025-11-27 12:05:02,416 | WARNING | Bad timestamp at line 5: 11/01/2025 09:42:00 AM -EventID: 4625
2025-11-27 12:05:02,417 | WARNING | Bad timestamp at line 6: 11/01/2025 09:30:00 AM -EventID: 4625
2025-11-27 12:05:02,417 | WARNING | Bad timestamp at line 7: 11/01/2025 09:36:00 AM -EventID: 4625
2025-11-27 12:05:02,417 | WARNING | Bad timestamp at line 8: 11/01/2025 09:33:00 AM -EventID: 4625
2025-11-27 12:05:02,417 | WARNING | Bad timestamp at line 10: 11/01/2025 09:36:00 AM -EventID: 4625
2025-11-27 12:05:02,417 | WARNING | Bad timestamp at line 12: 11/01/2025 09:33:00 AM -EventID: 4625
2025-11-27 12:05:02,418 | WARNING | Bad timestamp at line 13: 11/01/2025 09:33:00 AM -EventID: 4625
2025-11-27 12:05:02,418 | WARNING | Bad timestamp at line 14: 11/01/2025 09:30:00 AM -EventID: 4625
2025-11-27 12:05:02,418 | WARNING | Bad timestamp at line 15: 11/01/2025 09:36:00 AM -EventID: 4625
2025-11-27 12:05:02,418 | WARNING | Bad timestamp at line 17: 11/01/2025 09:33:00 AM -EventID: 4625
2025-11-27 12:05:02,418 | WARNING | Bad timestamp at line 18: 11/01/2025 09:30:00 AM -EventID: 4625
2025-11-27 12:05:02,419 | WARNING | Bad timestamp at line 19: 11/01/2025 09:33:00 AM -EventID: 4625
2025-11-27 12:05:02,419 | WARNING | Bad timestamp at line 21: 11/01/2025 09:42:00 AM -EventID: 4625
2025-11-27 12:05:02,419 | WARNING | Bad timestamp at line 22: 11/01/2025 09:39:00 AM -EventID: 4625
2025-11-27 12:05:02,419 | WARNING | Bad timestamp at line 23: 11/01/2025 09:36:00 AM -EventID: 4625
2025-11-27 12:05:02,419 | WARNING | Bad timestamp at line 25: 11/01/2025 09:33:00 AM -EventID: 4625
2025-11-27 12:05:02,419 | WARNING | Bad timestamp at line 26: 11/01/2025 09:33:00 AM -EventID: 4625
2025-11-27 12:05:02,419 | WARNING | Bad timestamp at line 27: 11/01/2025 09:39:00 AM -EventID: 4625
2025-11-27 12:05:02,420 | WARNING | Bad timestamp at line 28: 11/01/2025 09:42:00 AM -EventID: 4625
2025-11-27 12:05:02,420 | WARNING | Bad timestamp at line 29: 11/01/2025 09:42:00 AM -EventID: 4625
2025-11-27 12:05:02,420 | WARNING | Bad timestamp at line 30: 11/01/2025 09:36:00 AM -EventID: 4625
2025-11-27 12:05:02,420 | WARNING | Bad timestamp at line 31: 11/01/2025 09:36:00 AM -EventID: 4625
2025-11-27 12:05:02,420 | WARNING | Bad timestamp at line 32: 11/01/2025 09:30:00 AM -EventID: 4625
2025-11-27 12:05:02,420 | WARNING | Bad timestamp at line 33: 11/01/2025 09:36:00 AM -EventID: 4625
2025-11-27 12:05:02,421 | WARNING | Bad timestamp at line 34: 11/01/2025 09:42:00 AM -EventID: 4625
2025-11-27 12:05:02,421 | WARNING | Bad timestamp at line 35: 11/01/2025 09:39:00 AM -EventID: 4625
2025-11-27 12:05:02,421 | WARNING | Bad timestamp at line 36: 11/01/2025 09:39:00 AM -EventID: 4625
2025-11-27 12:05:02,421 | WARNING | Bad timestamp at line 37: 11/01/2025 09:39:00 AM -EventID: 4625
2025-11-27 12:05:02,421 | WARNING | Bad timestamp at line 38: 11/01/2025 09:42:00 AM -EventID: 4625
2025-11-27 12:05:02,421 | WARNING | Bad timestamp at line 39: 11/01/2025 09:30:00 AM -EventID: 4625
2025-11-27 12:05:02,422 | WARNING | Bad timestamp at line 40: 11/01/2025 09:33:00 AM -EventID: 4625
2025-11-27 12:05:02,422 | WARNING | Bad timestamp at line 41: 11/01/2025 09:30:00 AM -EventID: 4625
2025-11-27 12:05:02,422 | WARNING | Bad timestamp at line 43: 11/01/2025 09:39:00 AM -EventID: 4625
2025-11-27 12:05:02,422 | WARNING | Bad timestamp at line 44: 11/01/2025 09:36:00 AM -EventID: 4625
2025-11-27 12:05:02,422 | WARNING | Bad timestamp at line 45: 11/01/2025 09:30:00 AM -EventID: 4625
2025-11-27 12:05:02,422 | WARNING | Bad timestamp at line 46: 11/01/2025 09:42:00 AM -EventID: 4625
2025-11-27 12:05:02,422 | WARNING | Bad timestamp at line 47: 11/01/2025 09:36:00 AM -EventID: 4625
2025-11-27 12:05:02,423 | WARNING | Bad timestamp at line 48: 11/01/2025 09:42:00 AM -EventID: 4625
2025-11-27 12:05:02,423 | WARNING | Bad timestamp at line 49: 11/01/2025 09:42:00 AM -EventID: 4625
2025-11-27 12:05:02,423 | WARNING | Bad timestamp at line 50: 11/01/2025 09:42:00 AM -EventID: 4625
2025-11-27 12:05:02,423 | WARNING | Bad timestamp at line 51: 11/01/2025 09:39:00 AM -EventID: 4625
2025-11-27 12:05:02,423 | WARNING | Bad timestamp at line 52: 11/01/2025 09:42:00 AM -EventID: 4625
2025-11-27 12:05:02,423 | WARNING | Bad timestamp at line 53: 11/01/2025 09:30:00 AM -EventID: 4625
2025-11-27 12:05:02,424 | WARNING | Bad timestamp at line 54: 11/01/2025 09:30:00 AM -EventID: 4625
2025-11-27 12:05:02,424 | WARNING | Bad timestamp at line 55: 11/01/2025 09:30:00 AM -EventID: 4625
2025-11-27 12:05:02,424 | WARNING | Bad timestamp at line 56: 11/01/2025 09:33:00 AM -EventID: 4625
2025-11-27 12:05:02,424 | WARNING | Bad timestamp at line 58: 11/01/2025 09:42:00 AM -EventID: 4625
2025-11-27 12:05:02,424 | WARNING | Bad timestamp at line 59: 11/01/2025 09:36:00 AM -EventID: 4625
2025-11-27 12:05:02,424 | WARNING | Bad timestamp at line 60: 11/01/2025 09:36:00 AM -EventID: 4625
2025-11-27 12:05:02,424 | WARNING | Bad timestamp at line 61: 11/01/2025 09:33:00 AM -EventID: 4625
2025-11-27 12:05:02,425 | WARNING | Bad timestamp at line 62: 11/01/2025 09:42:00 AM -EventID: 4625
2025-11-27 12:05:02,425 | WARNING | Bad timestamp at line 64: 11/01/2025 09:30:00 AM -EventID: 4625
2025-11-27 12:05:02,425 | WARNING | Bad timestamp at line 65: 11/01/2025 09:39:00 AM -EventID: 4625
2025-11-27 12:05:02,425 | WARNING | Bad timestamp at line 66: 11/01/2025 09:42:00 AM -EventID: 4625
2025-11-27 12:05:02,425 | WARNING | Bad timestamp at line 67: 11/01/2025 09:39:00 AM -EventID: 4625
2025-11-27 12:05:02,425 | WARNING | Bad timestamp at line 68: 11/01/2025 09:36:00 AM -EventID: 4625
2025-11-27 12:05:02,426 | WARNING | Bad timestamp at line 69: 11/01/2025 09:42:00 AM -EventID: 4625
2025-11-27 12:05:02,426 | WARNING | Bad timestamp at line 70: 11/01/2025 09:39:00 AM -EventID: 4625
2025-11-27 12:05:02,426 | WARNING | Bad timestamp at line 72: 11/01/2025 09:36:00 AM -EventID: 4625
2025-11-27 12:05:02,426 | WARNING | Bad timestamp at line 73: 11/01/2025 09:42:00 AM -EventID: 4625
2025-11-27 12:05:02,426 | WARNING | Bad timestamp at line 75: 11/01/2025 09:33:00 AM -EventID: 4625
2025-11-27 12:05:02,427 | WARNING | Bad timestamp at line 76: 11/01/2025 09:39:00 AM -EventID: 4625
2025-11-27 12:05:02,427 | WARNING | Bad timestamp at line 78: 11/01/2025 09:42:00 AM -EventID: 4625
2025-11-27 12:05:02,427 | WARNING | Bad timestamp at line 79: 11/01/2025 09:36:00 AM -EventID: 4625
2025-11-27 12:05:02,427 | WARNING | Bad timestamp at line 80: 11/01/2025 09:42:00 AM -EventID: 4625
2025-11-27 12:05:02,427 | WARNING | Bad timestamp at line 81: 11/01/2025 09:30:00 AM -EventID: 4625
2025-11-27 12:05:02,427 | WARNING | Bad timestamp at line 82: 11/01/2025 09:30:00 AM -EventID: 4625
2025-11-27 12:05:02,428 | WARNING | Bad timestamp at line 83: 11/01/2025 09:39:00 AM -EventID: 4625
2025-11-27 12:05:02,428 | WARNING | Bad timestamp at line 84: 11/01/2025 09:33:00 AM -EventID: 4625
2025-11-27 12:05:02,428 | WARNING | Bad timestamp at line 85: 11/01/2025 09:39:00 AM -EventID: 4625
2025-11-27 12:05:02,428 | WARNING | Bad timestamp at line 86: 11/01/2025 09:42:00 AM -EventID: 4625
2025-11-27 12:05:02,428 | WARNING | Bad timestamp at line 87: 11/01/2025 09:33:00 AM -EventID: 4625
2025-11-27 12:05:02,428 | WARNING | Bad timestamp at line 88: 11/01/2025 09:33:00 AM -EventID: 4625
2025-11-27 12:05:02,428 | WARNING | Bad timestamp at line 89: 11/01/2025 09:39:00 AM -EventID: 4625
2025-11-27 12:05:02,429 | WARNING | Bad timestamp at line 90: 11/01/2025 09:36:00 AM -EventID: 4625
2025-11-27 12:05:02,429 | WARNING | Bad timestamp at line 91: 11/01/2025 09:39:00 AM -EventID: 4625
2025-11-27 12:05:02,429 | WARNING | Bad timestamp at line 92: 11/01/2025 09:33:00 AM -EventID: 4625
2025-11-27 12:05:02,429 | WARNING | Bad timestamp at line 95: 11/01/2025 09:30:00 AM -EventID: 4625
2025-11-27 12:05:02,429 | WARNING | Bad timestamp at line 96: 11/01/2025 09:33:00 AM -EventID: 4625
2025-11-27 12:05:02,429 | WARNING | Bad timestamp at line 97: 11/01/2025 09:33:00 AM -EventID: 4625
2025-11-27 12:05:02,430 | WARNING | Bad timestamp at line 98: 11/01/2025 09:33:00 AM -EventID: 4625
2025-11-27 12:05:02,430 | WARNING | Bad timestamp at line 99: 11/01/2025 09:39:00 AM -EventID: 4625
2025-11-27 12:05:02,430 | WARNING | Bad timestamp at line 100: 11/01/2025 09:33:00 AM -EventID: 4625
2025-11-27 12:05:02,430 | WARNING | Bad timestamp at line 101: 11/01/2025 09:33:00 AM -EventID: 4625
2025-11-27 12:05:02,430 | WARNING | Bad timestamp at line 102: 11/01/2025 09:36:00 AM -EventID: 4625
2025-11-27 12:05:02,430 | WARNING | Bad timestamp at line 103: 11/01/2025 09:30:00 AM -EventID: 4625
2025-11-27 12:05:02,430 | WARNING | Bad timestamp at line 104: 11/01/2025 09:30:00 AM -EventID: 4625
2025-11-27 12:05:02,431 | WARNING | Bad timestamp at line 105: 11/01/2025 09:36:00 AM -EventID: 4625
2025-11-27 12:05:02,431 | WARNING | Bad timestamp at line 106: 11/01/2025 09:36:00 AM -EventID: 4625
2025-11-27 12:05:02,431 | WARNING | Bad timestamp at line 107: 11/01/2025 09:39:00 AM -EventID: 4625
2025-11-27 12:05:02,431 | WARNING | Bad timestamp at line 109: 11/01/2025 09:36:00 AM -EventID: 4625
2025-11-27 12:05:02,431 | WARNING | Bad timestamp at line 110: 11/01/2025 09:39:00 AM -EventID: 4625
2025-11-27 12:05:02,431 | WARNING | Bad timestamp at line 111: 11/01/2025 09:39:00 AM -EventID: 4625
2025-11-27 12:05:02,432 | WARNING | Bad timestamp at line 112: 11/01/2025 09:39:00 AM -EventID: 4625
2025-11-27 12:05:02,432 | WARNING | Bad timestamp at line 113: 11/01/2025 09:39:00 AM -EventID: 4625
2025-11-27 12:05:02,432 | WARNING | Bad timestamp at line 114: 11/01/2025 09:42:00 AM -EventID: 4625
2025-11-27 12:05:02,432 | WARNING | Bad timestamp at line 115: 11/01/2025 09:33:00 AM -EventID: 4625
2025-11-27 12:05:02,432 | WARNING | Bad timestamp at line 116: 11/01/2025 09:39:00 AM -EventID: 4625
2025-11-27 12:05:02,432 | WARNING | Bad timestamp at line 117: 11/01/2025 09:36:00 AM -EventID: 4625
2025-11-27 12:05:02,432 | WARNING | Bad timestamp at line 118: 11/01/2025 09:39:00 AM -EventID: 4625
2025-11-27 12:05:02,433 | WARNING | Bad timestamp at line 119: 11/01/2025 09:39:00 AM -EventID: 4625
2025-11-27 12:05:02,433 | WARNING | Bad timestamp at line 120: 11/01/2025 09:36:00 AM -EventID: 4625
2025-11-27 12:05:02,433 | WARNING | Bad timestamp at line 121: 11/01/2025 09:30:00 AM -EventID: 4625
2025-11-27 12:05:02,433 | WARNING | Bad timestamp at line 122: 11/01/2025 09:36:00 AM -EventID: 4625
2025-11-27 12:05:02,433 | WARNING | Bad timestamp at line 123: 11/01/2025 09:33:00 AM -EventID: 4625
2025-11-27 12:05:02,433 | WARNING | Bad timestamp at line 124: 11/01/2025 09:42:00 AM -EventID: 4625
2025-11-27 12:05:02,434 | WARNING | Bad timestamp at line 125: 11/01/2025 09:30:00 AM -EventID: 4625
2025-11-27 12:05:02,434 | WARNING | Bad timestamp at line 126: 11/01/2025 09:42:00 AM -EventID: 4625
2025-11-27 12:05:02,434 | WARNING | Bad timestamp at line 127: 11/01/2025 09:30:00 AM -EventID: 4625
2025-11-27 12:05:02,434 | WARNING | Bad timestamp at line 128: 11/01/2025 09:30:00 AM -EventID: 4625
2025-11-27 12:05:02,434 | WARNING | Bad timestamp at line 129: 11/01/2025 09:42:00 AM -EventID: 4625
2025-11-27 12:05:02,434 | WARNING | Bad timestamp at line 130: 11/01/2025 09:39:00 AM -EventID: 4625
2025-11-27 12:05:02,434 | WARNING | Bad timestamp at line 131: 11/01/2025 09:30:00 AM -EventID: 4625
2025-11-27 12:05:02,435 | WARNING | Bad timestamp at line 132: 11/01/2025 09:36:00 AM -EventID: 4625
2025-11-27 12:05:02,435 | WARNING | Bad timestamp at line 133: 11/01/2025 09:30:00 AM -EventID: 4625
2025-11-27 12:05:02,435 | WARNING | Bad timestamp at line 134: 11/01/2025 09:33:00 AM -EventID: 4625
2025-11-27 12:05:02,435 | WARNING | Bad timestamp at line 135: 11/01/2025 09:36:00 AM -EventID: 4625
2025-11-27 12:05:02,435 | WARNING | Bad timestamp at line 136: 11/01/2025 09:42:00 AM -EventID: 4625
2025-11-27 12:05:02,435 | WARNING | Bad timestamp at line 137: 11/01/2025 09:33:00 AM -EventID: 4625
2025-11-27 12:05:02,435 | WARNING | Bad timestamp at line 138: 11/01/2025 09:30:00 AM -EventID: 4625
2025-11-27 12:05:02,436 | WARNING | Bad timestamp at line 139: 11/01/2025 09:33:00 AM -EventID: 4625
2025-11-27 12:05:02,436 | WARNING | Bad timestamp at line 141: 11/01/2025 09:42:00 AM -EventID: 4625
2025-11-27 12:05:02,436 | WARNING | Bad timestamp at line 142: 11/01/2025 09:30:00 AM -EventID: 4625
2025-11-27 12:05:02,436 | WARNING | Bad timestamp at line 143: 11/01/2025 09:36:00 AM -EventID: 4625
2025-11-27 12:05:02,436 | WARNING | Bad timestamp at line 144: 11/01/2025 09:30:00 AM -EventID: 4625
2025-11-27 12:05:02,436 | INFO | Parsed 0 failed logins
2025-11-27 12:05:02,438 | INFO | Exported 0 alert(s) to month1/alerts.json
2025-11-27 12:05:02,438 | INFO | No alerts generated.
2025-11-27 12:10:01,549 | INFO | === BRUTE-FORCE DETECTOR STARTED ===
2025-11-27 12:10:01,549 | INFO | Config: {'log_file': 'month1/fake_auth.log', 'output_file': 'month1/alerts.json', 'threshold_count': 3, 'time_window_minutes': 15, 'log_level': 'INFO', 'alert_title': 'BRUTE_FORCE_15MIN', 'smtp_server': 'smtp.gmail.com', 'smtp_port': 587, 'email_from': 'suleephraim1@gmail.com', 'email_to': 'cyberlootkeeper@gmail.com', 'email_password': 'uwijddtfwdtmmony'}
2025-11-27 12:10:01,553 | WARNING | Bad timestamp at line 5: 11/01/2025 09:42:00 AM -EventID: 4625
2025-11-27 12:10:01,553 | WARNING | Bad timestamp at line 6: 11/01/2025 09:30:00 AM -EventID: 4625
2025-11-27 12:10:01,554 | WARNING | Bad timestamp at line 7: 11/01/2025 09:36:00 AM -EventID: 4625
2025-11-27 12:10:01,554 | WARNING | Bad timestamp at line 8: 11/01/2025 09:33:00 AM -EventID: 4625
2025-11-27 12:10:01,554 | WARNING | Bad timestamp at line 10: 11/01/2025 09:36:00 AM -EventID: 4625
2025-11-27 12:10:01,554 | WARNING | Bad timestamp at line 12: 11/01/2025 09:33:00 AM -EventID: 4625
2025-11-27 12:10:01,554 | WARNING | Bad timestamp at line 13: 11/01/2025 09:33:00 AM -EventID: 4625
2025-11-27 12:10:01,554 | WARNING | Bad timestamp at line 14: 11/01/2025 09:30:00 AM -EventID: 4625
2025-11-27 12:10:01,554 | WARNING | Bad timestamp at line 15: 11/01/2025 09:36:00 AM -EventID: 4625
2025-11-27 12:10:01,554 | WARNING | Bad timestamp at line 17: 11/01/2025 09:33:00 AM -EventID: 4625
2025-11-27 12:10:01,554 | WARNING | Bad timestamp at line 18: 11/01/2025 09:30:00 AM -EventID: 4625
2025-11-27 12:10:01,554 | WARNING | Bad timestamp at line 19: 11/01/2025 09:33:00 AM -EventID: 4625
2025-11-27 12:10:01,554 | WARNING | Bad timestamp at line 21: 11/01/2025 09:42:00 AM -EventID: 4625
2025-11-27 12:10:01,554 | WARNING | Bad timestamp at line 22: 11/01/2025 09:39:00 AM -EventID: 4625
2025-11-27 12:10:01,554 | WARNING | Bad timestamp at line 23: 11/01/2025 09:36:00 AM -EventID: 4625
2025-11-27 12:10:01,554 | WARNING | Bad timestamp at line 25: 11/01/2025 09:33:00 AM -EventID: 4625
2025-11-27 12:10:01,555 | WARNING | Bad timestamp at line 26: 11/01/2025 09:33:00 AM -EventID: 4625
2025-11-27 12:10:01,555 | WARNING | Bad timestamp at line 27: 11/01/2025 09:39:00 AM -EventID: 4625
2025-11-27 12:10:01,555 | WARNING | Bad timestamp at line 28: 11/01/2025 09:42:00 AM -EventID: 4625
2025-11-27 12:10:01,555 | WARNING | Bad timestamp at line 29: 11/01/2025 09:42:00 AM -EventID: 4625
2025-11-27 12:10:01,555 | WARNING | Bad timestamp at line 30: 11/01/2025 09:36:00 AM -EventID: 4625
2025-11-27 12:10:01,555 | WARNING | Bad timestamp at line 31: 11/01/2025 09:36:00 AM -EventID: 4625
2025-11-27 12:10:01,555 | WARNING | Bad timestamp at line 32: 11/01/2025 09:30:00 AM -EventID: 4625
2025-11-27 12:10:01,555 | WARNING | Bad timestamp at line 33: 11/01/2025 09:36:00 AM -EventID: 4625
2025-11-27 12:10:01,555 | WARNING | Bad timestamp at line 34: 11/01/2025 09:42:00 AM -EventID: 4625
2025-11-27 12:10:01,555 | WARNING | Bad timestamp at line 35: 11/01/2025 09:39:00 AM -EventID: 4625
2025-11-27 12:10:01,555 | WARNING | Bad timestamp at line 36: 11/01/2025 09:39:00 AM -EventID: 4625
2025-11-27 12:10:01,555 | WARNING | Bad timestamp at line 37: 11/01/2025 09:39:00 AM -EventID: 4625
2025-11-27 12:10:01,555 | WARNING | Bad timestamp at line 38: 11/01/2025 09:42:00 AM -EventID: 4625
2025-11-27 12:10:01,555 | WARNING | Bad timestamp at line 39: 11/01/2025 09:30:00 AM -EventID: 4625
2025-11-27 12:10:01,555 | WARNING | Bad timestamp at line 40: 11/01/2025 09:33:00 AM -EventID: 4625
2025-11-27 12:10:01,555 | WARNING | Bad timestamp at line 41: 11/01/2025 09:30:00 AM -EventID: 4625
2025-11-27 12:10:01,556 | WARNING | Bad timestamp at line 43: 11/01/2025 09:39:00 AM -EventID: 4625
2025-11-27 12:10:01,556 | WARNING | Bad timestamp at line 44: 11/01/2025 09:36:00 AM -EventID: 4625
2025-11-27 12:10:01,556 | WARNING | Bad timestamp at line 45: 11/01/2025 09:30:00 AM -EventID: 4625
2025-11-27 12:10:01,556 | WARNING | Bad timestamp at line 46: 11/01/2025 09:42:00 AM -EventID: 4625
2025-11-27 12:10:01,556 | WARNING | Bad timestamp at line 47: 11/01/2025 09:36:00 AM -EventID: 4625
2025-11-27 12:10:01,556 | WARNING | Bad timestamp at line 48: 11/01/2025 09:42:00 AM -EventID: 4625
2025-11-27 12:10:01,556 | WARNING | Bad timestamp at line 49: 11/01/2025 09:42:00 AM -EventID: 4625
2025-11-27 12:10:01,556 | WARNING | Bad timestamp at line 50: 11/01/2025 09:42:00 AM -EventID: 4625
2025-11-27 12:10:01,556 | WARNING | Bad timestamp at line 51: 11/01/2025 09:39:00 AM -EventID: 4625
2025-11-27 12:10:01,556 | WARNING | Bad timestamp at line 52: 11/01/2025 09:42:00 AM -EventID: 4625
2025-11-27 12:10:01,556 | WARNING | Bad timestamp at line 53: 11/01/2025 09:30:00 AM -EventID: 4625
2025-11-27 12:10:01,556 | WARNING | Bad timestamp at line 54: 11/01/2025 09:30:00 AM -EventID: 4625
2025-11-27 12:10:01,556 | WARNING | Bad timestamp at line 55: 11/01/2025 09:30:00 AM -EventID: 4625
2025-11-27 12:10:01,556 | WARNING | Bad timestamp at line 56: 11/01/2025 09:33:00 AM -EventID: 4625
2025-11-27 12:10:01,556 | WARNING | Bad timestamp at line 58: 11/01/2025 09:42:00 AM -EventID: 4625
2025-11-27 12:10:01,556 | WARNING | Bad timestamp at line 59: 11/01/2025 09:36:00 AM -EventID: 4625
2025-11-27 12:10:01,556 | WARNING | Bad timestamp at line 60: 11/01/2025 09:36:00 AM -EventID: 4625
2025-11-27 12:10:01,557 | WARNING | Bad timestamp at line 61: 11/01/2025 09:33:00 AM -EventID: 4625
2025-11-27 12:10:01,557 | WARNING | Bad timestamp at line 62: 11/01/2025 09:42:00 AM -EventID: 4625
2025-11-27 12:10:01,557 | WARNING | Bad timestamp at line 64: 11/01/2025 09:30:00 AM -EventID: 4625
2025-11-27 12:10:01,557 | WARNING | Bad timestamp at line 65: 11/01/2025 09:39:00 AM -EventID: 4625
2025-11-27 12:10:01,557 | WARNING | Bad timestamp at line 66: 11/01/2025 09:42:00 AM -EventID: 4625
2025-11-27 12:10:01,557 | WARNING | Bad timestamp at line 67: 11/01/2025 09:39:00 AM -EventID: 4625
2025-11-27 12:10:01,557 | WARNING | Bad timestamp at line 68: 11/01/2025 09:36:00 AM -EventID: 4625
2025-11-27 12:10:01,557 | WARNING | Bad timestamp at line 69: 11/01/2025 09:42:00 AM -EventID: 4625
2025-11-27 12:10:01,557 | WARNING | Bad timestamp at line 70: 11/01/2025 09:39:00 AM -EventID: 4625
2025-11-27 12:10:01,557 | WARNING | Bad timestamp at line 72: 11/01/2025 09:36:00 AM -EventID: 4625
2025-11-27 12:10:01,557 | WARNING | Bad timestamp at line 73: 11/01/2025 09:42:00 AM -EventID: 4625
2025-11-27 12:10:01,557 | WARNING | Bad timestamp at line 75: 11/01/2025 09:33:00 AM -EventID: 4625
2025-11-27 12:10:01,557 | WARNING | Bad timestamp at line 76: 11/01/2025 09:39:00 AM -EventID: 4625
2025-11-27 12:10:01,557 | WARNING | Bad timestamp at line 78: 11/01/2025 09:42:00 AM -EventID: 4625
2025-11-27 12:10:01,557 | WARNING | Bad timestamp at line 79: 11/01/2025 09:36:00 AM -EventID: 4625
2025-11-27 12:10:01,557 | WARNING | Bad timestamp at line 80: 11/01/2025 09:42:00 AM -EventID: 4625
2025-11-27 12:10:01,558 | WARNING | Bad timestamp at line 81: 11/01/2025 09:30:00 AM -EventID: 4625
2025-11-27 12:10:01,558 | WARNING | Bad timestamp at line 82: 11/01/2025 09:30:00 AM -EventID: 4625
2025-11-27 12:10:01,558 | WARNING | Bad timestamp at line 83: 11/01/2025 09:39:00 AM -EventID: 4625
2025-11-27 12:10:01,558 | WARNING | Bad timestamp at line 84: 11/01/2025 09:33:00 AM -EventID: 4625
2025-11-27 12:10:01,558 | WARNING | Bad timestamp at line 85: 11/01/2025 09:39:00 AM -EventID: 4625
2025-11-27 12:10:01,558 | WARNING | Bad timestamp at line 86: 11/01/2025 09:42:00 AM -EventID: 4625
2025-11-27 12:10:01,558 | WARNING | Bad timestamp at line 87: 11/01/2025 09:33:00 AM -EventID: 4625
2025-11-27 12:10:01,558 | WARNING | Bad timestamp at line 88: 11/01/2025 09:33:00 AM -EventID: 4625
2025-11-27 12:10:01,558 | WARNING | Bad timestamp at line 89: 11/01/2025 09:39:00 AM -EventID: 4625
2025-11-27 12:10:01,558 | WARNING | Bad timestamp at line 90: 11/01/2025 09:36:00 AM -EventID: 4625
2025-11-27 12:10:01,558 | WARNING | Bad timestamp at line 91: 11/01/2025 09:39:00 AM -EventID: 4625
2025-11-27 12:10:01,558 | WARNING | Bad timestamp at line 92: 11/01/2025 09:33:00 AM -EventID: 4625
2025-11-27 12:10:01,558 | WARNING | Bad timestamp at line 95: 11/01/2025 09:30:00 AM -EventID: 4625
2025-11-27 12:10:01,558 | WARNING | Bad timestamp at line 96: 11/01/2025 09:33:00 AM -EventID: 4625
2025-11-27 12:10:01,558 | WARNING | Bad timestamp at line 97: 11/01/2025 09:33:00 AM -EventID: 4625
2025-11-27 12:10:01,558 | WARNING | Bad timestamp at line 98: 11/01/2025 09:33:00 AM -EventID: 4625
2025-11-27 12:10:01,558 | WARNING | Bad timestamp at line 99: 11/01/2025 09:39:00 AM -EventID: 4625
2025-11-27 12:10:01,559 | WARNING | Bad timestamp at line 100: 11/01/2025 09:33:00 AM -EventID: 4625
2025-11-27 12:10:01,559 | WARNING | Bad timestamp at line 101: 11/01/2025 09:33:00 AM -EventID: 4625
2025-11-27 12:10:01,559 | WARNING | Bad timestamp at line 102: 11/01/2025 09:36:00 AM -EventID: 4625
2025-11-27 12:10:01,559 | WARNING | Bad timestamp at line 103: 11/01/2025 09:30:00 AM -EventID: 4625
2025-11-27 12:10:01,559 | WARNING | Bad timestamp at line 104: 11/01/2025 09:30:00 AM -EventID: 4625
2025-11-27 12:10:01,559 | WARNING | Bad timestamp at line 105: 11/01/2025 09:36:00 AM -EventID: 4625
2025-11-27 12:10:01,559 | WARNING | Bad timestamp at line 106: 11/01/2025 09:36:00 AM -EventID: 4625
2025-11-27 12:10:01,559 | WARNING | Bad timestamp at line 107: 11/01/2025 09:39:00 AM -EventID: 4625
2025-11-27 12:10:01,559 | WARNING | Bad timestamp at line 109: 11/01/2025 09:36:00 AM -EventID: 4625
2025-11-27 12:10:01,559 | WARNING | Bad timestamp at line 110: 11/01/2025 09:39:00 AM -EventID: 4625
2025-11-27 12:10:01,559 | WARNING | Bad timestamp at line 111: 11/01/2025 09:39:00 AM -EventID: 4625
2025-11-27 12:10:01,559 | WARNING | Bad timestamp at line 112: 11/01/2025 09:39:00 AM -EventID: 4625
2025-11-27 12:10:01,559 | WARNING | Bad timestamp at line 113: 11/01/2025 09:39:00 AM -EventID: 4625
2025-11-27 12:10:01,559 | WARNING | Bad timestamp at line 114: 11/01/2025 09:42:00 AM -EventID: 4625
2025-11-27 12:10:01,559 | WARNING | Bad timestamp at line 115: 11/01/2025 09:33:00 AM -EventID: 4625
2025-11-27 12:10:01,559 | WARNING | Bad timestamp at line 116: 11/01/2025 09:39:00 AM -EventID: 4625
2025-11-27 12:10:01,559 | WARNING | Bad timestamp at line 117: 11/01/2025 09:36:00 AM -EventID: 4625
2025-11-27 12:10:01,560 | WARNING | Bad timestamp at line 118: 11/01/2025 09:39:00 AM -EventID: 4625
2025-11-27 12:10:01,560 | WARNING | Bad timestamp at line 119: 11/01/2025 09:39:00 AM -EventID: 4625
2025-11-27 12:10:01,560 | WARNING | Bad timestamp at line 120: 11/01/2025 09:36:00 AM -EventID: 4625
2025-11-27 12:10:01,560 | WARNING | Bad timestamp at line 121: 11/01/2025 09:30:00 AM -EventID: 4625
2025-11-27 12:10:01,560 | WARNING | Bad timestamp at line 122: 11/01/2025 09:36:00 AM -EventID: 4625
2025-11-27 12:10:01,560 | WARNING | Bad timestamp at line 123: 11/01/2025 09:33:00 AM -EventID: 4625
2025-11-27 12:10:01,560 | WARNING | Bad timestamp at line 124: 11/01/2025 09:42:00 AM -EventID: 4625
2025-11-27 12:10:01,560 | WARNING | Bad timestamp at line 125: 11/01/2025 09:30:00 AM -EventID: 4625
2025-11-27 12:10:01,560 | WARNING | Bad timestamp at line 126: 11/01/2025 09:42:00 AM -EventID: 4625
2025-11-27 12:10:01,560 | WARNING | Bad timestamp at line 127: 11/01/2025 09:30:00 AM -EventID: 4625
2025-11-27 12:10:01,560 | WARNING | Bad timestamp at line 128: 11/01/2025 09:30:00 AM -EventID: 4625
2025-11-27 12:10:01,560 | WARNING | Bad timestamp at line 129: 11/01/2025 09:42:00 AM -EventID: 4625
2025-11-27 12:10:01,560 | WARNING | Bad timestamp at line 130: 11/01/2025 09:39:00 AM -EventID: 4625
2025-11-27 12:10:01,560 | WARNING | Bad timestamp at line 131: 11/01/2025 09:30:00 AM -EventID: 4625
2025-11-27 12:10:01,560 | WARNING | Bad timestamp at line 132: 11/01/2025 09:36:00 AM -EventID: 4625
2025-11-27 12:10:01,560 | WARNING | Bad timestamp at line 133: 11/01/2025 09:30:00 AM -EventID: 4625
2025-11-27 12:10:01,560 | WARNING | Bad timestamp at line 134: 11/01/2025 09:33:00 AM -EventID: 4625
2025-11-27 12:10:01,561 | WARNING | Bad timestamp at line 135: 11/01/2025 09:36:00 AM -EventID: 4625
2025-11-27 12:10:01,561 | WARNING | Bad timestamp at line 136: 11/01/2025 09:42:00 AM -EventID: 4625
2025-11-27 12:10:01,561 | WARNING | Bad timestamp at line 137: 11/01/2025 09:33:00 AM -EventID: 4625
2025-11-27 12:10:01,561 | WARNING | Bad timestamp at line 138: 11/01/2025 09:30:00 AM -EventID: 4625
2025-11-27 12:10:01,561 | WARNING | Bad timestamp at line 139: 11/01/2025 09:33:00 AM -EventID: 4625
2025-11-27 12:10:01,561 | WARNING | Bad timestamp at line 141: 11/01/2025 09:42:00 AM -EventID: 4625
2025-11-27 12:10:01,561 | WARNING | Bad timestamp at line 142: 11/01/2025 09:30:00 AM -EventID: 4625
2025-11-27 12:10:01,561 | WARNING | Bad timestamp at line 143: 11/01/2025 09:36:00 AM -EventID: 4625
2025-11-27 12:10:01,561 | WARNING | Bad timestamp at line 144: 11/01/2025 09:30:00 AM -EventID: 4625
2025-11-27 12:10:01,561 | INFO | Parsed 0 failed logins
2025-11-27 12:10:01,561 | INFO | Exported 0 alert(s) to month1/alerts.json
2025-11-27 12:10:01,561 | INFO | No alerts generated.
2025-11-27 12:15:01,665 | INFO | === BRUTE-FORCE DETECTOR STARTED ===
2025-11-27 12:15:01,665 | INFO | Config: {'log_file': 'month1/fake_auth.log', 'output_file': 'month1/alerts.json', 'threshold_count': 3, 'time_window_minutes': 15, 'log_level': 'INFO', 'alert_title': 'BRUTE_FORCE_15MIN', 'smtp_server': 'smtp.gmail.com', 'smtp_port': 587, 'email_from': 'suleephraim1@gmail.com', 'email_to': 'cyberlootkeeper@gmail.com', 'email_password': 'uwijddtfwdtmmony'}
2025-11-27 12:15:01,669 | WARNING | Bad timestamp at line 5: 11/01/2025 09:42:00 AM -EventID: 4625
2025-11-27 12:15:01,669 | WARNING | Bad timestamp at line 6: 11/01/2025 09:30:00 AM -EventID: 4625
2025-11-27 12:15:01,669 | WARNING | Bad timestamp at line 7: 11/01/2025 09:36:00 AM -EventID: 4625
2025-11-27 12:15:01,670 | WARNING | Bad timestamp at line 8: 11/01/2025 09:33:00 AM -EventID: 4625
2025-11-27 12:15:01,670 | WARNING | Bad timestamp at line 10: 11/01/2025 09:36:00 AM -EventID: 4625
2025-11-27 12:15:01,670 | WARNING | Bad timestamp at line 12: 11/01/2025 09:33:00 AM -EventID: 4625
2025-11-27 12:15:01,670 | WARNING | Bad timestamp at line 13: 11/01/2025 09:33:00 AM -EventID: 4625
2025-11-27 12:15:01,670 | WARNING | Bad timestamp at line 14: 11/01/2025 09:30:00 AM -EventID: 4625
2025-11-27 12:15:01,670 | WARNING | Bad timestamp at line 15: 11/01/2025 09:36:00 AM -EventID: 4625
2025-11-27 12:15:01,670 | WARNING | Bad timestamp at line 17: 11/01/2025 09:33:00 AM -EventID: 4625
2025-11-27 12:15:01,670 | WARNING | Bad timestamp at line 18: 11/01/2025 09:30:00 AM -EventID: 4625
2025-11-27 12:15:01,670 | WARNING | Bad timestamp at line 19: 11/01/2025 09:33:00 AM -EventID: 4625
2025-11-27 12:15:01,670 | WARNING | Bad timestamp at line 21: 11/01/2025 09:42:00 AM -EventID: 4625
2025-11-27 12:15:01,670 | WARNING | Bad timestamp at line 22: 11/01/2025 09:39:00 AM -EventID: 4625
2025-11-27 12:15:01,670 | WARNING | Bad timestamp at line 23: 11/01/2025 09:36:00 AM -EventID: 4625
2025-11-27 12:15:01,670 | WARNING | Bad timestamp at line 25: 11/01/2025 09:33:00 AM -EventID: 4625
2025-11-27 12:15:01,670 | WARNING | Bad timestamp at line 26: 11/01/2025 09:33:00 AM -EventID: 4625
2025-11-27 12:15:01,671 | WARNING | Bad timestamp at line 27: 11/01/2025 09:39:00 AM -EventID: 4625
2025-11-27 12:15:01,671 | WARNING | Bad timestamp at line 28: 11/01/2025 09:42:00 AM -EventID: 4625
2025-11-27 12:15:01,671 | WARNING | Bad timestamp at line 29: 11/01/2025 09:42:00 AM -EventID: 4625
2025-11-27 12:15:01,671 | WARNING | Bad timestamp at line 30: 11/01/2025 09:36:00 AM -EventID: 4625
2025-11-27 12:15:01,671 | WARNING | Bad timestamp at line 31: 11/01/2025 09:36:00 AM -EventID: 4625
2025-11-27 12:15:01,671 | WARNING | Bad timestamp at line 32: 11/01/2025 09:30:00 AM -EventID: 4625
2025-11-27 12:15:01,671 | WARNING | Bad timestamp at line 33: 11/01/2025 09:36:00 AM -EventID: 4625
2025-11-27 12:15:01,671 | WARNING | Bad timestamp at line 34: 11/01/2025 09:42:00 AM -EventID: 4625
2025-11-27 12:15:01,671 | WARNING | Bad timestamp at line 35: 11/01/2025 09:39:00 AM -EventID: 4625
2025-11-27 12:15:01,671 | WARNING | Bad timestamp at line 36: 11/01/2025 09:39:00 AM -EventID: 4625
2025-11-27 12:15:01,671 | WARNING | Bad timestamp at line 37: 11/01/2025 09:39:00 AM -EventID: 4625
2025-11-27 12:15:01,671 | WARNING | Bad timestamp at line 38: 11/01/2025 09:42:00 AM -EventID: 4625
2025-11-27 12:15:01,671 | WARNING | Bad timestamp at line 39: 11/01/2025 09:30:00 AM -EventID: 4625
2025-11-27 12:15:01,671 | WARNING | Bad timestamp at line 40: 11/01/2025 09:33:00 AM -EventID: 4625
2025-11-27 12:15:01,671 | WARNING | Bad timestamp at line 41: 11/01/2025 09:30:00 AM -EventID: 4625
2025-11-27 12:15:01,672 | WARNING | Bad timestamp at line 43: 11/01/2025 09:39:00 AM -EventID: 4625
2025-11-27 12:15:01,672 | WARNING | Bad timestamp at line 44: 11/01/2025 09:36:00 AM -EventID: 4625
2025-11-27 12:15:01,672 | WARNING | Bad timestamp at line 45: 11/01/2025 09:30:00 AM -EventID: 4625
2025-11-27 12:15:01,672 | WARNING | Bad timestamp at line 46: 11/01/2025 09:42:00 AM -EventID: 4625
2025-11-27 12:15:01,672 | WARNING | Bad timestamp at line 47: 11/01/2025 09:36:00 AM -EventID: 4625
2025-11-27 12:15:01,672 | WARNING | Bad timestamp at line 48: 11/01/2025 09:42:00 AM -EventID: 4625
2025-11-27 12:15:01,672 | WARNING | Bad timestamp at line 49: 11/01/2025 09:42:00 AM -EventID: 4625
2025-11-27 12:15:01,672 | WARNING | Bad timestamp at line 50: 11/01/2025 09:42:00 AM -EventID: 4625
2025-11-27 12:15:01,672 | WARNING | Bad timestamp at line 51: 11/01/2025 09:39:00 AM -EventID: 4625
2025-11-27 12:15:01,672 | WARNING | Bad timestamp at line 52: 11/01/2025 09:42:00 AM -EventID: 4625
2025-11-27 12:15:01,672 | WARNING | Bad timestamp at line 53: 11/01/2025 09:30:00 AM -EventID: 4625
2025-11-27 12:15:01,672 | WARNING | Bad timestamp at line 54: 11/01/2025 09:30:00 AM -EventID: 4625
2025-11-27 12:15:01,672 | WARNING | Bad timestamp at line 55: 11/01/2025 09:30:00 AM -EventID: 4625
2025-11-27 12:15:01,672 | WARNING | Bad timestamp at line 56: 11/01/2025 09:33:00 AM -EventID: 4625
2025-11-27 12:15:01,672 | WARNING | Bad timestamp at line 58: 11/01/2025 09:42:00 AM -EventID: 4625
2025-11-27 12:15:01,673 | WARNING | Bad timestamp at line 59: 11/01/2025 09:36:00 AM -EventID: 4625
2025-11-27 12:15:01,673 | WARNING | Bad timestamp at line 60: 11/01/2025 09:36:00 AM -EventID: 4625
2025-11-27 12:15:01,673 | WARNING | Bad timestamp at line 61: 11/01/2025 09:33:00 AM -EventID: 4625
2025-11-27 12:15:01,673 | WARNING | Bad timestamp at line 62: 11/01/2025 09:42:00 AM -EventID: 4625
2025-11-27 12:15:01,673 | WARNING | Bad timestamp at line 64: 11/01/2025 09:30:00 AM -EventID: 4625
2025-11-27 12:15:01,673 | WARNING | Bad timestamp at line 65: 11/01/2025 09:39:00 AM -EventID: 4625
2025-11-27 12:15:01,673 | WARNING | Bad timestamp at line 66: 11/01/2025 09:42:00 AM -EventID: 4625
2025-11-27 12:15:01,673 | WARNING | Bad timestamp at line 67: 11/01/2025 09:39:00 AM -EventID: 4625
2025-11-27 12:15:01,673 | WARNING | Bad timestamp at line 68: 11/01/2025 09:36:00 AM -EventID: 4625
2025-11-27 12:15:01,673 | WARNING | Bad timestamp at line 69: 11/01/2025 09:42:00 AM -EventID: 4625
2025-11-27 12:15:01,673 | WARNING | Bad timestamp at line 70: 11/01/2025 09:39:00 AM -EventID: 4625
2025-11-27 12:15:01,673 | WARNING | Bad timestamp at line 72: 11/01/2025 09:36:00 AM -EventID: 4625
2025-11-27 12:15:01,673 | WARNING | Bad timestamp at line 73: 11/01/2025 09:42:00 AM -EventID: 4625
2025-11-27 12:15:01,673 | WARNING | Bad timestamp at line 75: 11/01/2025 09:33:00 AM -EventID: 4625
2025-11-27 12:15:01,673 | WARNING | Bad timestamp at line 76: 11/01/2025 09:39:00 AM -EventID: 4625
2025-11-27 12:15:01,674 | WARNING | Bad timestamp at line 78: 11/01/2025 09:42:00 AM -EventID: 4625
2025-11-27 12:15:01,674 | WARNING | Bad timestamp at line 79: 11/01/2025 09:36:00 AM -EventID: 4625
2025-11-27 12:15:01,674 | WARNING | Bad timestamp at line 80: 11/01/2025 09:42:00 AM -EventID: 4625
2025-11-27 12:15:01,674 | WARNING | Bad timestamp at line 81: 11/01/2025 09:30:00 AM -EventID: 4625
2025-11-27 12:15:01,674 | WARNING | Bad timestamp at line 82: 11/01/2025 09:30:00 AM -EventID: 4625
2025-11-27 12:15:01,674 | WARNING | Bad timestamp at line 83: 11/01/2025 09:39:00 AM -EventID: 4625
2025-11-27 12:15:01,674 | WARNING | Bad timestamp at line 84: 11/01/2025 09:33:00 AM -EventID: 4625
2025-11-27 12:15:01,674 | WARNING | Bad timestamp at line 85: 11/01/2025 09:39:00 AM -EventID: 4625
2025-11-27 12:15:01,674 | WARNING | Bad timestamp at line 86: 11/01/2025 09:42:00 AM -EventID: 4625
2025-11-27 12:15:01,674 | WARNING | Bad timestamp at line 87: 11/01/2025 09:33:00 AM -EventID: 4625
2025-11-27 12:15:01,674 | WARNING | Bad timestamp at line 88: 11/01/2025 09:33:00 AM -EventID: 4625
2025-11-27 12:15:01,674 | WARNING | Bad timestamp at line 89: 11/01/2025 09:39:00 AM -EventID: 4625
2025-11-27 12:15:01,674 | WARNING | Bad timestamp at line 90: 11/01/2025 09:36:00 AM -EventID: 4625
2025-11-27 12:15:01,674 | WARNING | Bad timestamp at line 91: 11/01/2025 09:39:00 AM -EventID: 4625
2025-11-27 12:15:01,674 | WARNING | Bad timestamp at line 92: 11/01/2025 09:33:00 AM -EventID: 4625
2025-11-27 12:15:01,674 | WARNING | Bad timestamp at line 95: 11/01/2025 09:30:00 AM -EventID: 4625
2025-11-27 12:15:01,675 | WARNING | Bad timestamp at line 96: 11/01/2025 09:33:00 AM -EventID: 4625
2025-11-27 12:15:01,675 | WARNING | Bad timestamp at line 97: 11/01/2025 09:33:00 AM -EventID: 4625
2025-11-27 12:15:01,675 | WARNING | Bad timestamp at line 98: 11/01/2025 09:33:00 AM -EventID: 4625
2025-11-27 12:15:01,675 | WARNING | Bad timestamp at line 99: 11/01/2025 09:39:00 AM -EventID: 4625
2025-11-27 12:15:01,675 | WARNING | Bad timestamp at line 100: 11/01/2025 09:33:00 AM -EventID: 4625
2025-11-27 12:15:01,675 | WARNING | Bad timestamp at line 101: 11/01/2025 09:33:00 AM -EventID: 4625
2025-11-27 12:15:01,675 | WARNING | Bad timestamp at line 102: 11/01/2025 09:36:00 AM -EventID: 4625
2025-11-27 12:15:01,675 | WARNING | Bad timestamp at line 103: 11/01/2025 09:30:00 AM -EventID: 4625
2025-11-27 12:15:01,675 | WARNING | Bad timestamp at line 104: 11/01/2025 09:30:00 AM -EventID: 4625
2025-11-27 12:15:01,675 | WARNING | Bad timestamp at line 105: 11/01/2025 09:36:00 AM -EventID: 4625
2025-11-27 12:15:01,675 | WARNING | Bad timestamp at line 106: 11/01/2025 09:36:00 AM -EventID: 4625
2025-11-27 12:15:01,675 | WARNING | Bad timestamp at line 107: 11/01/2025 09:39:00 AM -EventID: 4625
2025-11-27 12:15:01,675 | WARNING | Bad timestamp at line 109: 11/01/2025 09:36:00 AM -EventID: 4625
2025-11-27 12:15:01,675 | WARNING | Bad timestamp at line 110: 11/01/2025 09:39:00 AM -EventID: 4625
2025-11-27 12:15:01,675 | WARNING | Bad timestamp at line 111: 11/01/2025 09:39:00 AM -EventID: 4625
2025-11-27 12:15:01,675 | WARNING | Bad timestamp at line 112: 11/01/2025 09:39:00 AM -EventID: 4625
2025-11-27 12:15:01,676 | WARNING | Bad timestamp at line 113: 11/01/2025 09:39:00 AM -EventID: 4625
2025-11-27 12:15:01,676 | WARNING | Bad timestamp at line 114: 11/01/2025 09:42:00 AM -EventID: 4625
2025-11-27 12:15:01,676 | WARNING | Bad timestamp at line 115: 11/01/2025 09:33:00 AM -EventID: 4625
2025-11-27 12:15:01,676 | WARNING | Bad timestamp at line 116: 11/01/2025 09:39:00 AM -EventID: 4625
2025-11-27 12:15:01,676 | WARNING | Bad timestamp at line 117: 11/01/2025 09:36:00 AM -EventID: 4625
2025-11-27 12:15:01,676 | WARNING | Bad timestamp at line 118: 11/01/2025 09:39:00 AM -EventID: 4625
2025-11-27 12:15:01,676 | WARNING | Bad timestamp at line 119: 11/01/2025 09:39:00 AM -EventID: 4625
2025-11-27 12:15:01,676 | WARNING | Bad timestamp at line 120: 11/01/2025 09:36:00 AM -EventID: 4625
2025-11-27 12:15:01,676 | WARNING | Bad timestamp at line 121: 11/01/2025 09:30:00 AM -EventID: 4625
2025-11-27 12:15:01,676 | WARNING | Bad timestamp at line 122: 11/01/2025 09:36:00 AM -EventID: 4625
2025-11-27 12:15:01,676 | WARNING | Bad timestamp at line 123: 11/01/2025 09:33:00 AM -EventID: 4625
2025-11-27 12:15:01,676 | WARNING | Bad timestamp at line 124: 11/01/2025 09:42:00 AM -EventID: 4625
2025-11-27 12:15:01,676 | WARNING | Bad timestamp at line 125: 11/01/2025 09:30:00 AM -EventID: 4625
2025-11-27 12:15:01,676 | WARNING | Bad timestamp at line 126: 11/01/2025 09:42:00 AM -EventID: 4625
2025-11-27 12:15:01,676 | WARNING | Bad timestamp at line 127: 11/01/2025 09:30:00 AM -EventID: 4625
2025-11-27 12:15:01,676 | WARNING | Bad timestamp at line 128: 11/01/2025 09:30:00 AM -EventID: 4625
2025-11-27 12:15:01,677 | WARNING | Bad timestamp at line 129: 11/01/2025 09:42:00 AM -EventID: 4625
2025-11-27 12:15:01,677 | WARNING | Bad timestamp at line 130: 11/01/2025 09:39:00 AM -EventID: 4625
2025-11-27 12:15:01,677 | WARNING | Bad timestamp at line 131: 11/01/2025 09:30:00 AM -EventID: 4625
2025-11-27 12:15:01,677 | WARNING | Bad timestamp at line 132: 11/01/2025 09:36:00 AM -EventID: 4625
2025-11-27 12:15:01,677 | WARNING | Bad timestamp at line 133: 11/01/2025 09:30:00 AM -EventID: 4625
2025-11-27 12:15:01,677 | WARNING | Bad timestamp at line 134: 11/01/2025 09:33:00 AM -EventID: 4625
2025-11-27 12:15:01,677 | WARNING | Bad timestamp at line 135: 11/01/2025 09:36:00 AM -EventID: 4625
2025-11-27 12:15:01,677 | WARNING | Bad timestamp at line 136: 11/01/2025 09:42:00 AM -EventID: 4625
2025-11-27 12:15:01,677 | WARNING | Bad timestamp at line 137: 11/01/2025 09:33:00 AM -EventID: 4625
2025-11-27 12:15:01,677 | WARNING | Bad timestamp at line 138: 11/01/2025 09:30:00 AM -EventID: 4625
2025-11-27 12:15:01,677 | WARNING | Bad timestamp at line 139: 11/01/2025 09:33:00 AM -EventID: 4625
2025-11-27 12:15:01,677 | WARNING | Bad timestamp at line 141: 11/01/2025 09:42:00 AM -EventID: 4625
2025-11-27 12:15:01,677 | WARNING | Bad timestamp at line 142: 11/01/2025 09:30:00 AM -EventID: 4625
2025-11-27 12:15:01,677 | WARNING | Bad timestamp at line 143: 11/01/2025 09:36:00 AM -EventID: 4625
2025-11-27 12:15:01,677 | WARNING | Bad timestamp at line 144: 11/01/2025 09:30:00 AM -EventID: 4625
2025-11-27 12:15:01,678 | INFO | Parsed 0 failed logins
2025-11-27 12:15:01,678 | INFO | Exported 0 alert(s) to month1/alerts.json
2025-11-27 12:15:01,678 | INFO | No alerts generated.
2025-11-27 12:20:01,780 | INFO | === BRUTE-FORCE DETECTOR STARTED ===
2025-11-27 12:20:01,781 | INFO | Config: {'log_file': 'month1/fake_auth.log', 'output_file': 'month1/alerts.json', 'threshold_count': 3, 'time_window_minutes': 15, 'log_level': 'INFO', 'alert_title': 'BRUTE_FORCE_15MIN', 'smtp_server': 'smtp.gmail.com', 'smtp_port': 587, 'email_from': 'suleephraim1@gmail.com', 'email_to': 'cyberlootkeeper@gmail.com', 'email_password': 'uwijddtfwdtmmony'}
2025-11-27 12:20:01,785 | WARNING | Bad timestamp at line 5: 11/01/2025 09:42:00 AM -EventID: 4625
2025-11-27 12:20:01,785 | WARNING | Bad timestamp at line 6: 11/01/2025 09:30:00 AM -EventID: 4625
2025-11-27 12:20:01,785 | WARNING | Bad timestamp at line 7: 11/01/2025 09:36:00 AM -EventID: 4625
2025-11-27 12:20:01,785 | WARNING | Bad timestamp at line 8: 11/01/2025 09:33:00 AM -EventID: 4625
2025-11-27 12:20:01,785 | WARNING | Bad timestamp at line 10: 11/01/2025 09:36:00 AM -EventID: 4625
2025-11-27 12:20:01,785 | WARNING | Bad timestamp at line 12: 11/01/2025 09:33:00 AM -EventID: 4625
2025-11-27 12:20:01,785 | WARNING | Bad timestamp at line 13: 11/01/2025 09:33:00 AM -EventID: 4625
2025-11-27 12:20:01,786 | WARNING | Bad timestamp at line 14: 11/01/2025 09:30:00 AM -EventID: 4625
2025-11-27 12:20:01,786 | WARNING | Bad timestamp at line 15: 11/01/2025 09:36:00 AM -EventID: 4625
2025-11-27 12:20:01,786 | WARNING | Bad timestamp at line 17: 11/01/2025 09:33:00 AM -EventID: 4625
2025-11-27 12:20:01,786 | WARNING | Bad timestamp at line 18: 11/01/2025 09:30:00 AM -EventID: 4625
2025-11-27 12:20:01,786 | WARNING | Bad timestamp at line 19: 11/01/2025 09:33:00 AM -EventID: 4625
2025-11-27 12:20:01,786 | WARNING | Bad timestamp at line 21: 11/01/2025 09:42:00 AM -EventID: 4625
2025-11-27 12:20:01,786 | WARNING | Bad timestamp at line 22: 11/01/2025 09:39:00 AM -EventID: 4625
2025-11-27 12:20:01,786 | WARNING | Bad timestamp at line 23: 11/01/2025 09:36:00 AM -EventID: 4625
2025-11-27 12:20:01,787 | WARNING | Bad timestamp at line 25: 11/01/2025 09:33:00 AM -EventID: 4625
2025-11-27 12:20:01,787 | WARNING | Bad timestamp at line 26: 11/01/2025 09:33:00 AM -EventID: 4625
2025-11-27 12:20:01,787 | WARNING | Bad timestamp at line 27: 11/01/2025 09:39:00 AM -EventID: 4625
2025-11-27 12:20:01,787 | WARNING | Bad timestamp at line 28: 11/01/2025 09:42:00 AM -EventID: 4625
2025-11-27 12:20:01,787 | WARNING | Bad timestamp at line 29: 11/01/2025 09:42:00 AM -EventID: 4625
2025-11-27 12:20:01,787 | WARNING | Bad timestamp at line 30: 11/01/2025 09:36:00 AM -EventID: 4625
2025-11-27 12:20:01,787 | WARNING | Bad timestamp at line 31: 11/01/2025 09:36:00 AM -EventID: 4625
2025-11-27 12:20:01,787 | WARNING | Bad timestamp at line 32: 11/01/2025 09:30:00 AM -EventID: 4625
2025-11-27 12:20:01,787 | WARNING | Bad timestamp at line 33: 11/01/2025 09:36:00 AM -EventID: 4625
2025-11-27 12:20:01,787 | WARNING | Bad timestamp at line 34: 11/01/2025 09:42:00 AM -EventID: 4625
2025-11-27 12:20:01,787 | WARNING | Bad timestamp at line 35: 11/01/2025 09:39:00 AM -EventID: 4625
2025-11-27 12:20:01,787 | WARNING | Bad timestamp at line 36: 11/01/2025 09:39:00 AM -EventID: 4625
2025-11-27 12:20:01,787 | WARNING | Bad timestamp at line 37: 11/01/2025 09:39:00 AM -EventID: 4625
2025-11-27 12:20:01,787 | WARNING | Bad timestamp at line 38: 11/01/2025 09:42:00 AM -EventID: 4625
2025-11-27 12:20:01,787 | WARNING | Bad timestamp at line 39: 11/01/2025 09:30:00 AM -EventID: 4625
2025-11-27 12:20:01,788 | WARNING | Bad timestamp at line 40: 11/01/2025 09:33:00 AM -EventID: 4625
2025-11-27 12:20:01,788 | WARNING | Bad timestamp at line 41: 11/01/2025 09:30:00 AM -EventID: 4625
2025-11-27 12:20:01,788 | WARNING | Bad timestamp at line 43: 11/01/2025 09:39:00 AM -EventID: 4625
2025-11-27 12:20:01,788 | WARNING | Bad timestamp at line 44: 11/01/2025 09:36:00 AM -EventID: 4625
2025-11-27 12:20:01,788 | WARNING | Bad timestamp at line 45: 11/01/2025 09:30:00 AM -EventID: 4625
2025-11-27 12:20:01,788 | WARNING | Bad timestamp at line 46: 11/01/2025 09:42:00 AM -EventID: 4625
2025-11-27 12:20:01,788 | WARNING | Bad timestamp at line 47: 11/01/2025 09:36:00 AM -EventID: 4625
2025-11-27 12:20:01,788 | WARNING | Bad timestamp at line 48: 11/01/2025 09:42:00 AM -EventID: 4625
2025-11-27 12:20:01,788 | WARNING | Bad timestamp at line 49: 11/01/2025 09:42:00 AM -EventID: 4625
2025-11-27 12:20:01,788 | WARNING | Bad timestamp at line 50: 11/01/2025 09:42:00 AM -EventID: 4625
2025-11-27 12:20:01,788 | WARNING | Bad timestamp at line 51: 11/01/2025 09:39:00 AM -EventID: 4625
2025-11-27 12:20:01,788 | WARNING | Bad timestamp at line 52: 11/01/2025 09:42:00 AM -EventID: 4625
2025-11-27 12:20:01,788 | WARNING | Bad timestamp at line 53: 11/01/2025 09:30:00 AM -EventID: 4625
2025-11-27 12:20:01,788 | WARNING | Bad timestamp at line 54: 11/01/2025 09:30:00 AM -EventID: 4625
2025-11-27 12:20:01,789 | WARNING | Bad timestamp at line 55: 11/01/2025 09:30:00 AM -EventID: 4625
2025-11-27 12:20:01,789 | WARNING | Bad timestamp at line 56: 11/01/2025 09:33:00 AM -EventID: 4625
2025-11-27 12:20:01,789 | WARNING | Bad timestamp at line 58: 11/01/2025 09:42:00 AM -EventID: 4625
2025-11-27 12:20:01,789 | WARNING | Bad timestamp at line 59: 11/01/2025 09:36:00 AM -EventID: 4625
2025-11-27 12:20:01,789 | WARNING | Bad timestamp at line 60: 11/01/2025 09:36:00 AM -EventID: 4625
2025-11-27 12:20:01,789 | WARNING | Bad timestamp at line 61: 11/01/2025 09:33:00 AM -EventID: 4625
2025-11-27 12:20:01,789 | WARNING | Bad timestamp at line 62: 11/01/2025 09:42:00 AM -EventID: 4625
2025-11-27 12:20:01,789 | WARNING | Bad timestamp at line 64: 11/01/2025 09:30:00 AM -EventID: 4625
2025-11-27 12:20:01,789 | WARNING | Bad timestamp at line 65: 11/01/2025 09:39:00 AM -EventID: 4625
2025-11-27 12:20:01,789 | WARNING | Bad timestamp at line 66: 11/01/2025 09:42:00 AM -EventID: 4625
2025-11-27 12:20:01,789 | WARNING | Bad timestamp at line 67: 11/01/2025 09:39:00 AM -EventID: 4625
2025-11-27 12:20:01,789 | WARNING | Bad timestamp at line 68: 11/01/2025 09:36:00 AM -EventID: 4625
2025-11-27 12:20:01,789 | WARNING | Bad timestamp at line 69: 11/01/2025 09:42:00 AM -EventID: 4625
2025-11-27 12:20:01,789 | WARNING | Bad timestamp at line 70: 11/01/2025 09:39:00 AM -EventID: 4625
2025-11-27 12:20:01,790 | WARNING | Bad timestamp at line 72: 11/01/2025 09:36:00 AM -EventID: 4625
2025-11-27 12:20:01,790 | WARNING | Bad timestamp at line 73: 11/01/2025 09:42:00 AM -EventID: 4625
2025-11-27 12:20:01,790 | WARNING | Bad timestamp at line 75: 11/01/2025 09:33:00 AM -EventID: 4625
2025-11-27 12:20:01,790 | WARNING | Bad timestamp at line 76: 11/01/2025 09:39:00 AM -EventID: 4625
2025-11-27 12:20:01,790 | WARNING | Bad timestamp at line 78: 11/01/2025 09:42:00 AM -EventID: 4625
2025-11-27 12:20:01,790 | WARNING | Bad timestamp at line 79: 11/01/2025 09:36:00 AM -EventID: 4625
2025-11-27 12:20:01,790 | WARNING | Bad timestamp at line 80: 11/01/2025 09:42:00 AM -EventID: 4625
2025-11-27 12:20:01,790 | WARNING | Bad timestamp at line 81: 11/01/2025 09:30:00 AM -EventID: 4625
2025-11-27 12:20:01,790 | WARNING | Bad timestamp at line 82: 11/01/2025 09:30:00 AM -EventID: 4625
2025-11-27 12:20:01,790 | WARNING | Bad timestamp at line 83: 11/01/2025 09:39:00 AM -EventID: 4625
2025-11-27 12:20:01,790 | WARNING | Bad timestamp at line 84: 11/01/2025 09:33:00 AM -EventID: 4625
2025-11-27 12:20:01,791 | WARNING | Bad timestamp at line 85: 11/01/2025 09:39:00 AM -EventID: 4625
2025-11-27 12:20:01,791 | WARNING | Bad timestamp at line 86: 11/01/2025 09:42:00 AM -EventID: 4625
2025-11-27 12:20:01,791 | WARNING | Bad timestamp at line 87: 11/01/2025 09:33:00 AM -EventID: 4625
2025-11-27 12:20:01,791 | WARNING | Bad timestamp at line 88: 11/01/2025 09:33:00 AM -EventID: 4625
2025-11-27 12:20:01,791 | WARNING | Bad timestamp at line 89: 11/01/2025 09:39:00 AM -EventID: 4625
2025-11-27 12:20:01,791 | WARNING | Bad timestamp at line 90: 11/01/2025 09:36:00 AM -EventID: 4625
2025-11-27 12:20:01,791 | WARNING | Bad timestamp at line 91: 11/01/2025 09:39:00 AM -EventID: 4625
2025-11-27 12:20:01,791 | WARNING | Bad timestamp at line 92: 11/01/2025 09:33:00 AM -EventID: 4625
2025-11-27 12:20:01,791 | WARNING | Bad timestamp at line 95: 11/01/2025 09:30:00 AM -EventID: 4625
2025-11-27 12:20:01,791 | WARNING | Bad timestamp at line 96: 11/01/2025 09:33:00 AM -EventID: 4625
2025-11-27 12:20:01,791 | WARNING | Bad timestamp at line 97: 11/01/2025 09:33:00 AM -EventID: 4625
2025-11-27 12:20:01,791 | WARNING | Bad timestamp at line 98: 11/01/2025 09:33:00 AM -EventID: 4625
2025-11-27 12:20:01,791 | WARNING | Bad timestamp at line 99: 11/01/2025 09:39:00 AM -EventID: 4625
2025-11-27 12:20:01,791 | WARNING | Bad timestamp at line 100: 11/01/2025 09:33:00 AM -EventID: 4625
2025-11-27 12:20:01,791 | WARNING | Bad timestamp at line 101: 11/01/2025 09:33:00 AM -EventID: 4625
2025-11-27 12:20:01,791 | WARNING | Bad timestamp at line 102: 11/01/2025 09:36:00 AM -EventID: 4625
2025-11-27 12:20:01,791 | WARNING | Bad timestamp at line 103: 11/01/2025 09:30:00 AM -EventID: 4625
2025-11-27 12:20:01,792 | WARNING | Bad timestamp at line 104: 11/01/2025 09:30:00 AM -EventID: 4625
2025-11-27 12:20:01,792 | WARNING | Bad timestamp at line 105: 11/01/2025 09:36:00 AM -EventID: 4625
2025-11-27 12:20:01,792 | WARNING | Bad timestamp at line 106: 11/01/2025 09:36:00 AM -EventID: 4625
2025-11-27 12:20:01,792 | WARNING | Bad timestamp at line 107: 11/01/2025 09:39:00 AM -EventID: 4625
2025-11-27 12:20:01,792 | WARNING | Bad timestamp at line 109: 11/01/2025 09:36:00 AM -EventID: 4625
2025-11-27 12:20:01,792 | WARNING | Bad timestamp at line 110: 11/01/2025 09:39:00 AM -EventID: 4625
2025-11-27 12:20:01,792 | WARNING | Bad timestamp at line 111: 11/01/2025 09:39:00 AM -EventID: 4625
2025-11-27 12:20:01,792 | WARNING | Bad timestamp at line 112: 11/01/2025 09:39:00 AM -EventID: 4625
2025-11-27 12:20:01,792 | WARNING | Bad timestamp at line 113: 11/01/2025 09:39:00 AM -EventID: 4625
2025-11-27 12:20:01,792 | WARNING | Bad timestamp at line 114: 11/01/2025 09:42:00 AM -EventID: 4625
2025-11-27 12:20:01,792 | WARNING | Bad timestamp at line 115: 11/01/2025 09:33:00 AM -EventID: 4625
2025-11-27 12:20:01,792 | WARNING | Bad timestamp at line 116: 11/01/2025 09:39:00 AM -EventID: 4625
2025-11-27 12:20:01,792 | WARNING | Bad timestamp at line 117: 11/01/2025 09:36:00 AM -EventID: 4625
2025-11-27 12:20:01,792 | WARNING | Bad timestamp at line 118: 11/01/2025 09:39:00 AM -EventID: 4625
2025-11-27 12:20:01,792 | WARNING | Bad timestamp at line 119: 11/01/2025 09:39:00 AM -EventID: 4625
2025-11-27 12:20:01,792 | WARNING | Bad timestamp at line 120: 11/01/2025 09:36:00 AM -EventID: 4625
2025-11-27 12:20:01,792 | WARNING | Bad timestamp at line 121: 11/01/2025 09:30:00 AM -EventID: 4625
2025-11-27 12:20:01,793 | WARNING | Bad timestamp at line 122: 11/01/2025 09:36:00 AM -EventID: 4625
2025-11-27 12:20:01,793 | WARNING | Bad timestamp at line 123: 11/01/2025 09:33:00 AM -EventID: 4625
2025-11-27 12:20:01,793 | WARNING | Bad timestamp at line 124: 11/01/2025 09:42:00 AM -EventID: 4625
2025-11-27 12:20:01,793 | WARNING | Bad timestamp at line 125: 11/01/2025 09:30:00 AM -EventID: 4625
2025-11-27 12:20:01,793 | WARNING | Bad timestamp at line 126: 11/01/2025 09:42:00 AM -EventID: 4625
2025-11-27 12:20:01,793 | WARNING | Bad timestamp at line 127: 11/01/2025 09:30:00 AM -EventID: 4625
2025-11-27 12:20:01,793 | WARNING | Bad timestamp at line 128: 11/01/2025 09:30:00 AM -EventID: 4625
2025-11-27 12:20:01,793 | WARNING | Bad timestamp at line 129: 11/01/2025 09:42:00 AM -EventID: 4625
2025-11-27 12:20:01,793 | WARNING | Bad timestamp at line 130: 11/01/2025 09:39:00 AM -EventID: 4625
2025-11-27 12:20:01,793 | WARNING | Bad timestamp at line 131: 11/01/2025 09:30:00 AM -EventID: 4625
2025-11-27 12:20:01,793 | WARNING | Bad timestamp at line 132: 11/01/2025 09:36:00 AM -EventID: 4625
2025-11-27 12:20:01,793 | WARNING | Bad timestamp at line 133: 11/01/2025 09:30:00 AM -EventID: 4625
2025-11-27 12:20:01,793 | WARNING | Bad timestamp at line 134: 11/01/2025 09:33:00 AM -EventID: 4625
2025-11-27 12:20:01,793 | WARNING | Bad timestamp at line 135: 11/01/2025 09:36:00 AM -EventID: 4625
2025-11-27 12:20:01,793 | WARNING | Bad timestamp at line 136: 11/01/2025 09:42:00 AM -EventID: 4625
2025-11-27 12:20:01,793 | WARNING | Bad timestamp at line 137: 11/01/2025 09:33:00 AM -EventID: 4625
2025-11-27 12:20:01,793 | WARNING | Bad timestamp at line 138: 11/01/2025 09:30:00 AM -EventID: 4625
2025-11-27 12:20:01,794 | WARNING | Bad timestamp at line 139: 11/01/2025 09:33:00 AM -EventID: 4625
2025-11-27 12:20:01,794 | WARNING | Bad timestamp at line 141: 11/01/2025 09:42:00 AM -EventID: 4625
2025-11-27 12:20:01,794 | WARNING | Bad timestamp at line 142: 11/01/2025 09:30:00 AM -EventID: 4625
2025-11-27 12:20:01,794 | WARNING | Bad timestamp at line 143: 11/01/2025 09:36:00 AM -EventID: 4625
2025-11-27 12:20:01,794 | WARNING | Bad timestamp at line 144: 11/01/2025 09:30:00 AM -EventID: 4625
2025-11-27 12:20:01,794 | INFO | Parsed 0 failed logins
2025-11-27 12:20:01,794 | INFO | Exported 0 alert(s) to month1/alerts.json
2025-11-27 12:20:01,794 | INFO | No alerts generated.
2025-11-27 12:25:01,903 | INFO | === BRUTE-FORCE DETECTOR STARTED ===
2025-11-27 12:25:01,903 | INFO | Config: {'log_file': 'month1/fake_auth.log', 'output_file': 'month1/alerts.json', 'threshold_count': 3, 'time_window_minutes': 15, 'log_level': 'INFO', 'alert_title': 'BRUTE_FORCE_15MIN', 'smtp_server': 'smtp.gmail.com', 'smtp_port': 587, 'email_from': 'suleephraim1@gmail.com', 'email_to': 'cyberlootkeeper@gmail.com', 'email_password': 'uwijddtfwdtmmony'}
2025-11-27 12:25:01,907 | WARNING | Bad timestamp at line 5: 11/01/2025 09:42:00 AM -EventID: 4625
2025-11-27 12:25:01,908 | WARNING | Bad timestamp at line 6: 11/01/2025 09:30:00 AM -EventID: 4625
2025-11-27 12:25:01,908 | WARNING | Bad timestamp at line 7: 11/01/2025 09:36:00 AM -EventID: 4625
2025-11-27 12:25:01,908 | WARNING | Bad timestamp at line 8: 11/01/2025 09:33:00 AM -EventID: 4625
2025-11-27 12:25:01,908 | WARNING | Bad timestamp at line 10: 11/01/2025 09:36:00 AM -EventID: 4625
2025-11-27 12:25:01,908 | WARNING | Bad timestamp at line 12: 11/01/2025 09:33:00 AM -EventID: 4625
2025-11-27 12:25:01,908 | WARNING | Bad timestamp at line 13: 11/01/2025 09:33:00 AM -EventID: 4625
2025-11-27 12:25:01,908 | WARNING | Bad timestamp at line 14: 11/01/2025 09:30:00 AM -EventID: 4625
2025-11-27 12:25:01,908 | WARNING | Bad timestamp at line 15: 11/01/2025 09:36:00 AM -EventID: 4625
2025-11-27 12:25:01,908 | WARNING | Bad timestamp at line 17: 11/01/2025 09:33:00 AM -EventID: 4625
2025-11-27 12:25:01,908 | WARNING | Bad timestamp at line 18: 11/01/2025 09:30:00 AM -EventID: 4625
2025-11-27 12:25:01,908 | WARNING | Bad timestamp at line 19: 11/01/2025 09:33:00 AM -EventID: 4625
2025-11-27 12:25:01,908 | WARNING | Bad timestamp at line 21: 11/01/2025 09:42:00 AM -EventID: 4625
2025-11-27 12:25:01,908 | WARNING | Bad timestamp at line 22: 11/01/2025 09:39:00 AM -EventID: 4625
2025-11-27 12:25:01,909 | WARNING | Bad timestamp at line 23: 11/01/2025 09:36:00 AM -EventID: 4625
2025-11-27 12:25:01,909 | WARNING | Bad timestamp at line 25: 11/01/2025 09:33:00 AM -EventID: 4625
2025-11-27 12:25:01,909 | WARNING | Bad timestamp at line 26: 11/01/2025 09:33:00 AM -EventID: 4625
2025-11-27 12:25:01,909 | WARNING | Bad timestamp at line 27: 11/01/2025 09:39:00 AM -EventID: 4625
2025-11-27 12:25:01,909 | WARNING | Bad timestamp at line 28: 11/01/2025 09:42:00 AM -EventID: 4625
2025-11-27 12:25:01,909 | WARNING | Bad timestamp at line 29: 11/01/2025 09:42:00 AM -EventID: 4625
2025-11-27 12:25:01,909 | WARNING | Bad timestamp at line 30: 11/01/2025 09:36:00 AM -EventID: 4625
2025-11-27 12:25:01,909 | WARNING | Bad timestamp at line 31: 11/01/2025 09:36:00 AM -EventID: 4625
2025-11-27 12:25:01,909 | WARNING | Bad timestamp at line 32: 11/01/2025 09:30:00 AM -EventID: 4625
2025-11-27 12:25:01,909 | WARNING | Bad timestamp at line 33: 11/01/2025 09:36:00 AM -EventID: 4625
2025-11-27 12:25:01,909 | WARNING | Bad timestamp at line 34: 11/01/2025 09:42:00 AM -EventID: 4625
2025-11-27 12:25:01,909 | WARNING | Bad timestamp at line 35: 11/01/2025 09:39:00 AM -EventID: 4625
2025-11-27 12:25:01,909 | WARNING | Bad timestamp at line 36: 11/01/2025 09:39:00 AM -EventID: 4625
2025-11-27 12:25:01,909 | WARNING | Bad timestamp at line 37: 11/01/2025 09:39:00 AM -EventID: 4625
2025-11-27 12:25:01,909 | WARNING | Bad timestamp at line 38: 11/01/2025 09:42:00 AM -EventID: 4625
2025-11-27 12:25:01,909 | WARNING | Bad timestamp at line 39: 11/01/2025 09:30:00 AM -EventID: 4625
2025-11-27 12:25:01,909 | WARNING | Bad timestamp at line 40: 11/01/2025 09:33:00 AM -EventID: 4625
2025-11-27 12:25:01,910 | WARNING | Bad timestamp at line 41: 11/01/2025 09:30:00 AM -EventID: 4625
2025-11-27 12:25:01,910 | WARNING | Bad timestamp at line 43: 11/01/2025 09:39:00 AM -EventID: 4625
2025-11-27 12:25:01,910 | WARNING | Bad timestamp at line 44: 11/01/2025 09:36:00 AM -EventID: 4625
2025-11-27 12:25:01,910 | WARNING | Bad timestamp at line 45: 11/01/2025 09:30:00 AM -EventID: 4625
2025-11-27 12:25:01,910 | WARNING | Bad timestamp at line 46: 11/01/2025 09:42:00 AM -EventID: 4625
2025-11-27 12:25:01,910 | WARNING | Bad timestamp at line 47: 11/01/2025 09:36:00 AM -EventID: 4625
2025-11-27 12:25:01,910 | WARNING | Bad timestamp at line 48: 11/01/2025 09:42:00 AM -EventID: 4625
2025-11-27 12:25:01,910 | WARNING | Bad timestamp at line 49: 11/01/2025 09:42:00 AM -EventID: 4625
2025-11-27 12:25:01,910 | WARNING | Bad timestamp at line 50: 11/01/2025 09:42:00 AM -EventID: 4625
2025-11-27 12:25:01,910 | WARNING | Bad timestamp at line 51: 11/01/2025 09:39:00 AM -EventID: 4625
2025-11-27 12:25:01,910 | WARNING | Bad timestamp at line 52: 11/01/2025 09:42:00 AM -EventID: 4625
2025-11-27 12:25:01,910 | WARNING | Bad timestamp at line 53: 11/01/2025 09:30:00 AM -EventID: 4625
2025-11-27 12:25:01,910 | WARNING | Bad timestamp at line 54: 11/01/2025 09:30:00 AM -EventID: 4625
2025-11-27 12:25:01,910 | WARNING | Bad timestamp at line 55: 11/01/2025 09:30:00 AM -EventID: 4625
2025-11-27 12:25:01,910 | WARNING | Bad timestamp at line 56: 11/01/2025 09:33:00 AM -EventID: 4625
2025-11-27 12:25:01,910 | WARNING | Bad timestamp at line 58: 11/01/2025 09:42:00 AM -EventID: 4625
2025-11-27 12:25:01,910 | WARNING | Bad timestamp at line 59: 11/01/2025 09:36:00 AM -EventID: 4625
2025-11-27 12:25:01,911 | WARNING | Bad timestamp at line 60: 11/01/2025 09:36:00 AM -EventID: 4625
2025-11-27 12:25:01,911 | WARNING | Bad timestamp at line 61: 11/01/2025 09:33:00 AM -EventID: 4625
2025-11-27 12:25:01,911 | WARNING | Bad timestamp at line 62: 11/01/2025 09:42:00 AM -EventID: 4625
2025-11-27 12:25:01,911 | WARNING | Bad timestamp at line 64: 11/01/2025 09:30:00 AM -EventID: 4625
2025-11-27 12:25:01,911 | WARNING | Bad timestamp at line 65: 11/01/2025 09:39:00 AM -EventID: 4625
2025-11-27 12:25:01,911 | WARNING | Bad timestamp at line 66: 11/01/2025 09:42:00 AM -EventID: 4625
2025-11-27 12:25:01,911 | WARNING | Bad timestamp at line 67: 11/01/2025 09:39:00 AM -EventID: 4625
2025-11-27 12:25:01,911 | WARNING | Bad timestamp at line 68: 11/01/2025 09:36:00 AM -EventID: 4625
2025-11-27 12:25:01,911 | WARNING | Bad timestamp at line 69: 11/01/2025 09:42:00 AM -EventID: 4625
2025-11-27 12:25:01,911 | WARNING | Bad timestamp at line 70: 11/01/2025 09:39:00 AM -EventID: 4625
2025-11-27 12:25:01,911 | WARNING | Bad timestamp at line 72: 11/01/2025 09:36:00 AM -EventID: 4625
2025-11-27 12:25:01,911 | WARNING | Bad timestamp at line 73: 11/01/2025 09:42:00 AM -EventID: 4625
2025-11-27 12:25:01,911 | WARNING | Bad timestamp at line 75: 11/01/2025 09:33:00 AM -EventID: 4625
2025-11-27 12:25:01,911 | WARNING | Bad timestamp at line 76: 11/01/2025 09:39:00 AM -EventID: 4625
2025-11-27 12:25:01,911 | WARNING | Bad timestamp at line 78: 11/01/2025 09:42:00 AM -EventID: 4625
2025-11-27 12:25:01,911 | WARNING | Bad timestamp at line 79: 11/01/2025 09:36:00 AM -EventID: 4625
2025-11-27 12:25:01,911 | WARNING | Bad timestamp at line 80: 11/01/2025 09:42:00 AM -EventID: 4625
2025-11-27 12:25:01,912 | WARNING | Bad timestamp at line 81: 11/01/2025 09:30:00 AM -EventID: 4625
2025-11-27 12:25:01,912 | WARNING | Bad timestamp at line 82: 11/01/2025 09:30:00 AM -EventID: 4625
2025-11-27 12:25:01,912 | WARNING | Bad timestamp at line 83: 11/01/2025 09:39:00 AM -EventID: 4625
2025-11-27 12:25:01,912 | WARNING | Bad timestamp at line 84: 11/01/2025 09:33:00 AM -EventID: 4625
2025-11-27 12:25:01,912 | WARNING | Bad timestamp at line 85: 11/01/2025 09:39:00 AM -EventID: 4625
2025-11-27 12:25:01,912 | WARNING | Bad timestamp at line 86: 11/01/2025 09:42:00 AM -EventID: 4625
2025-11-27 12:25:01,912 | WARNING | Bad timestamp at line 87: 11/01/2025 09:33:00 AM -EventID: 4625
2025-11-27 12:25:01,912 | WARNING | Bad timestamp at line 88: 11/01/2025 09:33:00 AM -EventID: 4625
2025-11-27 12:25:01,912 | WARNING | Bad timestamp at line 89: 11/01/2025 09:39:00 AM -EventID: 4625
2025-11-27 12:25:01,912 | WARNING | Bad timestamp at line 90: 11/01/2025 09:36:00 AM -EventID: 4625
2025-11-27 12:25:01,912 | WARNING | Bad timestamp at line 91: 11/01/2025 09:39:00 AM -EventID: 4625
2025-11-27 12:25:01,912 | WARNING | Bad timestamp at line 92: 11/01/2025 09:33:00 AM -EventID: 4625
2025-11-27 12:25:01,912 | WARNING | Bad timestamp at line 95: 11/01/2025 09:30:00 AM -EventID: 4625
2025-11-27 12:25:01,912 | WARNING | Bad timestamp at line 96: 11/01/2025 09:33:00 AM -EventID: 4625
2025-11-27 12:25:01,912 | WARNING | Bad timestamp at line 97: 11/01/2025 09:33:00 AM -EventID: 4625
2025-11-27 12:25:01,912 | WARNING | Bad timestamp at line 98: 11/01/2025 09:33:00 AM -EventID: 4625
2025-11-27 12:25:01,912 | WARNING | Bad timestamp at line 99: 11/01/2025 09:39:00 AM -EventID: 4625
2025-11-27 12:25:01,913 | WARNING | Bad timestamp at line 100: 11/01/2025 09:33:00 AM -EventID: 4625
2025-11-27 12:25:01,913 | WARNING | Bad timestamp at line 101: 11/01/2025 09:33:00 AM -EventID: 4625
2025-11-27 12:25:01,913 | WARNING | Bad timestamp at line 102: 11/01/2025 09:36:00 AM -EventID: 4625
2025-11-27 12:25:01,913 | WARNING | Bad timestamp at line 103: 11/01/2025 09:30:00 AM -EventID: 4625
2025-11-27 12:25:01,913 | WARNING | Bad timestamp at line 104: 11/01/2025 09:30:00 AM -EventID: 4625
2025-11-27 12:25:01,913 | WARNING | Bad timestamp at line 105: 11/01/2025 09:36:00 AM -EventID: 4625
2025-11-27 12:25:01,913 | WARNING | Bad timestamp at line 106: 11/01/2025 09:36:00 AM -EventID: 4625
2025-11-27 12:25:01,913 | WARNING | Bad timestamp at line 107: 11/01/2025 09:39:00 AM -EventID: 4625
2025-11-27 12:25:01,913 | WARNING | Bad timestamp at line 109: 11/01/2025 09:36:00 AM -EventID: 4625
2025-11-27 12:25:01,913 | WARNING | Bad timestamp at line 110: 11/01/2025 09:39:00 AM -EventID: 4625
2025-11-27 12:25:01,913 | WARNING | Bad timestamp at line 111: 11/01/2025 09:39:00 AM -EventID: 4625
2025-11-27 12:25:01,913 | WARNING | Bad timestamp at line 112: 11/01/2025 09:39:00 AM -EventID: 4625
2025-11-27 12:25:01,913 | WARNING | Bad timestamp at line 113: 11/01/2025 09:39:00 AM -EventID: 4625
2025-11-27 12:25:01,913 | WARNING | Bad timestamp at line 114: 11/01/2025 09:42:00 AM -EventID: 4625
2025-11-27 12:25:01,913 | WARNING | Bad timestamp at line 115: 11/01/2025 09:33:00 AM -EventID: 4625
2025-11-27 12:25:01,913 | WARNING | Bad timestamp at line 116: 11/01/2025 09:39:00 AM -EventID: 4625
2025-11-27 12:25:01,913 | WARNING | Bad timestamp at line 117: 11/01/2025 09:36:00 AM -EventID: 4625
2025-11-27 12:25:01,914 | WARNING | Bad timestamp at line 118: 11/01/2025 09:39:00 AM -EventID: 4625
2025-11-27 12:25:01,914 | WARNING | Bad timestamp at line 119: 11/01/2025 09:39:00 AM -EventID: 4625
2025-11-27 12:25:01,914 | WARNING | Bad timestamp at line 120: 11/01/2025 09:36:00 AM -EventID: 4625
2025-11-27 12:25:01,914 | WARNING | Bad timestamp at line 121: 11/01/2025 09:30:00 AM -EventID: 4625
2025-11-27 12:25:01,914 | WARNING | Bad timestamp at line 122: 11/01/2025 09:36:00 AM -EventID: 4625
2025-11-27 12:25:01,914 | WARNING | Bad timestamp at line 123: 11/01/2025 09:33:00 AM -EventID: 4625
2025-11-27 12:25:01,914 | WARNING | Bad timestamp at line 124: 11/01/2025 09:42:00 AM -EventID: 4625
2025-11-27 12:25:01,914 | WARNING | Bad timestamp at line 125: 11/01/2025 09:30:00 AM -EventID: 4625
2025-11-27 12:25:01,914 | WARNING | Bad timestamp at line 126: 11/01/2025 09:42:00 AM -EventID: 4625
2025-11-27 12:25:01,914 | WARNING | Bad timestamp at line 127: 11/01/2025 09:30:00 AM -EventID: 4625
2025-11-27 12:25:01,914 | WARNING | Bad timestamp at line 128: 11/01/2025 09:30:00 AM -EventID: 4625
2025-11-27 12:25:01,914 | WARNING | Bad timestamp at line 129: 11/01/2025 09:42:00 AM -EventID: 4625
2025-11-27 12:25:01,914 | WARNING | Bad timestamp at line 130: 11/01/2025 09:39:00 AM -EventID: 4625
2025-11-27 12:25:01,914 | WARNING | Bad timestamp at line 131: 11/01/2025 09:30:00 AM -EventID: 4625
2025-11-27 12:25:01,914 | WARNING | Bad timestamp at line 132: 11/01/2025 09:36:00 AM -EventID: 4625
2025-11-27 12:25:01,914 | WARNING | Bad timestamp at line 133: 11/01/2025 09:30:00 AM -EventID: 4625
2025-11-27 12:25:01,914 | WARNING | Bad timestamp at line 134: 11/01/2025 09:33:00 AM -EventID: 4625
2025-11-27 12:25:01,915 | WARNING | Bad timestamp at line 135: 11/01/2025 09:36:00 AM -EventID: 4625
2025-11-27 12:25:01,915 | WARNING | Bad timestamp at line 136: 11/01/2025 09:42:00 AM -EventID: 4625
2025-11-27 12:25:01,915 | WARNING | Bad timestamp at line 137: 11/01/2025 09:33:00 AM -EventID: 4625
2025-11-27 12:25:01,915 | WARNING | Bad timestamp at line 138: 11/01/2025 09:30:00 AM -EventID: 4625
2025-11-27 12:25:01,915 | WARNING | Bad timestamp at line 139: 11/01/2025 09:33:00 AM -EventID: 4625
2025-11-27 12:25:01,915 | WARNING | Bad timestamp at line 141: 11/01/2025 09:42:00 AM -EventID: 4625
2025-11-27 12:25:01,915 | WARNING | Bad timestamp at line 142: 11/01/2025 09:30:00 AM -EventID: 4625
2025-11-27 12:25:01,915 | WARNING | Bad timestamp at line 143: 11/01/2025 09:36:00 AM -EventID: 4625
2025-11-27 12:25:01,915 | WARNING | Bad timestamp at line 144: 11/01/2025 09:30:00 AM -EventID: 4625
2025-11-27 12:25:01,915 | INFO | Parsed 0 failed logins
2025-11-27 12:25:01,915 | INFO | Exported 0 alert(s) to month1/alerts.json
2025-11-27 12:25:01,915 | INFO | No alerts generated.
2025-11-27 12:30:02,004 | INFO | === BRUTE-FORCE DETECTOR STARTED ===
2025-11-27 12:30:02,004 | INFO | Config: {'log_file': 'month1/fake_auth.log', 'output_file': 'month1/alerts.json', 'threshold_count': 3, 'time_window_minutes': 15, 'log_level': 'INFO', 'alert_title': 'BRUTE_FORCE_15MIN', 'smtp_server': 'smtp.gmail.com', 'smtp_port': 587, 'email_from': 'suleephraim1@gmail.com', 'email_to': 'cyberlootkeeper@gmail.com', 'email_password': 'uwijddtfwdtmmony'}
2025-11-27 12:30:02,008 | WARNING | Bad timestamp at line 5: 11/01/2025 09:42:00 AM -EventID: 4625
2025-11-27 12:30:02,008 | WARNING | Bad timestamp at line 6: 11/01/2025 09:30:00 AM -EventID: 4625
2025-11-27 12:30:02,008 | WARNING | Bad timestamp at line 7: 11/01/2025 09:36:00 AM -EventID: 4625
2025-11-27 12:30:02,008 | WARNING | Bad timestamp at line 8: 11/01/2025 09:33:00 AM -EventID: 4625
2025-11-27 12:30:02,008 | WARNING | Bad timestamp at line 10: 11/01/2025 09:36:00 AM -EventID: 4625
2025-11-27 12:30:02,008 | WARNING | Bad timestamp at line 12: 11/01/2025 09:33:00 AM -EventID: 4625
2025-11-27 12:30:02,008 | WARNING | Bad timestamp at line 13: 11/01/2025 09:33:00 AM -EventID: 4625
2025-11-27 12:30:02,008 | WARNING | Bad timestamp at line 14: 11/01/2025 09:30:00 AM -EventID: 4625
2025-11-27 12:30:02,009 | WARNING | Bad timestamp at line 15: 11/01/2025 09:36:00 AM -EventID: 4625
2025-11-27 12:30:02,009 | WARNING | Bad timestamp at line 17: 11/01/2025 09:33:00 AM -EventID: 4625
2025-11-27 12:30:02,009 | WARNING | Bad timestamp at line 18: 11/01/2025 09:30:00 AM -EventID: 4625
2025-11-27 12:30:02,009 | WARNING | Bad timestamp at line 19: 11/01/2025 09:33:00 AM -EventID: 4625
2025-11-27 12:30:02,009 | WARNING | Bad timestamp at line 21: 11/01/2025 09:42:00 AM -EventID: 4625
2025-11-27 12:30:02,009 | WARNING | Bad timestamp at line 22: 11/01/2025 09:39:00 AM -EventID: 4625
2025-11-27 12:30:02,009 | WARNING | Bad timestamp at line 23: 11/01/2025 09:36:00 AM -EventID: 4625
2025-11-27 12:30:02,009 | WARNING | Bad timestamp at line 25: 11/01/2025 09:33:00 AM -EventID: 4625
2025-11-27 12:30:02,009 | WARNING | Bad timestamp at line 26: 11/01/2025 09:33:00 AM -EventID: 4625
2025-11-27 12:30:02,009 | WARNING | Bad timestamp at line 27: 11/01/2025 09:39:00 AM -EventID: 4625
2025-11-27 12:30:02,009 | WARNING | Bad timestamp at line 28: 11/01/2025 09:42:00 AM -EventID: 4625
2025-11-27 12:30:02,009 | WARNING | Bad timestamp at line 29: 11/01/2025 09:42:00 AM -EventID: 4625
2025-11-27 12:30:02,009 | WARNING | Bad timestamp at line 30: 11/01/2025 09:36:00 AM -EventID: 4625
2025-11-27 12:30:02,009 | WARNING | Bad timestamp at line 31: 11/01/2025 09:36:00 AM -EventID: 4625
2025-11-27 12:30:02,009 | WARNING | Bad timestamp at line 32: 11/01/2025 09:30:00 AM -EventID: 4625
2025-11-27 12:30:02,009 | WARNING | Bad timestamp at line 33: 11/01/2025 09:36:00 AM -EventID: 4625
2025-11-27 12:30:02,009 | WARNING | Bad timestamp at line 34: 11/01/2025 09:42:00 AM -EventID: 4625
2025-11-27 12:30:02,010 | WARNING | Bad timestamp at line 35: 11/01/2025 09:39:00 AM -EventID: 4625
2025-11-27 12:30:02,010 | WARNING | Bad timestamp at line 36: 11/01/2025 09:39:00 AM -EventID: 4625
2025-11-27 12:30:02,010 | WARNING | Bad timestamp at line 37: 11/01/2025 09:39:00 AM -EventID: 4625
2025-11-27 12:30:02,010 | WARNING | Bad timestamp at line 38: 11/01/2025 09:42:00 AM -EventID: 4625
2025-11-27 12:30:02,010 | WARNING | Bad timestamp at line 39: 11/01/2025 09:30:00 AM -EventID: 4625
2025-11-27 12:30:02,010 | WARNING | Bad timestamp at line 40: 11/01/2025 09:33:00 AM -EventID: 4625
2025-11-27 12:30:02,010 | WARNING | Bad timestamp at line 41: 11/01/2025 09:30:00 AM -EventID: 4625
2025-11-27 12:30:02,010 | WARNING | Bad timestamp at line 43: 11/01/2025 09:39:00 AM -EventID: 4625
2025-11-27 12:30:02,010 | WARNING | Bad timestamp at line 44: 11/01/2025 09:36:00 AM -EventID: 4625
2025-11-27 12:30:02,010 | WARNING | Bad timestamp at line 45: 11/01/2025 09:30:00 AM -EventID: 4625
2025-11-27 12:30:02,010 | WARNING | Bad timestamp at line 46: 11/01/2025 09:42:00 AM -EventID: 4625
2025-11-27 12:30:02,010 | WARNING | Bad timestamp at line 47: 11/01/2025 09:36:00 AM -EventID: 4625
2025-11-27 12:30:02,010 | WARNING | Bad timestamp at line 48: 11/01/2025 09:42:00 AM -EventID: 4625
2025-11-27 12:30:02,010 | WARNING | Bad timestamp at line 49: 11/01/2025 09:42:00 AM -EventID: 4625
2025-11-27 12:30:02,010 | WARNING | Bad timestamp at line 50: 11/01/2025 09:42:00 AM -EventID: 4625
2025-11-27 12:30:02,010 | WARNING | Bad timestamp at line 51: 11/01/2025 09:39:00 AM -EventID: 4625
2025-11-27 12:30:02,010 | WARNING | Bad timestamp at line 52: 11/01/2025 09:42:00 AM -EventID: 4625
2025-11-27 12:30:02,011 | WARNING | Bad timestamp at line 53: 11/01/2025 09:30:00 AM -EventID: 4625
2025-11-27 12:30:02,011 | WARNING | Bad timestamp at line 54: 11/01/2025 09:30:00 AM -EventID: 4625
2025-11-27 12:30:02,011 | WARNING | Bad timestamp at line 55: 11/01/2025 09:30:00 AM -EventID: 4625
2025-11-27 12:30:02,011 | WARNING | Bad timestamp at line 56: 11/01/2025 09:33:00 AM -EventID: 4625
2025-11-27 12:30:02,011 | WARNING | Bad timestamp at line 58: 11/01/2025 09:42:00 AM -EventID: 4625
2025-11-27 12:30:02,011 | WARNING | Bad timestamp at line 59: 11/01/2025 09:36:00 AM -EventID: 4625
2025-11-27 12:30:02,011 | WARNING | Bad timestamp at line 60: 11/01/2025 09:36:00 AM -EventID: 4625
2025-11-27 12:30:02,011 | WARNING | Bad timestamp at line 61: 11/01/2025 09:33:00 AM -EventID: 4625
2025-11-27 12:30:02,011 | WARNING | Bad timestamp at line 62: 11/01/2025 09:42:00 AM -EventID: 4625
2025-11-27 12:30:02,011 | WARNING | Bad timestamp at line 64: 11/01/2025 09:30:00 AM -EventID: 4625
2025-11-27 12:30:02,011 | WARNING | Bad timestamp at line 65: 11/01/2025 09:39:00 AM -EventID: 4625
2025-11-27 12:30:02,011 | WARNING | Bad timestamp at line 66: 11/01/2025 09:42:00 AM -EventID: 4625
2025-11-27 12:30:02,011 | WARNING | Bad timestamp at line 67: 11/01/2025 09:39:00 AM -EventID: 4625
2025-11-27 12:30:02,011 | WARNING | Bad timestamp at line 68: 11/01/2025 09:36:00 AM -EventID: 4625
2025-11-27 12:30:02,011 | WARNING | Bad timestamp at line 69: 11/01/2025 09:42:00 AM -EventID: 4625
2025-11-27 12:30:02,011 | WARNING | Bad timestamp at line 70: 11/01/2025 09:39:00 AM -EventID: 4625
2025-11-27 12:30:02,012 | WARNING | Bad timestamp at line 72: 11/01/2025 09:36:00 AM -EventID: 4625
2025-11-27 12:30:02,012 | WARNING | Bad timestamp at line 73: 11/01/2025 09:42:00 AM -EventID: 4625
2025-11-27 12:30:02,012 | WARNING | Bad timestamp at line 75: 11/01/2025 09:33:00 AM -EventID: 4625
2025-11-27 12:30:02,012 | WARNING | Bad timestamp at line 76: 11/01/2025 09:39:00 AM -EventID: 4625
2025-11-27 12:30:02,012 | WARNING | Bad timestamp at line 78: 11/01/2025 09:42:00 AM -EventID: 4625
2025-11-27 12:30:02,012 | WARNING | Bad timestamp at line 79: 11/01/2025 09:36:00 AM -EventID: 4625
2025-11-27 12:30:02,012 | WARNING | Bad timestamp at line 80: 11/01/2025 09:42:00 AM -EventID: 4625
2025-11-27 12:30:02,012 | WARNING | Bad timestamp at line 81: 11/01/2025 09:30:00 AM -EventID: 4625
2025-11-27 12:30:02,012 | WARNING | Bad timestamp at line 82: 11/01/2025 09:30:00 AM -EventID: 4625
2025-11-27 12:30:02,012 | WARNING | Bad timestamp at line 83: 11/01/2025 09:39:00 AM -EventID: 4625
2025-11-27 12:30:02,012 | WARNING | Bad timestamp at line 84: 11/01/2025 09:33:00 AM -EventID: 4625
2025-11-27 12:30:02,012 | WARNING | Bad timestamp at line 85: 11/01/2025 09:39:00 AM -EventID: 4625
2025-11-27 12:30:02,012 | WARNING | Bad timestamp at line 86: 11/01/2025 09:42:00 AM -EventID: 4625
2025-11-27 12:30:02,012 | WARNING | Bad timestamp at line 87: 11/01/2025 09:33:00 AM -EventID: 4625
2025-11-27 12:30:02,012 | WARNING | Bad timestamp at line 88: 11/01/2025 09:33:00 AM -EventID: 4625
2025-11-27 12:30:02,012 | WARNING | Bad timestamp at line 89: 11/01/2025 09:39:00 AM -EventID: 4625
2025-11-27 12:30:02,012 | WARNING | Bad timestamp at line 90: 11/01/2025 09:36:00 AM -EventID: 4625
2025-11-27 12:30:02,013 | WARNING | Bad timestamp at line 91: 11/01/2025 09:39:00 AM -EventID: 4625
2025-11-27 12:30:02,013 | WARNING | Bad timestamp at line 92: 11/01/2025 09:33:00 AM -EventID: 4625
2025-11-27 12:30:02,013 | WARNING | Bad timestamp at line 95: 11/01/2025 09:30:00 AM -EventID: 4625
2025-11-27 12:30:02,013 | WARNING | Bad timestamp at line 96: 11/01/2025 09:33:00 AM -EventID: 4625
2025-11-27 12:30:02,013 | WARNING | Bad timestamp at line 97: 11/01/2025 09:33:00 AM -EventID: 4625
2025-11-27 12:30:02,013 | WARNING | Bad timestamp at line 98: 11/01/2025 09:33:00 AM -EventID: 4625
2025-11-27 12:30:02,013 | WARNING | Bad timestamp at line 99: 11/01/2025 09:39:00 AM -EventID: 4625
2025-11-27 12:30:02,013 | WARNING | Bad timestamp at line 100: 11/01/2025 09:33:00 AM -EventID: 4625
2025-11-27 12:30:02,013 | WARNING | Bad timestamp at line 101: 11/01/2025 09:33:00 AM -EventID: 4625
2025-11-27 12:30:02,013 | WARNING | Bad timestamp at line 102: 11/01/2025 09:36:00 AM -EventID: 4625
2025-11-27 12:30:02,013 | WARNING | Bad timestamp at line 103: 11/01/2025 09:30:00 AM -EventID: 4625
2025-11-27 12:30:02,013 | WARNING | Bad timestamp at line 104: 11/01/2025 09:30:00 AM -EventID: 4625
2025-11-27 12:30:02,013 | WARNING | Bad timestamp at line 105: 11/01/2025 09:36:00 AM -EventID: 4625
2025-11-27 12:30:02,013 | WARNING | Bad timestamp at line 106: 11/01/2025 09:36:00 AM -EventID: 4625
2025-11-27 12:30:02,013 | WARNING | Bad timestamp at line 107: 11/01/2025 09:39:00 AM -EventID: 4625
2025-11-27 12:30:02,013 | WARNING | Bad timestamp at line 109: 11/01/2025 09:36:00 AM -EventID: 4625
2025-11-27 12:30:02,014 | WARNING | Bad timestamp at line 110: 11/01/2025 09:39:00 AM -EventID: 4625
2025-11-27 12:30:02,014 | WARNING | Bad timestamp at line 111: 11/01/2025 09:39:00 AM -EventID: 4625
2025-11-27 12:30:02,014 | WARNING | Bad timestamp at line 112: 11/01/2025 09:39:00 AM -EventID: 4625
2025-11-27 12:30:02,014 | WARNING | Bad timestamp at line 113: 11/01/2025 09:39:00 AM -EventID: 4625
2025-11-27 12:30:02,014 | WARNING | Bad timestamp at line 114: 11/01/2025 09:42:00 AM -EventID: 4625
2025-11-27 12:30:02,014 | WARNING | Bad timestamp at line 115: 11/01/2025 09:33:00 AM -EventID: 4625
2025-11-27 12:30:02,014 | WARNING | Bad timestamp at line 116: 11/01/2025 09:39:00 AM -EventID: 4625
2025-11-27 12:30:02,014 | WARNING | Bad timestamp at line 117: 11/01/2025 09:36:00 AM -EventID: 4625
2025-11-27 12:30:02,014 | WARNING | Bad timestamp at line 118: 11/01/2025 09:39:00 AM -EventID: 4625
2025-11-27 12:30:02,014 | WARNING | Bad timestamp at line 119: 11/01/2025 09:39:00 AM -EventID: 4625
2025-11-27 12:30:02,014 | WARNING | Bad timestamp at line 120: 11/01/2025 09:36:00 AM -EventID: 4625
2025-11-27 12:30:02,014 | WARNING | Bad timestamp at line 121: 11/01/2025 09:30:00 AM -EventID: 4625
2025-11-27 12:30:02,014 | WARNING | Bad timestamp at line 122: 11/01/2025 09:36:00 AM -EventID: 4625
2025-11-27 12:30:02,014 | WARNING | Bad timestamp at line 123: 11/01/2025 09:33:00 AM -EventID: 4625
2025-11-27 12:30:02,014 | WARNING | Bad timestamp at line 124: 11/01/2025 09:42:00 AM -EventID: 4625
2025-11-27 12:30:02,014 | WARNING | Bad timestamp at line 125: 11/01/2025 09:30:00 AM -EventID: 4625
2025-11-27 12:30:02,014 | WARNING | Bad timestamp at line 126: 11/01/2025 09:42:00 AM -EventID: 4625
2025-11-27 12:30:02,015 | WARNING | Bad timestamp at line 127: 11/01/2025 09:30:00 AM -EventID: 4625
2025-11-27 12:30:02,015 | WARNING | Bad timestamp at line 128: 11/01/2025 09:30:00 AM -EventID: 4625
2025-11-27 12:30:02,015 | WARNING | Bad timestamp at line 129: 11/01/2025 09:42:00 AM -EventID: 4625
2025-11-27 12:30:02,015 | WARNING | Bad timestamp at line 130: 11/01/2025 09:39:00 AM -EventID: 4625
2025-11-27 12:30:02,015 | WARNING | Bad timestamp at line 131: 11/01/2025 09:30:00 AM -EventID: 4625
2025-11-27 12:30:02,015 | WARNING | Bad timestamp at line 132: 11/01/2025 09:36:00 AM -EventID: 4625
2025-11-27 12:30:02,015 | WARNING | Bad timestamp at line 133: 11/01/2025 09:30:00 AM -EventID: 4625
2025-11-27 12:30:02,015 | WARNING | Bad timestamp at line 134: 11/01/2025 09:33:00 AM -EventID: 4625
2025-11-27 12:30:02,015 | WARNING | Bad timestamp at line 135: 11/01/2025 09:36:00 AM -EventID: 4625
2025-11-27 12:30:02,015 | WARNING | Bad timestamp at line 136: 11/01/2025 09:42:00 AM -EventID: 4625
2025-11-27 12:30:02,015 | WARNING | Bad timestamp at line 137: 11/01/2025 09:33:00 AM -EventID: 4625
2025-11-27 12:30:02,015 | WARNING | Bad timestamp at line 138: 11/01/2025 09:30:00 AM -EventID: 4625
2025-11-27 12:30:02,015 | WARNING | Bad timestamp at line 139: 11/01/2025 09:33:00 AM -EventID: 4625
2025-11-27 12:30:02,015 | WARNING | Bad timestamp at line 141: 11/01/2025 09:42:00 AM -EventID: 4625
2025-11-27 12:30:02,015 | WARNING | Bad timestamp at line 142: 11/01/2025 09:30:00 AM -EventID: 4625
2025-11-27 12:30:02,015 | WARNING | Bad timestamp at line 143: 11/01/2025 09:36:00 AM -EventID: 4625
2025-11-27 12:30:02,015 | WARNING | Bad timestamp at line 144: 11/01/2025 09:30:00 AM -EventID: 4625
2025-11-27 12:30:02,016 | INFO | Parsed 0 failed logins
2025-11-27 12:30:02,016 | INFO | Exported 0 alert(s) to month1/alerts.json
2025-11-27 12:30:02,016 | INFO | No alerts generated.
2025-11-27 12:35:01,130 | INFO | === BRUTE-FORCE DETECTOR STARTED ===
2025-11-27 12:35:01,130 | INFO | Config: {'log_file': 'month1/fake_auth.log', 'output_file': 'month1/alerts.json', 'threshold_count': 3, 'time_window_minutes': 15, 'log_level': 'INFO', 'alert_title': 'BRUTE_FORCE_15MIN', 'smtp_server': 'smtp.gmail.com', 'smtp_port': 587, 'email_from': 'suleephraim1@gmail.com', 'email_to': 'cyberlootkeeper@gmail.com', 'email_password': 'uwijddtfwdtmmony'}
2025-11-27 12:35:01,135 | WARNING | Bad timestamp at line 5: 11/01/2025 09:42:00 AM -EventID: 4625
2025-11-27 12:35:01,135 | WARNING | Bad timestamp at line 6: 11/01/2025 09:30:00 AM -EventID: 4625
2025-11-27 12:35:01,136 | WARNING | Bad timestamp at line 7: 11/01/2025 09:36:00 AM -EventID: 4625
2025-11-27 12:35:01,136 | WARNING | Bad timestamp at line 8: 11/01/2025 09:33:00 AM -EventID: 4625
2025-11-27 12:35:01,136 | WARNING | Bad timestamp at line 10: 11/01/2025 09:36:00 AM -EventID: 4625
2025-11-27 12:35:01,136 | WARNING | Bad timestamp at line 12: 11/01/2025 09:33:00 AM -EventID: 4625
2025-11-27 12:35:01,136 | WARNING | Bad timestamp at line 13: 11/01/2025 09:33:00 AM -EventID: 4625
2025-11-27 12:35:01,136 | WARNING | Bad timestamp at line 14: 11/01/2025 09:30:00 AM -EventID: 4625
2025-11-27 12:35:01,136 | WARNING | Bad timestamp at line 15: 11/01/2025 09:36:00 AM -EventID: 4625
2025-11-27 12:35:01,137 | WARNING | Bad timestamp at line 17: 11/01/2025 09:33:00 AM -EventID: 4625
2025-11-27 12:35:01,137 | WARNING | Bad timestamp at line 18: 11/01/2025 09:30:00 AM -EventID: 4625
2025-11-27 12:35:01,137 | WARNING | Bad timestamp at line 19: 11/01/2025 09:33:00 AM -EventID: 4625
2025-11-27 12:35:01,137 | WARNING | Bad timestamp at line 21: 11/01/2025 09:42:00 AM -EventID: 4625
2025-11-27 12:35:01,137 | WARNING | Bad timestamp at line 22: 11/01/2025 09:39:00 AM -EventID: 4625
2025-11-27 12:35:01,137 | WARNING | Bad timestamp at line 23: 11/01/2025 09:36:00 AM -EventID: 4625
2025-11-27 12:35:01,137 | WARNING | Bad timestamp at line 25: 11/01/2025 09:33:00 AM -EventID: 4625
2025-11-27 12:35:01,137 | WARNING | Bad timestamp at line 26: 11/01/2025 09:33:00 AM -EventID: 4625
2025-11-27 12:35:01,138 | WARNING | Bad timestamp at line 27: 11/01/2025 09:39:00 AM -EventID: 4625
2025-11-27 12:35:01,138 | WARNING | Bad timestamp at line 28: 11/01/2025 09:42:00 AM -EventID: 4625
2025-11-27 12:35:01,138 | WARNING | Bad timestamp at line 29: 11/01/2025 09:42:00 AM -EventID: 4625
2025-11-27 12:35:01,138 | WARNING | Bad timestamp at line 30: 11/01/2025 09:36:00 AM -EventID: 4625
2025-11-27 12:35:01,138 | WARNING | Bad timestamp at line 31: 11/01/2025 09:36:00 AM -EventID: 4625
2025-11-27 12:35:01,138 | WARNING | Bad timestamp at line 32: 11/01/2025 09:30:00 AM -EventID: 4625
2025-11-27 12:35:01,138 | WARNING | Bad timestamp at line 33: 11/01/2025 09:36:00 AM -EventID: 4625
2025-11-27 12:35:01,138 | WARNING | Bad timestamp at line 34: 11/01/2025 09:42:00 AM -EventID: 4625
2025-11-27 12:35:01,139 | WARNING | Bad timestamp at line 35: 11/01/2025 09:39:00 AM -EventID: 4625
2025-11-27 12:35:01,139 | WARNING | Bad timestamp at line 36: 11/01/2025 09:39:00 AM -EventID: 4625
2025-11-27 12:35:01,139 | WARNING | Bad timestamp at line 37: 11/01/2025 09:39:00 AM -EventID: 4625
2025-11-27 12:35:01,139 | WARNING | Bad timestamp at line 38: 11/01/2025 09:42:00 AM -EventID: 4625
2025-11-27 12:35:01,139 | WARNING | Bad timestamp at line 39: 11/01/2025 09:30:00 AM -EventID: 4625
2025-11-27 12:35:01,139 | WARNING | Bad timestamp at line 40: 11/01/2025 09:33:00 AM -EventID: 4625
2025-11-27 12:35:01,139 | WARNING | Bad timestamp at line 41: 11/01/2025 09:30:00 AM -EventID: 4625
2025-11-27 12:35:01,139 | WARNING | Bad timestamp at line 43: 11/01/2025 09:39:00 AM -EventID: 4625
2025-11-27 12:35:01,140 | WARNING | Bad timestamp at line 44: 11/01/2025 09:36:00 AM -EventID: 4625
2025-11-27 12:35:01,140 | WARNING | Bad timestamp at line 45: 11/01/2025 09:30:00 AM -EventID: 4625
2025-11-27 12:35:01,140 | WARNING | Bad timestamp at line 46: 11/01/2025 09:42:00 AM -EventID: 4625
2025-11-27 12:35:01,140 | WARNING | Bad timestamp at line 47: 11/01/2025 09:36:00 AM -EventID: 4625
2025-11-27 12:35:01,140 | WARNING | Bad timestamp at line 48: 11/01/2025 09:42:00 AM -EventID: 4625
2025-11-27 12:35:01,140 | WARNING | Bad timestamp at line 49: 11/01/2025 09:42:00 AM -EventID: 4625
2025-11-27 12:35:01,140 | WARNING | Bad timestamp at line 50: 11/01/2025 09:42:00 AM -EventID: 4625
2025-11-27 12:35:01,140 | WARNING | Bad timestamp at line 51: 11/01/2025 09:39:00 AM -EventID: 4625
2025-11-27 12:35:01,140 | WARNING | Bad timestamp at line 52: 11/01/2025 09:42:00 AM -EventID: 4625
2025-11-27 12:35:01,141 | WARNING | Bad timestamp at line 53: 11/01/2025 09:30:00 AM -EventID: 4625
2025-11-27 12:35:01,141 | WARNING | Bad timestamp at line 54: 11/01/2025 09:30:00 AM -EventID: 4625
2025-11-27 12:35:01,141 | WARNING | Bad timestamp at line 55: 11/01/2025 09:30:00 AM -EventID: 4625
2025-11-27 12:35:01,141 | WARNING | Bad timestamp at line 56: 11/01/2025 09:33:00 AM -EventID: 4625
2025-11-27 12:35:01,141 | WARNING | Bad timestamp at line 58: 11/01/2025 09:42:00 AM -EventID: 4625
2025-11-27 12:35:01,141 | WARNING | Bad timestamp at line 59: 11/01/2025 09:36:00 AM -EventID: 4625
2025-11-27 12:35:01,141 | WARNING | Bad timestamp at line 60: 11/01/2025 09:36:00 AM -EventID: 4625
2025-11-27 12:35:01,141 | WARNING | Bad timestamp at line 61: 11/01/2025 09:33:00 AM -EventID: 4625
2025-11-27 12:35:01,141 | WARNING | Bad timestamp at line 62: 11/01/2025 09:42:00 AM -EventID: 4625
2025-11-27 12:35:01,141 | WARNING | Bad timestamp at line 64: 11/01/2025 09:30:00 AM -EventID: 4625
2025-11-27 12:35:01,142 | WARNING | Bad timestamp at line 65: 11/01/2025 09:39:00 AM -EventID: 4625
2025-11-27 12:35:01,142 | WARNING | Bad timestamp at line 66: 11/01/2025 09:42:00 AM -EventID: 4625
2025-11-27 12:35:01,142 | WARNING | Bad timestamp at line 67: 11/01/2025 09:39:00 AM -EventID: 4625
2025-11-27 12:35:01,142 | WARNING | Bad timestamp at line 68: 11/01/2025 09:36:00 AM -EventID: 4625
2025-11-27 12:35:01,142 | WARNING | Bad timestamp at line 69: 11/01/2025 09:42:00 AM -EventID: 4625
2025-11-27 12:35:01,142 | WARNING | Bad timestamp at line 70: 11/01/2025 09:39:00 AM -EventID: 4625
2025-11-27 12:35:01,142 | WARNING | Bad timestamp at line 72: 11/01/2025 09:36:00 AM -EventID: 4625
2025-11-27 12:35:01,142 | WARNING | Bad timestamp at line 73: 11/01/2025 09:42:00 AM -EventID: 4625
2025-11-27 12:35:01,142 | WARNING | Bad timestamp at line 75: 11/01/2025 09:33:00 AM -EventID: 4625
2025-11-27 12:35:01,143 | WARNING | Bad timestamp at line 76: 11/01/2025 09:39:00 AM -EventID: 4625
2025-11-27 12:35:01,143 | WARNING | Bad timestamp at line 78: 11/01/2025 09:42:00 AM -EventID: 4625
2025-11-27 12:35:01,143 | WARNING | Bad timestamp at line 79: 11/01/2025 09:36:00 AM -EventID: 4625
2025-11-27 12:35:01,143 | WARNING | Bad timestamp at line 80: 11/01/2025 09:42:00 AM -EventID: 4625
2025-11-27 12:35:01,143 | WARNING | Bad timestamp at line 81: 11/01/2025 09:30:00 AM -EventID: 4625
2025-11-27 12:35:01,143 | WARNING | Bad timestamp at line 82: 11/01/2025 09:30:00 AM -EventID: 4625
2025-11-27 12:35:01,143 | WARNING | Bad timestamp at line 83: 11/01/2025 09:39:00 AM -EventID: 4625
2025-11-27 12:35:01,143 | WARNING | Bad timestamp at line 84: 11/01/2025 09:33:00 AM -EventID: 4625
2025-11-27 12:35:01,143 | WARNING | Bad timestamp at line 85: 11/01/2025 09:39:00 AM -EventID: 4625
2025-11-27 12:35:01,143 | WARNING | Bad timestamp at line 86: 11/01/2025 09:42:00 AM -EventID: 4625
2025-11-27 12:35:01,144 | WARNING | Bad timestamp at line 87: 11/01/2025 09:33:00 AM -EventID: 4625
2025-11-27 12:35:01,144 | WARNING | Bad timestamp at line 88: 11/01/2025 09:33:00 AM -EventID: 4625
2025-11-27 12:35:01,144 | WARNING | Bad timestamp at line 89: 11/01/2025 09:39:00 AM -EventID: 4625
2025-11-27 12:35:01,144 | WARNING | Bad timestamp at line 90: 11/01/2025 09:36:00 AM -EventID: 4625
2025-11-27 12:35:01,144 | WARNING | Bad timestamp at line 91: 11/01/2025 09:39:00 AM -EventID: 4625
2025-11-27 12:35:01,144 | WARNING | Bad timestamp at line 92: 11/01/2025 09:33:00 AM -EventID: 4625
2025-11-27 12:35:01,144 | WARNING | Bad timestamp at line 95: 11/01/2025 09:30:00 AM -EventID: 4625
2025-11-27 12:35:01,144 | WARNING | Bad timestamp at line 96: 11/01/2025 09:33:00 AM -EventID: 4625
2025-11-27 12:35:01,144 | WARNING | Bad timestamp at line 97: 11/01/2025 09:33:00 AM -EventID: 4625
2025-11-27 12:35:01,144 | WARNING | Bad timestamp at line 98: 11/01/2025 09:33:00 AM -EventID: 4625
2025-11-27 12:35:01,145 | WARNING | Bad timestamp at line 99: 11/01/2025 09:39:00 AM -EventID: 4625
2025-11-27 12:35:01,145 | WARNING | Bad timestamp at line 100: 11/01/2025 09:33:00 AM -EventID: 4625
2025-11-27 12:35:01,145 | WARNING | Bad timestamp at line 101: 11/01/2025 09:33:00 AM -EventID: 4625
2025-11-27 12:35:01,145 | WARNING | Bad timestamp at line 102: 11/01/2025 09:36:00 AM -EventID: 4625
2025-11-27 12:35:01,145 | WARNING | Bad timestamp at line 103: 11/01/2025 09:30:00 AM -EventID: 4625
2025-11-27 12:35:01,145 | WARNING | Bad timestamp at line 104: 11/01/2025 09:30:00 AM -EventID: 4625
2025-11-27 12:35:01,145 | WARNING | Bad timestamp at line 105: 11/01/2025 09:36:00 AM -EventID: 4625
2025-11-27 12:35:01,145 | WARNING | Bad timestamp at line 106: 11/01/2025 09:36:00 AM -EventID: 4625
2025-11-27 12:35:01,145 | WARNING | Bad timestamp at line 107: 11/01/2025 09:39:00 AM -EventID: 4625
2025-11-27 12:35:01,145 | WARNING | Bad timestamp at line 109: 11/01/2025 09:36:00 AM -EventID: 4625
2025-11-27 12:35:01,146 | WARNING | Bad timestamp at line 110: 11/01/2025 09:39:00 AM -EventID: 4625
2025-11-27 12:35:01,146 | WARNING | Bad timestamp at line 111: 11/01/2025 09:39:00 AM -EventID: 4625
2025-11-27 12:35:01,146 | WARNING | Bad timestamp at line 112: 11/01/2025 09:39:00 AM -EventID: 4625
2025-11-27 12:35:01,146 | WARNING | Bad timestamp at line 113: 11/01/2025 09:39:00 AM -EventID: 4625
2025-11-27 12:35:01,146 | WARNING | Bad timestamp at line 114: 11/01/2025 09:42:00 AM -EventID: 4625
2025-11-27 12:35:01,146 | WARNING | Bad timestamp at line 115: 11/01/2025 09:33:00 AM -EventID: 4625
2025-11-27 12:35:01,146 | WARNING | Bad timestamp at line 116: 11/01/2025 09:39:00 AM -EventID: 4625
2025-11-27 12:35:01,146 | WARNING | Bad timestamp at line 117: 11/01/2025 09:36:00 AM -EventID: 4625
2025-11-27 12:35:01,146 | WARNING | Bad timestamp at line 118: 11/01/2025 09:39:00 AM -EventID: 4625
2025-11-27 12:35:01,147 | WARNING | Bad timestamp at line 119: 11/01/2025 09:39:00 AM -EventID: 4625
2025-11-27 12:35:01,147 | WARNING | Bad timestamp at line 120: 11/01/2025 09:36:00 AM -EventID: 4625
2025-11-27 12:35:01,147 | WARNING | Bad timestamp at line 121: 11/01/2025 09:30:00 AM -EventID: 4625
2025-11-27 12:35:01,147 | WARNING | Bad timestamp at line 122: 11/01/2025 09:36:00 AM -EventID: 4625
2025-11-27 12:35:01,147 | WARNING | Bad timestamp at line 123: 11/01/2025 09:33:00 AM -EventID: 4625
2025-11-27 12:35:01,147 | WARNING | Bad timestamp at line 124: 11/01/2025 09:42:00 AM -EventID: 4625
2025-11-27 12:35:01,147 | WARNING | Bad timestamp at line 125: 11/01/2025 09:30:00 AM -EventID: 4625
2025-11-27 12:35:01,147 | WARNING | Bad timestamp at line 126: 11/01/2025 09:42:00 AM -EventID: 4625
2025-11-27 12:35:01,147 | WARNING | Bad timestamp at line 127: 11/01/2025 09:30:00 AM -EventID: 4625
2025-11-27 12:35:01,147 | WARNING | Bad timestamp at line 128: 11/01/2025 09:30:00 AM -EventID: 4625
2025-11-27 12:35:01,148 | WARNING | Bad timestamp at line 129: 11/01/2025 09:42:00 AM -EventID: 4625
2025-11-27 12:35:01,148 | WARNING | Bad timestamp at line 130: 11/01/2025 09:39:00 AM -EventID: 4625
2025-11-27 12:35:01,148 | WARNING | Bad timestamp at line 131: 11/01/2025 09:30:00 AM -EventID: 4625
2025-11-27 12:35:01,148 | WARNING | Bad timestamp at line 132: 11/01/2025 09:36:00 AM -EventID: 4625
2025-11-27 12:35:01,148 | WARNING | Bad timestamp at line 133: 11/01/2025 09:30:00 AM -EventID: 4625
2025-11-27 12:35:01,148 | WARNING | Bad timestamp at line 134: 11/01/2025 09:33:00 AM -EventID: 4625
2025-11-27 12:35:01,148 | WARNING | Bad timestamp at line 135: 11/01/2025 09:36:00 AM -EventID: 4625
2025-11-27 12:35:01,148 | WARNING | Bad timestamp at line 136: 11/01/2025 09:42:00 AM -EventID: 4625
2025-11-27 12:35:01,148 | WARNING | Bad timestamp at line 137: 11/01/2025 09:33:00 AM -EventID: 4625
2025-11-27 12:35:01,148 | WARNING | Bad timestamp at line 138: 11/01/2025 09:30:00 AM -EventID: 4625
2025-11-27 12:35:01,149 | WARNING | Bad timestamp at line 139: 11/01/2025 09:33:00 AM -EventID: 4625
2025-11-27 12:35:01,149 | WARNING | Bad timestamp at line 141: 11/01/2025 09:42:00 AM -EventID: 4625
2025-11-27 12:35:01,149 | WARNING | Bad timestamp at line 142: 11/01/2025 09:30:00 AM -EventID: 4625
2025-11-27 12:35:01,149 | WARNING | Bad timestamp at line 143: 11/01/2025 09:36:00 AM -EventID: 4625
2025-11-27 12:35:01,149 | WARNING | Bad timestamp at line 144: 11/01/2025 09:30:00 AM -EventID: 4625
2025-11-27 12:35:01,149 | INFO | Parsed 0 failed logins
2025-11-27 12:35:01,149 | INFO | Exported 0 alert(s) to month1/alerts.json
2025-11-27 12:35:01,150 | INFO | No alerts generated.
2025-11-27 12:40:01,246 | INFO | === BRUTE-FORCE DETECTOR STARTED ===
2025-11-27 12:40:01,246 | INFO | Config: {'log_file': 'month1/fake_auth.log', 'output_file': 'month1/alerts.json', 'threshold_count': 3, 'time_window_minutes': 15, 'log_level': 'INFO', 'alert_title': 'BRUTE_FORCE_15MIN', 'smtp_server': 'smtp.gmail.com', 'smtp_port': 587, 'email_from': 'suleephraim1@gmail.com', 'email_to': 'cyberlootkeeper@gmail.com', 'email_password': 'uwijddtfwdtmmony'}
2025-11-27 12:40:01,251 | WARNING | Bad timestamp at line 5: 11/01/2025 09:42:00 AM -EventID: 4625
2025-11-27 12:40:01,251 | WARNING | Bad timestamp at line 6: 11/01/2025 09:30:00 AM -EventID: 4625
2025-11-27 12:40:01,251 | WARNING | Bad timestamp at line 7: 11/01/2025 09:36:00 AM -EventID: 4625
2025-11-27 12:40:01,251 | WARNING | Bad timestamp at line 8: 11/01/2025 09:33:00 AM -EventID: 4625
2025-11-27 12:40:01,252 | WARNING | Bad timestamp at line 10: 11/01/2025 09:36:00 AM -EventID: 4625
2025-11-27 12:40:01,252 | WARNING | Bad timestamp at line 12: 11/01/2025 09:33:00 AM -EventID: 4625
2025-11-27 12:40:01,252 | WARNING | Bad timestamp at line 13: 11/01/2025 09:33:00 AM -EventID: 4625
2025-11-27 12:40:01,252 | WARNING | Bad timestamp at line 14: 11/01/2025 09:30:00 AM -EventID: 4625
2025-11-27 12:40:01,252 | WARNING | Bad timestamp at line 15: 11/01/2025 09:36:00 AM -EventID: 4625
2025-11-27 12:40:01,252 | WARNING | Bad timestamp at line 17: 11/01/2025 09:33:00 AM -EventID: 4625
2025-11-27 12:40:01,252 | WARNING | Bad timestamp at line 18: 11/01/2025 09:30:00 AM -EventID: 4625
2025-11-27 12:40:01,252 | WARNING | Bad timestamp at line 19: 11/01/2025 09:33:00 AM -EventID: 4625
2025-11-27 12:40:01,253 | WARNING | Bad timestamp at line 21: 11/01/2025 09:42:00 AM -EventID: 4625
2025-11-27 12:40:01,253 | WARNING | Bad timestamp at line 22: 11/01/2025 09:39:00 AM -EventID: 4625
2025-11-27 12:40:01,253 | WARNING | Bad timestamp at line 23: 11/01/2025 09:36:00 AM -EventID: 4625
2025-11-27 12:40:01,253 | WARNING | Bad timestamp at line 25: 11/01/2025 09:33:00 AM -EventID: 4625
2025-11-27 12:40:01,253 | WARNING | Bad timestamp at line 26: 11/01/2025 09:33:00 AM -EventID: 4625
2025-11-27 12:40:01,253 | WARNING | Bad timestamp at line 27: 11/01/2025 09:39:00 AM -EventID: 4625
2025-11-27 12:40:01,253 | WARNING | Bad timestamp at line 28: 11/01/2025 09:42:00 AM -EventID: 4625
2025-11-27 12:40:01,253 | WARNING | Bad timestamp at line 29: 11/01/2025 09:42:00 AM -EventID: 4625
2025-11-27 12:40:01,253 | WARNING | Bad timestamp at line 30: 11/01/2025 09:36:00 AM -EventID: 4625
2025-11-27 12:40:01,254 | WARNING | Bad timestamp at line 31: 11/01/2025 09:36:00 AM -EventID: 4625
2025-11-27 12:40:01,254 | WARNING | Bad timestamp at line 32: 11/01/2025 09:30:00 AM -EventID: 4625
2025-11-27 12:40:01,254 | WARNING | Bad timestamp at line 33: 11/01/2025 09:36:00 AM -EventID: 4625
2025-11-27 12:40:01,254 | WARNING | Bad timestamp at line 34: 11/01/2025 09:42:00 AM -EventID: 4625
2025-11-27 12:40:01,254 | WARNING | Bad timestamp at line 35: 11/01/2025 09:39:00 AM -EventID: 4625
2025-11-27 12:40:01,254 | WARNING | Bad timestamp at line 36: 11/01/2025 09:39:00 AM -EventID: 4625
2025-11-27 12:40:01,254 | WARNING | Bad timestamp at line 37: 11/01/2025 09:39:00 AM -EventID: 4625
2025-11-27 12:40:01,254 | WARNING | Bad timestamp at line 38: 11/01/2025 09:42:00 AM -EventID: 4625
2025-11-27 12:40:01,255 | WARNING | Bad timestamp at line 39: 11/01/2025 09:30:00 AM -EventID: 4625
2025-11-27 12:40:01,255 | WARNING | Bad timestamp at line 40: 11/01/2025 09:33:00 AM -EventID: 4625
2025-11-27 12:40:01,255 | WARNING | Bad timestamp at line 41: 11/01/2025 09:30:00 AM -EventID: 4625
2025-11-27 12:40:01,255 | WARNING | Bad timestamp at line 43: 11/01/2025 09:39:00 AM -EventID: 4625
2025-11-27 12:40:01,255 | WARNING | Bad timestamp at line 44: 11/01/2025 09:36:00 AM -EventID: 4625
2025-11-27 12:40:01,255 | WARNING | Bad timestamp at line 45: 11/01/2025 09:30:00 AM -EventID: 4625
2025-11-27 12:40:01,255 | WARNING | Bad timestamp at line 46: 11/01/2025 09:42:00 AM -EventID: 4625
2025-11-27 12:40:01,255 | WARNING | Bad timestamp at line 47: 11/01/2025 09:36:00 AM -EventID: 4625
2025-11-27 12:40:01,255 | WARNING | Bad timestamp at line 48: 11/01/2025 09:42:00 AM -EventID: 4625
2025-11-27 12:40:01,255 | WARNING | Bad timestamp at line 49: 11/01/2025 09:42:00 AM -EventID: 4625
2025-11-27 12:40:01,256 | WARNING | Bad timestamp at line 50: 11/01/2025 09:42:00 AM -EventID: 4625
2025-11-27 12:40:01,256 | WARNING | Bad timestamp at line 51: 11/01/2025 09:39:00 AM -EventID: 4625
2025-11-27 12:40:01,256 | WARNING | Bad timestamp at line 52: 11/01/2025 09:42:00 AM -EventID: 4625
2025-11-27 12:40:01,256 | WARNING | Bad timestamp at line 53: 11/01/2025 09:30:00 AM -EventID: 4625
2025-11-27 12:40:01,256 | WARNING | Bad timestamp at line 54: 11/01/2025 09:30:00 AM -EventID: 4625
2025-11-27 12:40:01,256 | WARNING | Bad timestamp at line 55: 11/01/2025 09:30:00 AM -EventID: 4625
2025-11-27 12:40:01,256 | WARNING | Bad timestamp at line 56: 11/01/2025 09:33:00 AM -EventID: 4625
2025-11-27 12:40:01,256 | WARNING | Bad timestamp at line 58: 11/01/2025 09:42:00 AM -EventID: 4625
2025-11-27 12:40:01,256 | WARNING | Bad timestamp at line 59: 11/01/2025 09:36:00 AM -EventID: 4625
2025-11-27 12:40:01,257 | WARNING | Bad timestamp at line 60: 11/01/2025 09:36:00 AM -EventID: 4625
2025-11-27 12:40:01,257 | WARNING | Bad timestamp at line 61: 11/01/2025 09:33:00 AM -EventID: 4625
2025-11-27 12:40:01,257 | WARNING | Bad timestamp at line 62: 11/01/2025 09:42:00 AM -EventID: 4625
2025-11-27 12:40:01,257 | WARNING | Bad timestamp at line 64: 11/01/2025 09:30:00 AM -EventID: 4625
2025-11-27 12:40:01,257 | WARNING | Bad timestamp at line 65: 11/01/2025 09:39:00 AM -EventID: 4625
2025-11-27 12:40:01,257 | WARNING | Bad timestamp at line 66: 11/01/2025 09:42:00 AM -EventID: 4625
2025-11-27 12:40:01,257 | WARNING | Bad timestamp at line 67: 11/01/2025 09:39:00 AM -EventID: 4625
2025-11-27 12:40:01,257 | WARNING | Bad timestamp at line 68: 11/01/2025 09:36:00 AM -EventID: 4625
2025-11-27 12:40:01,257 | WARNING | Bad timestamp at line 69: 11/01/2025 09:42:00 AM -EventID: 4625
2025-11-27 12:40:01,258 | WARNING | Bad timestamp at line 70: 11/01/2025 09:39:00 AM -EventID: 4625
2025-11-27 12:40:01,258 | WARNING | Bad timestamp at line 72: 11/01/2025 09:36:00 AM -EventID: 4625
2025-11-27 12:40:01,258 | WARNING | Bad timestamp at line 73: 11/01/2025 09:42:00 AM -EventID: 4625
2025-11-27 12:40:01,258 | WARNING | Bad timestamp at line 75: 11/01/2025 09:33:00 AM -EventID: 4625
2025-11-27 12:40:01,258 | WARNING | Bad timestamp at line 76: 11/01/2025 09:39:00 AM -EventID: 4625
2025-11-27 12:40:01,258 | WARNING | Bad timestamp at line 78: 11/01/2025 09:42:00 AM -EventID: 4625
2025-11-27 12:40:01,258 | WARNING | Bad timestamp at line 79: 11/01/2025 09:36:00 AM -EventID: 4625
2025-11-27 12:40:01,258 | WARNING | Bad timestamp at line 80: 11/01/2025 09:42:00 AM -EventID: 4625
2025-11-27 12:40:01,259 | WARNING | Bad timestamp at line 81: 11/01/2025 09:30:00 AM -EventID: 4625
2025-11-27 12:40:01,259 | WARNING | Bad timestamp at line 82: 11/01/2025 09:30:00 AM -EventID: 4625
2025-11-27 12:40:01,259 | WARNING | Bad timestamp at line 83: 11/01/2025 09:39:00 AM -EventID: 4625
2025-11-27 12:40:01,259 | WARNING | Bad timestamp at line 84: 11/01/2025 09:33:00 AM -EventID: 4625
2025-11-27 12:40:01,259 | WARNING | Bad timestamp at line 85: 11/01/2025 09:39:00 AM -EventID: 4625
2025-11-27 12:40:01,259 | WARNING | Bad timestamp at line 86: 11/01/2025 09:42:00 AM -EventID: 4625
2025-11-27 12:40:01,259 | WARNING | Bad timestamp at line 87: 11/01/2025 09:33:00 AM -EventID: 4625
2025-11-27 12:40:01,259 | WARNING | Bad timestamp at line 88: 11/01/2025 09:33:00 AM -EventID: 4625
2025-11-27 12:40:01,259 | WARNING | Bad timestamp at line 89: 11/01/2025 09:39:00 AM -EventID: 4625
2025-11-27 12:40:01,259 | WARNING | Bad timestamp at line 90: 11/01/2025 09:36:00 AM -EventID: 4625
2025-11-27 12:40:01,260 | WARNING | Bad timestamp at line 91: 11/01/2025 09:39:00 AM -EventID: 4625
2025-11-27 12:40:01,260 | WARNING | Bad timestamp at line 92: 11/01/2025 09:33:00 AM -EventID: 4625
2025-11-27 12:40:01,260 | WARNING | Bad timestamp at line 95: 11/01/2025 09:30:00 AM -EventID: 4625
2025-11-27 12:40:01,260 | WARNING | Bad timestamp at line 96: 11/01/2025 09:33:00 AM -EventID: 4625
2025-11-27 12:40:01,260 | WARNING | Bad timestamp at line 97: 11/01/2025 09:33:00 AM -EventID: 4625
2025-11-27 12:40:01,260 | WARNING | Bad timestamp at line 98: 11/01/2025 09:33:00 AM -EventID: 4625
2025-11-27 12:40:01,260 | WARNING | Bad timestamp at line 99: 11/01/2025 09:39:00 AM -EventID: 4625
2025-11-27 12:40:01,260 | WARNING | Bad timestamp at line 100: 11/01/2025 09:33:00 AM -EventID: 4625
2025-11-27 12:40:01,260 | WARNING | Bad timestamp at line 101: 11/01/2025 09:33:00 AM -EventID: 4625
2025-11-27 12:40:01,260 | WARNING | Bad timestamp at line 102: 11/01/2025 09:36:00 AM -EventID: 4625
2025-11-27 12:40:01,260 | WARNING | Bad timestamp at line 103: 11/01/2025 09:30:00 AM -EventID: 4625
2025-11-27 12:40:01,260 | WARNING | Bad timestamp at line 104: 11/01/2025 09:30:00 AM -EventID: 4625
2025-11-27 12:40:01,260 | WARNING | Bad timestamp at line 105: 11/01/2025 09:36:00 AM -EventID: 4625
2025-11-27 12:40:01,260 | WARNING | Bad timestamp at line 106: 11/01/2025 09:36:00 AM -EventID: 4625
2025-11-27 12:40:01,260 | WARNING | Bad timestamp at line 107: 11/01/2025 09:39:00 AM -EventID: 4625
2025-11-27 12:40:01,260 | WARNING | Bad timestamp at line 109: 11/01/2025 09:36:00 AM -EventID: 4625
2025-11-27 12:40:01,260 | WARNING | Bad timestamp at line 110: 11/01/2025 09:39:00 AM -EventID: 4625
2025-11-27 12:40:01,261 | WARNING | Bad timestamp at line 111: 11/01/2025 09:39:00 AM -EventID: 4625
2025-11-27 12:40:01,261 | WARNING | Bad timestamp at line 112: 11/01/2025 09:39:00 AM -EventID: 4625
2025-11-27 12:40:01,261 | WARNING | Bad timestamp at line 113: 11/01/2025 09:39:00 AM -EventID: 4625
2025-11-27 12:40:01,261 | WARNING | Bad timestamp at line 114: 11/01/2025 09:42:00 AM -EventID: 4625
2025-11-27 12:40:01,261 | WARNING | Bad timestamp at line 115: 11/01/2025 09:33:00 AM -EventID: 4625
2025-11-27 12:40:01,261 | WARNING | Bad timestamp at line 116: 11/01/2025 09:39:00 AM -EventID: 4625
2025-11-27 12:40:01,261 | WARNING | Bad timestamp at line 117: 11/01/2025 09:36:00 AM -EventID: 4625
2025-11-27 12:40:01,261 | WARNING | Bad timestamp at line 118: 11/01/2025 09:39:00 AM -EventID: 4625
2025-11-27 12:40:01,261 | WARNING | Bad timestamp at line 119: 11/01/2025 09:39:00 AM -EventID: 4625
2025-11-27 12:40:01,261 | WARNING | Bad timestamp at line 120: 11/01/2025 09:36:00 AM -EventID: 4625
2025-11-27 12:40:01,261 | WARNING | Bad timestamp at line 121: 11/01/2025 09:30:00 AM -EventID: 4625
2025-11-27 12:40:01,261 | WARNING | Bad timestamp at line 122: 11/01/2025 09:36:00 AM -EventID: 4625
2025-11-27 12:40:01,261 | WARNING | Bad timestamp at line 123: 11/01/2025 09:33:00 AM -EventID: 4625
2025-11-27 12:40:01,261 | WARNING | Bad timestamp at line 124: 11/01/2025 09:42:00 AM -EventID: 4625
2025-11-27 12:40:01,261 | WARNING | Bad timestamp at line 125: 11/01/2025 09:30:00 AM -EventID: 4625
2025-11-27 12:40:01,261 | WARNING | Bad timestamp at line 126: 11/01/2025 09:42:00 AM -EventID: 4625
2025-11-27 12:40:01,262 | WARNING | Bad timestamp at line 127: 11/01/2025 09:30:00 AM -EventID: 4625
2025-11-27 12:40:01,262 | WARNING | Bad timestamp at line 128: 11/01/2025 09:30:00 AM -EventID: 4625
2025-11-27 12:40:01,262 | WARNING | Bad timestamp at line 129: 11/01/2025 09:42:00 AM -EventID: 4625
2025-11-27 12:40:01,262 | WARNING | Bad timestamp at line 130: 11/01/2025 09:39:00 AM -EventID: 4625
2025-11-27 12:40:01,262 | WARNING | Bad timestamp at line 131: 11/01/2025 09:30:00 AM -EventID: 4625
2025-11-27 12:40:01,262 | WARNING | Bad timestamp at line 132: 11/01/2025 09:36:00 AM -EventID: 4625
2025-11-27 12:40:01,262 | WARNING | Bad timestamp at line 133: 11/01/2025 09:30:00 AM -EventID: 4625
2025-11-27 12:40:01,262 | WARNING | Bad timestamp at line 134: 11/01/2025 09:33:00 AM -EventID: 4625
2025-11-27 12:40:01,262 | WARNING | Bad timestamp at line 135: 11/01/2025 09:36:00 AM -EventID: 4625
2025-11-27 12:40:01,262 | WARNING | Bad timestamp at line 136: 11/01/2025 09:42:00 AM -EventID: 4625
2025-11-27 12:40:01,262 | WARNING | Bad timestamp at line 137: 11/01/2025 09:33:00 AM -EventID: 4625
2025-11-27 12:40:01,262 | WARNING | Bad timestamp at line 138: 11/01/2025 09:30:00 AM -EventID: 4625
2025-11-27 12:40:01,263 | WARNING | Bad timestamp at line 139: 11/01/2025 09:33:00 AM -EventID: 4625
2025-11-27 12:40:01,263 | WARNING | Bad timestamp at line 141: 11/01/2025 09:42:00 AM -EventID: 4625
2025-11-27 12:40:01,263 | WARNING | Bad timestamp at line 142: 11/01/2025 09:30:00 AM -EventID: 4625
2025-11-27 12:40:01,263 | WARNING | Bad timestamp at line 143: 11/01/2025 09:36:00 AM -EventID: 4625
2025-11-27 12:40:01,263 | WARNING | Bad timestamp at line 144: 11/01/2025 09:30:00 AM -EventID: 4625
2025-11-27 12:40:01,263 | INFO | Parsed 0 failed logins
2025-11-27 12:40:01,263 | INFO | Exported 0 alert(s) to month1/alerts.json
2025-11-27 12:40:01,263 | INFO | No alerts generated.
2025-11-27 12:45:01,358 | INFO | === BRUTE-FORCE DETECTOR STARTED ===
2025-11-27 12:45:01,358 | INFO | Config: {'log_file': 'month1/fake_auth.log', 'output_file': 'month1/alerts.json', 'threshold_count': 3, 'time_window_minutes': 15, 'log_level': 'INFO', 'alert_title': 'BRUTE_FORCE_15MIN', 'smtp_server': 'smtp.gmail.com', 'smtp_port': 587, 'email_from': 'suleephraim1@gmail.com', 'email_to': 'cyberlootkeeper@gmail.com', 'email_password': 'uwijddtfwdtmmony'}
2025-11-27 12:45:01,362 | WARNING | Bad timestamp at line 5: 11/01/2025 09:42:00 AM -EventID: 4625
2025-11-27 12:45:01,362 | WARNING | Bad timestamp at line 6: 11/01/2025 09:30:00 AM -EventID: 4625
2025-11-27 12:45:01,362 | WARNING | Bad timestamp at line 7: 11/01/2025 09:36:00 AM -EventID: 4625
2025-11-27 12:45:01,363 | WARNING | Bad timestamp at line 8: 11/01/2025 09:33:00 AM -EventID: 4625
2025-11-27 12:45:01,363 | WARNING | Bad timestamp at line 10: 11/01/2025 09:36:00 AM -EventID: 4625
2025-11-27 12:45:01,363 | WARNING | Bad timestamp at line 12: 11/01/2025 09:33:00 AM -EventID: 4625
2025-11-27 12:45:01,363 | WARNING | Bad timestamp at line 13: 11/01/2025 09:33:00 AM -EventID: 4625
2025-11-27 12:45:01,363 | WARNING | Bad timestamp at line 14: 11/01/2025 09:30:00 AM -EventID: 4625
2025-11-27 12:45:01,363 | WARNING | Bad timestamp at line 15: 11/01/2025 09:36:00 AM -EventID: 4625
2025-11-27 12:45:01,363 | WARNING | Bad timestamp at line 17: 11/01/2025 09:33:00 AM -EventID: 4625
2025-11-27 12:45:01,363 | WARNING | Bad timestamp at line 18: 11/01/2025 09:30:00 AM -EventID: 4625
2025-11-27 12:45:01,364 | WARNING | Bad timestamp at line 19: 11/01/2025 09:33:00 AM -EventID: 4625
2025-11-27 12:45:01,364 | WARNING | Bad timestamp at line 21: 11/01/2025 09:42:00 AM -EventID: 4625
2025-11-27 12:45:01,364 | WARNING | Bad timestamp at line 22: 11/01/2025 09:39:00 AM -EventID: 4625
2025-11-27 12:45:01,364 | WARNING | Bad timestamp at line 23: 11/01/2025 09:36:00 AM -EventID: 4625
2025-11-27 12:45:01,364 | WARNING | Bad timestamp at line 25: 11/01/2025 09:33:00 AM -EventID: 4625
2025-11-27 12:45:01,364 | WARNING | Bad timestamp at line 26: 11/01/2025 09:33:00 AM -EventID: 4625
2025-11-27 12:45:01,364 | WARNING | Bad timestamp at line 27: 11/01/2025 09:39:00 AM -EventID: 4625
2025-11-27 12:45:01,364 | WARNING | Bad timestamp at line 28: 11/01/2025 09:42:00 AM -EventID: 4625
2025-11-27 12:45:01,364 | WARNING | Bad timestamp at line 29: 11/01/2025 09:42:00 AM -EventID: 4625
2025-11-27 12:45:01,365 | WARNING | Bad timestamp at line 30: 11/01/2025 09:36:00 AM -EventID: 4625
2025-11-27 12:45:01,365 | WARNING | Bad timestamp at line 31: 11/01/2025 09:36:00 AM -EventID: 4625
2025-11-27 12:45:01,365 | WARNING | Bad timestamp at line 32: 11/01/2025 09:30:00 AM -EventID: 4625
2025-11-27 12:45:01,365 | WARNING | Bad timestamp at line 33: 11/01/2025 09:36:00 AM -EventID: 4625
2025-11-27 12:45:01,365 | WARNING | Bad timestamp at line 34: 11/01/2025 09:42:00 AM -EventID: 4625
2025-11-27 12:45:01,365 | WARNING | Bad timestamp at line 35: 11/01/2025 09:39:00 AM -EventID: 4625
2025-11-27 12:45:01,365 | WARNING | Bad timestamp at line 36: 11/01/2025 09:39:00 AM -EventID: 4625
2025-11-27 12:45:01,365 | WARNING | Bad timestamp at line 37: 11/01/2025 09:39:00 AM -EventID: 4625
2025-11-27 12:45:01,365 | WARNING | Bad timestamp at line 38: 11/01/2025 09:42:00 AM -EventID: 4625
2025-11-27 12:45:01,366 | WARNING | Bad timestamp at line 39: 11/01/2025 09:30:00 AM -EventID: 4625
2025-11-27 12:45:01,366 | WARNING | Bad timestamp at line 40: 11/01/2025 09:33:00 AM -EventID: 4625
2025-11-27 12:45:01,366 | WARNING | Bad timestamp at line 41: 11/01/2025 09:30:00 AM -EventID: 4625
2025-11-27 12:45:01,366 | WARNING | Bad timestamp at line 43: 11/01/2025 09:39:00 AM -EventID: 4625
2025-11-27 12:45:01,366 | WARNING | Bad timestamp at line 44: 11/01/2025 09:36:00 AM -EventID: 4625
2025-11-27 12:45:01,366 | WARNING | Bad timestamp at line 45: 11/01/2025 09:30:00 AM -EventID: 4625
2025-11-27 12:45:01,366 | WARNING | Bad timestamp at line 46: 11/01/2025 09:42:00 AM -EventID: 4625
2025-11-27 12:45:01,366 | WARNING | Bad timestamp at line 47: 11/01/2025 09:36:00 AM -EventID: 4625
2025-11-27 12:45:01,366 | WARNING | Bad timestamp at line 48: 11/01/2025 09:42:00 AM -EventID: 4625
2025-11-27 12:45:01,366 | WARNING | Bad timestamp at line 49: 11/01/2025 09:42:00 AM -EventID: 4625
2025-11-27 12:45:01,367 | WARNING | Bad timestamp at line 50: 11/01/2025 09:42:00 AM -EventID: 4625
2025-11-27 12:45:01,367 | WARNING | Bad timestamp at line 51: 11/01/2025 09:39:00 AM -EventID: 4625
2025-11-27 12:45:01,367 | WARNING | Bad timestamp at line 52: 11/01/2025 09:42:00 AM -EventID: 4625
2025-11-27 12:45:01,367 | WARNING | Bad timestamp at line 53: 11/01/2025 09:30:00 AM -EventID: 4625
2025-11-27 12:45:01,367 | WARNING | Bad timestamp at line 54: 11/01/2025 09:30:00 AM -EventID: 4625
2025-11-27 12:45:01,367 | WARNING | Bad timestamp at line 55: 11/01/2025 09:30:00 AM -EventID: 4625
2025-11-27 12:45:01,367 | WARNING | Bad timestamp at line 56: 11/01/2025 09:33:00 AM -EventID: 4625
2025-11-27 12:45:01,367 | WARNING | Bad timestamp at line 58: 11/01/2025 09:42:00 AM -EventID: 4625
2025-11-27 12:45:01,367 | WARNING | Bad timestamp at line 59: 11/01/2025 09:36:00 AM -EventID: 4625
2025-11-27 12:45:01,367 | WARNING | Bad timestamp at line 60: 11/01/2025 09:36:00 AM -EventID: 4625
2025-11-27 12:45:01,368 | WARNING | Bad timestamp at line 61: 11/01/2025 09:33:00 AM -EventID: 4625
2025-11-27 12:45:01,368 | WARNING | Bad timestamp at line 62: 11/01/2025 09:42:00 AM -EventID: 4625
2025-11-27 12:45:01,368 | WARNING | Bad timestamp at line 64: 11/01/2025 09:30:00 AM -EventID: 4625
2025-11-27 12:45:01,368 | WARNING | Bad timestamp at line 65: 11/01/2025 09:39:00 AM -EventID: 4625
2025-11-27 12:45:01,368 | WARNING | Bad timestamp at line 66: 11/01/2025 09:42:00 AM -EventID: 4625
2025-11-27 12:45:01,368 | WARNING | Bad timestamp at line 67: 11/01/2025 09:39:00 AM -EventID: 4625
2025-11-27 12:45:01,368 | WARNING | Bad timestamp at line 68: 11/01/2025 09:36:00 AM -EventID: 4625
2025-11-27 12:45:01,368 | WARNING | Bad timestamp at line 69: 11/01/2025 09:42:00 AM -EventID: 4625
2025-11-27 12:45:01,368 | WARNING | Bad timestamp at line 70: 11/01/2025 09:39:00 AM -EventID: 4625
2025-11-27 12:45:01,368 | WARNING | Bad timestamp at line 72: 11/01/2025 09:36:00 AM -EventID: 4625
2025-11-27 12:45:01,369 | WARNING | Bad timestamp at line 73: 11/01/2025 09:42:00 AM -EventID: 4625
2025-11-27 12:45:01,369 | WARNING | Bad timestamp at line 75: 11/01/2025 09:33:00 AM -EventID: 4625
2025-11-27 12:45:01,369 | WARNING | Bad timestamp at line 76: 11/01/2025 09:39:00 AM -EventID: 4625
2025-11-27 12:45:01,369 | WARNING | Bad timestamp at line 78: 11/01/2025 09:42:00 AM -EventID: 4625
2025-11-27 12:45:01,369 | WARNING | Bad timestamp at line 79: 11/01/2025 09:36:00 AM -EventID: 4625
2025-11-27 12:45:01,369 | WARNING | Bad timestamp at line 80: 11/01/2025 09:42:00 AM -EventID: 4625
2025-11-27 12:45:01,369 | WARNING | Bad timestamp at line 81: 11/01/2025 09:30:00 AM -EventID: 4625
2025-11-27 12:45:01,369 | WARNING | Bad timestamp at line 82: 11/01/2025 09:30:00 AM -EventID: 4625
2025-11-27 12:45:01,369 | WARNING | Bad timestamp at line 83: 11/01/2025 09:39:00 AM -EventID: 4625
2025-11-27 12:45:01,370 | WARNING | Bad timestamp at line 84: 11/01/2025 09:33:00 AM -EventID: 4625
2025-11-27 12:45:01,370 | WARNING | Bad timestamp at line 85: 11/01/2025 09:39:00 AM -EventID: 4625
2025-11-27 12:45:01,370 | WARNING | Bad timestamp at line 86: 11/01/2025 09:42:00 AM -EventID: 4625
2025-11-27 12:45:01,370 | WARNING | Bad timestamp at line 87: 11/01/2025 09:33:00 AM -EventID: 4625
2025-11-27 12:45:01,370 | WARNING | Bad timestamp at line 88: 11/01/2025 09:33:00 AM -EventID: 4625
2025-11-27 12:45:01,370 | WARNING | Bad timestamp at line 89: 11/01/2025 09:39:00 AM -EventID: 4625
2025-11-27 12:45:01,370 | WARNING | Bad timestamp at line 90: 11/01/2025 09:36:00 AM -EventID: 4625
2025-11-27 12:45:01,370 | WARNING | Bad timestamp at line 91: 11/01/2025 09:39:00 AM -EventID: 4625
2025-11-27 12:45:01,370 | WARNING | Bad timestamp at line 92: 11/01/2025 09:33:00 AM -EventID: 4625
2025-11-27 12:45:01,370 | WARNING | Bad timestamp at line 95: 11/01/2025 09:30:00 AM -EventID: 4625
2025-11-27 12:45:01,371 | WARNING | Bad timestamp at line 96: 11/01/2025 09:33:00 AM -EventID: 4625
2025-11-27 12:45:01,371 | WARNING | Bad timestamp at line 97: 11/01/2025 09:33:00 AM -EventID: 4625
2025-11-27 12:45:01,371 | WARNING | Bad timestamp at line 98: 11/01/2025 09:33:00 AM -EventID: 4625
2025-11-27 12:45:01,371 | WARNING | Bad timestamp at line 99: 11/01/2025 09:39:00 AM -EventID: 4625
2025-11-27 12:45:01,371 | WARNING | Bad timestamp at line 100: 11/01/2025 09:33:00 AM -EventID: 4625
2025-11-27 12:45:01,371 | WARNING | Bad timestamp at line 101: 11/01/2025 09:33:00 AM -EventID: 4625
2025-11-27 12:45:01,371 | WARNING | Bad timestamp at line 102: 11/01/2025 09:36:00 AM -EventID: 4625
2025-11-27 12:45:01,371 | WARNING | Bad timestamp at line 103: 11/01/2025 09:30:00 AM -EventID: 4625
2025-11-27 12:45:01,371 | WARNING | Bad timestamp at line 104: 11/01/2025 09:30:00 AM -EventID: 4625
2025-11-27 12:45:01,371 | WARNING | Bad timestamp at line 105: 11/01/2025 09:36:00 AM -EventID: 4625
2025-11-27 12:45:01,372 | WARNING | Bad timestamp at line 106: 11/01/2025 09:36:00 AM -EventID: 4625
2025-11-27 12:45:01,372 | WARNING | Bad timestamp at line 107: 11/01/2025 09:39:00 AM -EventID: 4625
2025-11-27 12:45:01,372 | WARNING | Bad timestamp at line 109: 11/01/2025 09:36:00 AM -EventID: 4625
2025-11-27 12:45:01,372 | WARNING | Bad timestamp at line 110: 11/01/2025 09:39:00 AM -EventID: 4625
2025-11-27 12:45:01,372 | WARNING | Bad timestamp at line 111: 11/01/2025 09:39:00 AM -EventID: 4625
2025-11-27 12:45:01,372 | WARNING | Bad timestamp at line 112: 11/01/2025 09:39:00 AM -EventID: 4625
2025-11-27 12:45:01,372 | WARNING | Bad timestamp at line 113: 11/01/2025 09:39:00 AM -EventID: 4625
2025-11-27 12:45:01,372 | WARNING | Bad timestamp at line 114: 11/01/2025 09:42:00 AM -EventID: 4625
2025-11-27 12:45:01,372 | WARNING | Bad timestamp at line 115: 11/01/2025 09:33:00 AM -EventID: 4625
2025-11-27 12:45:01,373 | WARNING | Bad timestamp at line 116: 11/01/2025 09:39:00 AM -EventID: 4625
2025-11-27 12:45:01,373 | WARNING | Bad timestamp at line 117: 11/01/2025 09:36:00 AM -EventID: 4625
2025-11-27 12:45:01,373 | WARNING | Bad timestamp at line 118: 11/01/2025 09:39:00 AM -EventID: 4625
2025-11-27 12:45:01,373 | WARNING | Bad timestamp at line 119: 11/01/2025 09:39:00 AM -EventID: 4625
2025-11-27 12:45:01,373 | WARNING | Bad timestamp at line 120: 11/01/2025 09:36:00 AM -EventID: 4625
2025-11-27 12:45:01,373 | WARNING | Bad timestamp at line 121: 11/01/2025 09:30:00 AM -EventID: 4625
2025-11-27 12:45:01,373 | WARNING | Bad timestamp at line 122: 11/01/2025 09:36:00 AM -EventID: 4625
2025-11-27 12:45:01,373 | WARNING | Bad timestamp at line 123: 11/01/2025 09:33:00 AM -EventID: 4625
2025-11-27 12:45:01,373 | WARNING | Bad timestamp at line 124: 11/01/2025 09:42:00 AM -EventID: 4625
2025-11-27 12:45:01,373 | WARNING | Bad timestamp at line 125: 11/01/2025 09:30:00 AM -EventID: 4625
2025-11-27 12:45:01,374 | WARNING | Bad timestamp at line 126: 11/01/2025 09:42:00 AM -EventID: 4625
2025-11-27 12:45:01,374 | WARNING | Bad timestamp at line 127: 11/01/2025 09:30:00 AM -EventID: 4625
2025-11-27 12:45:01,374 | WARNING | Bad timestamp at line 128: 11/01/2025 09:30:00 AM -EventID: 4625
2025-11-27 12:45:01,374 | WARNING | Bad timestamp at line 129: 11/01/2025 09:42:00 AM -EventID: 4625
2025-11-27 12:45:01,374 | WARNING | Bad timestamp at line 130: 11/01/2025 09:39:00 AM -EventID: 4625
2025-11-27 12:45:01,374 | WARNING | Bad timestamp at line 131: 11/01/2025 09:30:00 AM -EventID: 4625
2025-11-27 12:45:01,374 | WARNING | Bad timestamp at line 132: 11/01/2025 09:36:00 AM -EventID: 4625
2025-11-27 12:45:01,374 | WARNING | Bad timestamp at line 133: 11/01/2025 09:30:00 AM -EventID: 4625
2025-11-27 12:45:01,374 | WARNING | Bad timestamp at line 134: 11/01/2025 09:33:00 AM -EventID: 4625
2025-11-27 12:45:01,374 | WARNING | Bad timestamp at line 135: 11/01/2025 09:36:00 AM -EventID: 4625
2025-11-27 12:45:01,375 | WARNING | Bad timestamp at line 136: 11/01/2025 09:42:00 AM -EventID: 4625
2025-11-27 12:45:01,375 | WARNING | Bad timestamp at line 137: 11/01/2025 09:33:00 AM -EventID: 4625
2025-11-27 12:45:01,375 | WARNING | Bad timestamp at line 138: 11/01/2025 09:30:00 AM -EventID: 4625
2025-11-27 12:45:01,375 | WARNING | Bad timestamp at line 139: 11/01/2025 09:33:00 AM -EventID: 4625
2025-11-27 12:45:01,375 | WARNING | Bad timestamp at line 141: 11/01/2025 09:42:00 AM -EventID: 4625
2025-11-27 12:45:01,375 | WARNING | Bad timestamp at line 142: 11/01/2025 09:30:00 AM -EventID: 4625
2025-11-27 12:45:01,375 | WARNING | Bad timestamp at line 143: 11/01/2025 09:36:00 AM -EventID: 4625
2025-11-27 12:45:01,375 | WARNING | Bad timestamp at line 144: 11/01/2025 09:30:00 AM -EventID: 4625
2025-11-27 12:45:01,375 | INFO | Parsed 0 failed logins
2025-11-27 12:45:01,376 | INFO | Exported 0 alert(s) to month1/alerts.json
2025-11-27 12:45:01,376 | INFO | No alerts generated.
2025-11-27 12:50:01,527 | INFO | === BRUTE-FORCE DETECTOR STARTED ===
2025-11-27 12:50:01,528 | INFO | Config: {'log_file': 'month1/fake_auth.log', 'output_file': 'month1/alerts.json', 'threshold_count': 3, 'time_window_minutes': 15, 'log_level': 'INFO', 'alert_title': 'BRUTE_FORCE_15MIN', 'smtp_server': 'smtp.gmail.com', 'smtp_port': 587, 'email_from': 'suleephraim1@gmail.com', 'email_to': 'cyberlootkeeper@gmail.com', 'email_password': 'uwijddtfwdtmmony'}
2025-11-27 12:50:01,534 | WARNING | Bad timestamp at line 5: 11/01/2025 09:42:00 AM -EventID: 4625
2025-11-27 12:50:01,534 | WARNING | Bad timestamp at line 6: 11/01/2025 09:30:00 AM -EventID: 4625
2025-11-27 12:50:01,534 | WARNING | Bad timestamp at line 7: 11/01/2025 09:36:00 AM -EventID: 4625
2025-11-27 12:50:01,535 | WARNING | Bad timestamp at line 8: 11/01/2025 09:33:00 AM -EventID: 4625
2025-11-27 12:50:01,535 | WARNING | Bad timestamp at line 10: 11/01/2025 09:36:00 AM -EventID: 4625
2025-11-27 12:50:01,535 | WARNING | Bad timestamp at line 12: 11/01/2025 09:33:00 AM -EventID: 4625
2025-11-27 12:50:01,535 | WARNING | Bad timestamp at line 13: 11/01/2025 09:33:00 AM -EventID: 4625
2025-11-27 12:50:01,535 | WARNING | Bad timestamp at line 14: 11/01/2025 09:30:00 AM -EventID: 4625
2025-11-27 12:50:01,535 | WARNING | Bad timestamp at line 15: 11/01/2025 09:36:00 AM -EventID: 4625
2025-11-27 12:50:01,535 | WARNING | Bad timestamp at line 17: 11/01/2025 09:33:00 AM -EventID: 4625
2025-11-27 12:50:01,535 | WARNING | Bad timestamp at line 18: 11/01/2025 09:30:00 AM -EventID: 4625
2025-11-27 12:50:01,535 | WARNING | Bad timestamp at line 19: 11/01/2025 09:33:00 AM -EventID: 4625
2025-11-27 12:50:01,535 | WARNING | Bad timestamp at line 21: 11/01/2025 09:42:00 AM -EventID: 4625
2025-11-27 12:50:01,536 | WARNING | Bad timestamp at line 22: 11/01/2025 09:39:00 AM -EventID: 4625
2025-11-27 12:50:01,536 | WARNING | Bad timestamp at line 23: 11/01/2025 09:36:00 AM -EventID: 4625
2025-11-27 12:50:01,536 | WARNING | Bad timestamp at line 25: 11/01/2025 09:33:00 AM -EventID: 4625
2025-11-27 12:50:01,536 | WARNING | Bad timestamp at line 26: 11/01/2025 09:33:00 AM -EventID: 4625
2025-11-27 12:50:01,536 | WARNING | Bad timestamp at line 27: 11/01/2025 09:39:00 AM -EventID: 4625
2025-11-27 12:50:01,536 | WARNING | Bad timestamp at line 28: 11/01/2025 09:42:00 AM -EventID: 4625
2025-11-27 12:50:01,536 | WARNING | Bad timestamp at line 29: 11/01/2025 09:42:00 AM -EventID: 4625
2025-11-27 12:50:01,536 | WARNING | Bad timestamp at line 30: 11/01/2025 09:36:00 AM -EventID: 4625
2025-11-27 12:50:01,536 | WARNING | Bad timestamp at line 31: 11/01/2025 09:36:00 AM -EventID: 4625
2025-11-27 12:50:01,536 | WARNING | Bad timestamp at line 32: 11/01/2025 09:30:00 AM -EventID: 4625
2025-11-27 12:50:01,537 | WARNING | Bad timestamp at line 33: 11/01/2025 09:36:00 AM -EventID: 4625
2025-11-27 12:50:01,537 | WARNING | Bad timestamp at line 34: 11/01/2025 09:42:00 AM -EventID: 4625
2025-11-27 12:50:01,537 | WARNING | Bad timestamp at line 35: 11/01/2025 09:39:00 AM -EventID: 4625
2025-11-27 12:50:01,537 | WARNING | Bad timestamp at line 36: 11/01/2025 09:39:00 AM -EventID: 4625
2025-11-27 12:50:01,537 | WARNING | Bad timestamp at line 37: 11/01/2025 09:39:00 AM -EventID: 4625
2025-11-27 12:50:01,537 | WARNING | Bad timestamp at line 38: 11/01/2025 09:42:00 AM -EventID: 4625
2025-11-27 12:50:01,537 | WARNING | Bad timestamp at line 39: 11/01/2025 09:30:00 AM -EventID: 4625
2025-11-27 12:50:01,537 | WARNING | Bad timestamp at line 40: 11/01/2025 09:33:00 AM -EventID: 4625
2025-11-27 12:50:01,537 | WARNING | Bad timestamp at line 41: 11/01/2025 09:30:00 AM -EventID: 4625
2025-11-27 12:50:01,537 | WARNING | Bad timestamp at line 43: 11/01/2025 09:39:00 AM -EventID: 4625
2025-11-27 12:50:01,538 | WARNING | Bad timestamp at line 44: 11/01/2025 09:36:00 AM -EventID: 4625
2025-11-27 12:50:01,538 | WARNING | Bad timestamp at line 45: 11/01/2025 09:30:00 AM -EventID: 4625
2025-11-27 12:50:01,538 | WARNING | Bad timestamp at line 46: 11/01/2025 09:42:00 AM -EventID: 4625
2025-11-27 12:50:01,538 | WARNING | Bad timestamp at line 47: 11/01/2025 09:36:00 AM -EventID: 4625
2025-11-27 12:50:01,538 | WARNING | Bad timestamp at line 48: 11/01/2025 09:42:00 AM -EventID: 4625
2025-11-27 12:50:01,538 | WARNING | Bad timestamp at line 49: 11/01/2025 09:42:00 AM -EventID: 4625
2025-11-27 12:50:01,538 | WARNING | Bad timestamp at line 50: 11/01/2025 09:42:00 AM -EventID: 4625
2025-11-27 12:50:01,538 | WARNING | Bad timestamp at line 51: 11/01/2025 09:39:00 AM -EventID: 4625
2025-11-27 12:50:01,539 | WARNING | Bad timestamp at line 52: 11/01/2025 09:42:00 AM -EventID: 4625
2025-11-27 12:50:01,539 | WARNING | Bad timestamp at line 53: 11/01/2025 09:30:00 AM -EventID: 4625
2025-11-27 12:50:01,539 | WARNING | Bad timestamp at line 54: 11/01/2025 09:30:00 AM -EventID: 4625
2025-11-27 12:50:01,539 | WARNING | Bad timestamp at line 55: 11/01/2025 09:30:00 AM -EventID: 4625
2025-11-27 12:50:01,539 | WARNING | Bad timestamp at line 56: 11/01/2025 09:33:00 AM -EventID: 4625
2025-11-27 12:50:01,539 | WARNING | Bad timestamp at line 58: 11/01/2025 09:42:00 AM -EventID: 4625
2025-11-27 12:50:01,539 | WARNING | Bad timestamp at line 59: 11/01/2025 09:36:00 AM -EventID: 4625
2025-11-27 12:50:01,540 | WARNING | Bad timestamp at line 60: 11/01/2025 09:36:00 AM -EventID: 4625
2025-11-27 12:50:01,540 | WARNING | Bad timestamp at line 61: 11/01/2025 09:33:00 AM -EventID: 4625
2025-11-27 12:50:01,540 | WARNING | Bad timestamp at line 62: 11/01/2025 09:42:00 AM -EventID: 4625
2025-11-27 12:50:01,540 | WARNING | Bad timestamp at line 64: 11/01/2025 09:30:00 AM -EventID: 4625
2025-11-27 12:50:01,541 | WARNING | Bad timestamp at line 65: 11/01/2025 09:39:00 AM -EventID: 4625
2025-11-27 12:50:01,541 | WARNING | Bad timestamp at line 66: 11/01/2025 09:42:00 AM -EventID: 4625
2025-11-27 12:50:01,541 | WARNING | Bad timestamp at line 67: 11/01/2025 09:39:00 AM -EventID: 4625
2025-11-27 12:50:01,541 | WARNING | Bad timestamp at line 68: 11/01/2025 09:36:00 AM -EventID: 4625
2025-11-27 12:50:01,541 | WARNING | Bad timestamp at line 69: 11/01/2025 09:42:00 AM -EventID: 4625
2025-11-27 12:50:01,541 | WARNING | Bad timestamp at line 70: 11/01/2025 09:39:00 AM -EventID: 4625
2025-11-27 12:50:01,541 | WARNING | Bad timestamp at line 72: 11/01/2025 09:36:00 AM -EventID: 4625
2025-11-27 12:50:01,541 | WARNING | Bad timestamp at line 73: 11/01/2025 09:42:00 AM -EventID: 4625
2025-11-27 12:50:01,541 | WARNING | Bad timestamp at line 75: 11/01/2025 09:33:00 AM -EventID: 4625
2025-11-27 12:50:01,541 | WARNING | Bad timestamp at line 76: 11/01/2025 09:39:00 AM -EventID: 4625
2025-11-27 12:50:01,542 | WARNING | Bad timestamp at line 78: 11/01/2025 09:42:00 AM -EventID: 4625
2025-11-27 12:50:01,542 | WARNING | Bad timestamp at line 79: 11/01/2025 09:36:00 AM -EventID: 4625
2025-11-27 12:50:01,542 | WARNING | Bad timestamp at line 80: 11/01/2025 09:42:00 AM -EventID: 4625
2025-11-27 12:50:01,542 | WARNING | Bad timestamp at line 81: 11/01/2025 09:30:00 AM -EventID: 4625
2025-11-27 12:50:01,542 | WARNING | Bad timestamp at line 82: 11/01/2025 09:30:00 AM -EventID: 4625
2025-11-27 12:50:01,542 | WARNING | Bad timestamp at line 83: 11/01/2025 09:39:00 AM -EventID: 4625
2025-11-27 12:50:01,542 | WARNING | Bad timestamp at line 84: 11/01/2025 09:33:00 AM -EventID: 4625
2025-11-27 12:50:01,542 | WARNING | Bad timestamp at line 85: 11/01/2025 09:39:00 AM -EventID: 4625
2025-11-27 12:50:01,542 | WARNING | Bad timestamp at line 86: 11/01/2025 09:42:00 AM -EventID: 4625
2025-11-27 12:50:01,542 | WARNING | Bad timestamp at line 87: 11/01/2025 09:33:00 AM -EventID: 4625
2025-11-27 12:50:01,542 | WARNING | Bad timestamp at line 88: 11/01/2025 09:33:00 AM -EventID: 4625
2025-11-27 12:50:01,543 | WARNING | Bad timestamp at line 89: 11/01/2025 09:39:00 AM -EventID: 4625
2025-11-27 12:50:01,543 | WARNING | Bad timestamp at line 90: 11/01/2025 09:36:00 AM -EventID: 4625
2025-11-27 12:50:01,543 | WARNING | Bad timestamp at line 91: 11/01/2025 09:39:00 AM -EventID: 4625
2025-11-27 12:50:01,543 | WARNING | Bad timestamp at line 92: 11/01/2025 09:33:00 AM -EventID: 4625
2025-11-27 12:50:01,543 | WARNING | Bad timestamp at line 95: 11/01/2025 09:30:00 AM -EventID: 4625
2025-11-27 12:50:01,543 | WARNING | Bad timestamp at line 96: 11/01/2025 09:33:00 AM -EventID: 4625
2025-11-27 12:50:01,543 | WARNING | Bad timestamp at line 97: 11/01/2025 09:33:00 AM -EventID: 4625
2025-11-27 12:50:01,543 | WARNING | Bad timestamp at line 98: 11/01/2025 09:33:00 AM -EventID: 4625
2025-11-27 12:50:01,543 | WARNING | Bad timestamp at line 99: 11/01/2025 09:39:00 AM -EventID: 4625
2025-11-27 12:50:01,543 | WARNING | Bad timestamp at line 100: 11/01/2025 09:33:00 AM -EventID: 4625
2025-11-27 12:50:01,543 | WARNING | Bad timestamp at line 101: 11/01/2025 09:33:00 AM -EventID: 4625
2025-11-27 12:50:01,544 | WARNING | Bad timestamp at line 102: 11/01/2025 09:36:00 AM -EventID: 4625
2025-11-27 12:50:01,544 | WARNING | Bad timestamp at line 103: 11/01/2025 09:30:00 AM -EventID: 4625
2025-11-27 12:50:01,544 | WARNING | Bad timestamp at line 104: 11/01/2025 09:30:00 AM -EventID: 4625
2025-11-27 12:50:01,544 | WARNING | Bad timestamp at line 105: 11/01/2025 09:36:00 AM -EventID: 4625
2025-11-27 12:50:01,544 | WARNING | Bad timestamp at line 106: 11/01/2025 09:36:00 AM -EventID: 4625
2025-11-27 12:50:01,544 | WARNING | Bad timestamp at line 107: 11/01/2025 09:39:00 AM -EventID: 4625
2025-11-27 12:50:01,544 | WARNING | Bad timestamp at line 109: 11/01/2025 09:36:00 AM -EventID: 4625
2025-11-27 12:50:01,544 | WARNING | Bad timestamp at line 110: 11/01/2025 09:39:00 AM -EventID: 4625
2025-11-27 12:50:01,544 | WARNING | Bad timestamp at line 111: 11/01/2025 09:39:00 AM -EventID: 4625
2025-11-27 12:50:01,544 | WARNING | Bad timestamp at line 112: 11/01/2025 09:39:00 AM -EventID: 4625
2025-11-27 12:50:01,545 | WARNING | Bad timestamp at line 113: 11/01/2025 09:39:00 AM -EventID: 4625
2025-11-27 12:50:01,545 | WARNING | Bad timestamp at line 114: 11/01/2025 09:42:00 AM -EventID: 4625
2025-11-27 12:50:01,545 | WARNING | Bad timestamp at line 115: 11/01/2025 09:33:00 AM -EventID: 4625
2025-11-27 12:50:01,545 | WARNING | Bad timestamp at line 116: 11/01/2025 09:39:00 AM -EventID: 4625
2025-11-27 12:50:01,545 | WARNING | Bad timestamp at line 117: 11/01/2025 09:36:00 AM -EventID: 4625
2025-11-27 12:50:01,545 | WARNING | Bad timestamp at line 118: 11/01/2025 09:39:00 AM -EventID: 4625
2025-11-27 12:50:01,545 | WARNING | Bad timestamp at line 119: 11/01/2025 09:39:00 AM -EventID: 4625
2025-11-27 12:50:01,545 | WARNING | Bad timestamp at line 120: 11/01/2025 09:36:00 AM -EventID: 4625
2025-11-27 12:50:01,545 | WARNING | Bad timestamp at line 121: 11/01/2025 09:30:00 AM -EventID: 4625
2025-11-27 12:50:01,545 | WARNING | Bad timestamp at line 122: 11/01/2025 09:36:00 AM -EventID: 4625
2025-11-27 12:50:01,545 | WARNING | Bad timestamp at line 123: 11/01/2025 09:33:00 AM -EventID: 4625
2025-11-27 12:50:01,546 | WARNING | Bad timestamp at line 124: 11/01/2025 09:42:00 AM -EventID: 4625
2025-11-27 12:50:01,546 | WARNING | Bad timestamp at line 125: 11/01/2025 09:30:00 AM -EventID: 4625
2025-11-27 12:50:01,546 | WARNING | Bad timestamp at line 126: 11/01/2025 09:42:00 AM -EventID: 4625
2025-11-27 12:50:01,546 | WARNING | Bad timestamp at line 127: 11/01/2025 09:30:00 AM -EventID: 4625
2025-11-27 12:50:01,546 | WARNING | Bad timestamp at line 128: 11/01/2025 09:30:00 AM -EventID: 4625
2025-11-27 12:50:01,546 | WARNING | Bad timestamp at line 129: 11/01/2025 09:42:00 AM -EventID: 4625
2025-11-27 12:50:01,546 | WARNING | Bad timestamp at line 130: 11/01/2025 09:39:00 AM -EventID: 4625
2025-11-27 12:50:01,546 | WARNING | Bad timestamp at line 131: 11/01/2025 09:30:00 AM -EventID: 4625
2025-11-27 12:50:01,546 | WARNING | Bad timestamp at line 132: 11/01/2025 09:36:00 AM -EventID: 4625
2025-11-27 12:50:01,546 | WARNING | Bad timestamp at line 133: 11/01/2025 09:30:00 AM -EventID: 4625
2025-11-27 12:50:01,546 | WARNING | Bad timestamp at line 134: 11/01/2025 09:33:00 AM -EventID: 4625
2025-11-27 12:50:01,547 | WARNING | Bad timestamp at line 135: 11/01/2025 09:36:00 AM -EventID: 4625
2025-11-27 12:50:01,547 | WARNING | Bad timestamp at line 136: 11/01/2025 09:42:00 AM -EventID: 4625
2025-11-27 12:50:01,547 | WARNING | Bad timestamp at line 137: 11/01/2025 09:33:00 AM -EventID: 4625
2025-11-27 12:50:01,547 | WARNING | Bad timestamp at line 138: 11/01/2025 09:30:00 AM -EventID: 4625
2025-11-27 12:50:01,547 | WARNING | Bad timestamp at line 139: 11/01/2025 09:33:00 AM -EventID: 4625
2025-11-27 12:50:01,547 | WARNING | Bad timestamp at line 141: 11/01/2025 09:42:00 AM -EventID: 4625
2025-11-27 12:50:01,547 | WARNING | Bad timestamp at line 142: 11/01/2025 09:30:00 AM -EventID: 4625
2025-11-27 12:50:01,547 | WARNING | Bad timestamp at line 143: 11/01/2025 09:36:00 AM -EventID: 4625
2025-11-27 12:50:01,547 | WARNING | Bad timestamp at line 144: 11/01/2025 09:30:00 AM -EventID: 4625
2025-11-27 12:50:01,548 | INFO | Parsed 0 failed logins
2025-11-27 12:50:01,548 | INFO | Exported 0 alert(s) to month1/alerts.json
2025-11-27 12:50:01,548 | INFO | No alerts generated.
2025-11-27 12:55:01,646 | INFO | === BRUTE-FORCE DETECTOR STARTED ===
2025-11-27 12:55:01,646 | INFO | Config: {'log_file': 'month1/fake_auth.log', 'output_file': 'month1/alerts.json', 'threshold_count': 3, 'time_window_minutes': 15, 'log_level': 'INFO', 'alert_title': 'BRUTE_FORCE_15MIN', 'smtp_server': 'smtp.gmail.com', 'smtp_port': 587, 'email_from': 'suleephraim1@gmail.com', 'email_to': 'cyberlootkeeper@gmail.com', 'email_password': 'uwijddtfwdtmmony'}
2025-11-27 12:55:01,653 | WARNING | Bad timestamp at line 5: 11/01/2025 09:42:00 AM -EventID: 4625
2025-11-27 12:55:01,654 | WARNING | Bad timestamp at line 6: 11/01/2025 09:30:00 AM -EventID: 4625
2025-11-27 12:55:01,654 | WARNING | Bad timestamp at line 7: 11/01/2025 09:36:00 AM -EventID: 4625
2025-11-27 12:55:01,654 | WARNING | Bad timestamp at line 8: 11/01/2025 09:33:00 AM -EventID: 4625
2025-11-27 12:55:01,654 | WARNING | Bad timestamp at line 10: 11/01/2025 09:36:00 AM -EventID: 4625
2025-11-27 12:55:01,654 | WARNING | Bad timestamp at line 12: 11/01/2025 09:33:00 AM -EventID: 4625
2025-11-27 12:55:01,654 | WARNING | Bad timestamp at line 13: 11/01/2025 09:33:00 AM -EventID: 4625
2025-11-27 12:55:01,655 | WARNING | Bad timestamp at line 14: 11/01/2025 09:30:00 AM -EventID: 4625
2025-11-27 12:55:01,655 | WARNING | Bad timestamp at line 15: 11/01/2025 09:36:00 AM -EventID: 4625
2025-11-27 12:55:01,655 | WARNING | Bad timestamp at line 17: 11/01/2025 09:33:00 AM -EventID: 4625
2025-11-27 12:55:01,655 | WARNING | Bad timestamp at line 18: 11/01/2025 09:30:00 AM -EventID: 4625
2025-11-27 12:55:01,655 | WARNING | Bad timestamp at line 19: 11/01/2025 09:33:00 AM -EventID: 4625
2025-11-27 12:55:01,655 | WARNING | Bad timestamp at line 21: 11/01/2025 09:42:00 AM -EventID: 4625
2025-11-27 12:55:01,655 | WARNING | Bad timestamp at line 22: 11/01/2025 09:39:00 AM -EventID: 4625
2025-11-27 12:55:01,656 | WARNING | Bad timestamp at line 23: 11/01/2025 09:36:00 AM -EventID: 4625
2025-11-27 12:55:01,656 | WARNING | Bad timestamp at line 25: 11/01/2025 09:33:00 AM -EventID: 4625
2025-11-27 12:55:01,656 | WARNING | Bad timestamp at line 26: 11/01/2025 09:33:00 AM -EventID: 4625
2025-11-27 12:55:01,656 | WARNING | Bad timestamp at line 27: 11/01/2025 09:39:00 AM -EventID: 4625
2025-11-27 12:55:01,656 | WARNING | Bad timestamp at line 28: 11/01/2025 09:42:00 AM -EventID: 4625
2025-11-27 12:55:01,656 | WARNING | Bad timestamp at line 29: 11/01/2025 09:42:00 AM -EventID: 4625
2025-11-27 12:55:01,656 | WARNING | Bad timestamp at line 30: 11/01/2025 09:36:00 AM -EventID: 4625
2025-11-27 12:55:01,656 | WARNING | Bad timestamp at line 31: 11/01/2025 09:36:00 AM -EventID: 4625
2025-11-27 12:55:01,657 | WARNING | Bad timestamp at line 32: 11/01/2025 09:30:00 AM -EventID: 4625
2025-11-27 12:55:01,657 | WARNING | Bad timestamp at line 33: 11/01/2025 09:36:00 AM -EventID: 4625
2025-11-27 12:55:01,657 | WARNING | Bad timestamp at line 34: 11/01/2025 09:42:00 AM -EventID: 4625
2025-11-27 12:55:01,657 | WARNING | Bad timestamp at line 35: 11/01/2025 09:39:00 AM -EventID: 4625
2025-11-27 12:55:01,657 | WARNING | Bad timestamp at line 36: 11/01/2025 09:39:00 AM -EventID: 4625
2025-11-27 12:55:01,657 | WARNING | Bad timestamp at line 37: 11/01/2025 09:39:00 AM -EventID: 4625
2025-11-27 12:55:01,657 | WARNING | Bad timestamp at line 38: 11/01/2025 09:42:00 AM -EventID: 4625
2025-11-27 12:55:01,657 | WARNING | Bad timestamp at line 39: 11/01/2025 09:30:00 AM -EventID: 4625
2025-11-27 12:55:01,658 | WARNING | Bad timestamp at line 40: 11/01/2025 09:33:00 AM -EventID: 4625
2025-11-27 12:55:01,658 | WARNING | Bad timestamp at line 41: 11/01/2025 09:30:00 AM -EventID: 4625
2025-11-27 12:55:01,658 | WARNING | Bad timestamp at line 43: 11/01/2025 09:39:00 AM -EventID: 4625
2025-11-27 12:55:01,658 | WARNING | Bad timestamp at line 44: 11/01/2025 09:36:00 AM -EventID: 4625
2025-11-27 12:55:01,658 | WARNING | Bad timestamp at line 45: 11/01/2025 09:30:00 AM -EventID: 4625
2025-11-27 12:55:01,658 | WARNING | Bad timestamp at line 46: 11/01/2025 09:42:00 AM -EventID: 4625
2025-11-27 12:55:01,658 | WARNING | Bad timestamp at line 47: 11/01/2025 09:36:00 AM -EventID: 4625
2025-11-27 12:55:01,658 | WARNING | Bad timestamp at line 48: 11/01/2025 09:42:00 AM -EventID: 4625
2025-11-27 12:55:01,659 | WARNING | Bad timestamp at line 49: 11/01/2025 09:42:00 AM -EventID: 4625
2025-11-27 12:55:01,659 | WARNING | Bad timestamp at line 50: 11/01/2025 09:42:00 AM -EventID: 4625
2025-11-27 12:55:01,659 | WARNING | Bad timestamp at line 51: 11/01/2025 09:39:00 AM -EventID: 4625
2025-11-27 12:55:01,659 | WARNING | Bad timestamp at line 52: 11/01/2025 09:42:00 AM -EventID: 4625
2025-11-27 12:55:01,659 | WARNING | Bad timestamp at line 53: 11/01/2025 09:30:00 AM -EventID: 4625
2025-11-27 12:55:01,659 | WARNING | Bad timestamp at line 54: 11/01/2025 09:30:00 AM -EventID: 4625
2025-11-27 12:55:01,659 | WARNING | Bad timestamp at line 55: 11/01/2025 09:30:00 AM -EventID: 4625
2025-11-27 12:55:01,659 | WARNING | Bad timestamp at line 56: 11/01/2025 09:33:00 AM -EventID: 4625
2025-11-27 12:55:01,660 | WARNING | Bad timestamp at line 58: 11/01/2025 09:42:00 AM -EventID: 4625
2025-11-27 12:55:01,660 | WARNING | Bad timestamp at line 59: 11/01/2025 09:36:00 AM -EventID: 4625
2025-11-27 12:55:01,660 | WARNING | Bad timestamp at line 60: 11/01/2025 09:36:00 AM -EventID: 4625
2025-11-27 12:55:01,660 | WARNING | Bad timestamp at line 61: 11/01/2025 09:33:00 AM -EventID: 4625
2025-11-27 12:55:01,660 | WARNING | Bad timestamp at line 62: 11/01/2025 09:42:00 AM -EventID: 4625
2025-11-27 12:55:01,660 | WARNING | Bad timestamp at line 64: 11/01/2025 09:30:00 AM -EventID: 4625
2025-11-27 12:55:01,660 | WARNING | Bad timestamp at line 65: 11/01/2025 09:39:00 AM -EventID: 4625
2025-11-27 12:55:01,660 | WARNING | Bad timestamp at line 66: 11/01/2025 09:42:00 AM -EventID: 4625
2025-11-27 12:55:01,660 | WARNING | Bad timestamp at line 67: 11/01/2025 09:39:00 AM -EventID: 4625
2025-11-27 12:55:01,661 | WARNING | Bad timestamp at line 68: 11/01/2025 09:36:00 AM -EventID: 4625
2025-11-27 12:55:01,661 | WARNING | Bad timestamp at line 69: 11/01/2025 09:42:00 AM -EventID: 4625
2025-11-27 12:55:01,661 | WARNING | Bad timestamp at line 70: 11/01/2025 09:39:00 AM -EventID: 4625
2025-11-27 12:55:01,661 | WARNING | Bad timestamp at line 72: 11/01/2025 09:36:00 AM -EventID: 4625
2025-11-27 12:55:01,661 | WARNING | Bad timestamp at line 73: 11/01/2025 09:42:00 AM -EventID: 4625
2025-11-27 12:55:01,661 | WARNING | Bad timestamp at line 75: 11/01/2025 09:33:00 AM -EventID: 4625
2025-11-27 12:55:01,661 | WARNING | Bad timestamp at line 76: 11/01/2025 09:39:00 AM -EventID: 4625
2025-11-27 12:55:01,661 | WARNING | Bad timestamp at line 78: 11/01/2025 09:42:00 AM -EventID: 4625
2025-11-27 12:55:01,662 | WARNING | Bad timestamp at line 79: 11/01/2025 09:36:00 AM -EventID: 4625
2025-11-27 12:55:01,662 | WARNING | Bad timestamp at line 80: 11/01/2025 09:42:00 AM -EventID: 4625
2025-11-27 12:55:01,662 | WARNING | Bad timestamp at line 81: 11/01/2025 09:30:00 AM -EventID: 4625
2025-11-27 12:55:01,662 | WARNING | Bad timestamp at line 82: 11/01/2025 09:30:00 AM -EventID: 4625
2025-11-27 12:55:01,662 | WARNING | Bad timestamp at line 83: 11/01/2025 09:39:00 AM -EventID: 4625
2025-11-27 12:55:01,662 | WARNING | Bad timestamp at line 84: 11/01/2025 09:33:00 AM -EventID: 4625
2025-11-27 12:55:01,662 | WARNING | Bad timestamp at line 85: 11/01/2025 09:39:00 AM -EventID: 4625
2025-11-27 12:55:01,662 | WARNING | Bad timestamp at line 86: 11/01/2025 09:42:00 AM -EventID: 4625
2025-11-27 12:55:01,663 | WARNING | Bad timestamp at line 87: 11/01/2025 09:33:00 AM -EventID: 4625
2025-11-27 12:55:01,663 | WARNING | Bad timestamp at line 88: 11/01/2025 09:33:00 AM -EventID: 4625
2025-11-27 12:55:01,663 | WARNING | Bad timestamp at line 89: 11/01/2025 09:39:00 AM -EventID: 4625
2025-11-27 12:55:01,663 | WARNING | Bad timestamp at line 90: 11/01/2025 09:36:00 AM -EventID: 4625
2025-11-27 12:55:01,663 | WARNING | Bad timestamp at line 91: 11/01/2025 09:39:00 AM -EventID: 4625
2025-11-27 12:55:01,663 | WARNING | Bad timestamp at line 92: 11/01/2025 09:33:00 AM -EventID: 4625
2025-11-27 12:55:01,663 | WARNING | Bad timestamp at line 95: 11/01/2025 09:30:00 AM -EventID: 4625
2025-11-27 12:55:01,663 | WARNING | Bad timestamp at line 96: 11/01/2025 09:33:00 AM -EventID: 4625
2025-11-27 12:55:01,663 | WARNING | Bad timestamp at line 97: 11/01/2025 09:33:00 AM -EventID: 4625
2025-11-27 12:55:01,664 | WARNING | Bad timestamp at line 98: 11/01/2025 09:33:00 AM -EventID: 4625
2025-11-27 12:55:01,664 | WARNING | Bad timestamp at line 99: 11/01/2025 09:39:00 AM -EventID: 4625
2025-11-27 12:55:01,664 | WARNING | Bad timestamp at line 100: 11/01/2025 09:33:00 AM -EventID: 4625
2025-11-27 12:55:01,664 | WARNING | Bad timestamp at line 101: 11/01/2025 09:33:00 AM -EventID: 4625
2025-11-27 12:55:01,664 | WARNING | Bad timestamp at line 102: 11/01/2025 09:36:00 AM -EventID: 4625
2025-11-27 12:55:01,664 | WARNING | Bad timestamp at line 103: 11/01/2025 09:30:00 AM -EventID: 4625
2025-11-27 12:55:01,664 | WARNING | Bad timestamp at line 104: 11/01/2025 09:30:00 AM -EventID: 4625
2025-11-27 12:55:01,664 | WARNING | Bad timestamp at line 105: 11/01/2025 09:36:00 AM -EventID: 4625
2025-11-27 12:55:01,664 | WARNING | Bad timestamp at line 106: 11/01/2025 09:36:00 AM -EventID: 4625
2025-11-27 12:55:01,665 | WARNING | Bad timestamp at line 107: 11/01/2025 09:39:00 AM -EventID: 4625
2025-11-27 12:55:01,665 | WARNING | Bad timestamp at line 109: 11/01/2025 09:36:00 AM -EventID: 4625
2025-11-27 12:55:01,665 | WARNING | Bad timestamp at line 110: 11/01/2025 09:39:00 AM -EventID: 4625
2025-11-27 12:55:01,665 | WARNING | Bad timestamp at line 111: 11/01/2025 09:39:00 AM -EventID: 4625
2025-11-27 12:55:01,665 | WARNING | Bad timestamp at line 112: 11/01/2025 09:39:00 AM -EventID: 4625
2025-11-27 12:55:01,665 | WARNING | Bad timestamp at line 113: 11/01/2025 09:39:00 AM -EventID: 4625
2025-11-27 12:55:01,665 | WARNING | Bad timestamp at line 114: 11/01/2025 09:42:00 AM -EventID: 4625
2025-11-27 12:55:01,665 | WARNING | Bad timestamp at line 115: 11/01/2025 09:33:00 AM -EventID: 4625
2025-11-27 12:55:01,666 | WARNING | Bad timestamp at line 116: 11/01/2025 09:39:00 AM -EventID: 4625
2025-11-27 12:55:01,666 | WARNING | Bad timestamp at line 117: 11/01/2025 09:36:00 AM -EventID: 4625
2025-11-27 12:55:01,666 | WARNING | Bad timestamp at line 118: 11/01/2025 09:39:00 AM -EventID: 4625
2025-11-27 12:55:01,666 | WARNING | Bad timestamp at line 119: 11/01/2025 09:39:00 AM -EventID: 4625
2025-11-27 12:55:01,666 | WARNING | Bad timestamp at line 120: 11/01/2025 09:36:00 AM -EventID: 4625
2025-11-27 12:55:01,666 | WARNING | Bad timestamp at line 121: 11/01/2025 09:30:00 AM -EventID: 4625
2025-11-27 12:55:01,666 | WARNING | Bad timestamp at line 122: 11/01/2025 09:36:00 AM -EventID: 4625
2025-11-27 12:55:01,666 | WARNING | Bad timestamp at line 123: 11/01/2025 09:33:00 AM -EventID: 4625
2025-11-27 12:55:01,666 | WARNING | Bad timestamp at line 124: 11/01/2025 09:42:00 AM -EventID: 4625
2025-11-27 12:55:01,667 | WARNING | Bad timestamp at line 125: 11/01/2025 09:30:00 AM -EventID: 4625
2025-11-27 12:55:01,667 | WARNING | Bad timestamp at line 126: 11/01/2025 09:42:00 AM -EventID: 4625
2025-11-27 12:55:01,667 | WARNING | Bad timestamp at line 127: 11/01/2025 09:30:00 AM -EventID: 4625
2025-11-27 12:55:01,667 | WARNING | Bad timestamp at line 128: 11/01/2025 09:30:00 AM -EventID: 4625
2025-11-27 12:55:01,667 | WARNING | Bad timestamp at line 129: 11/01/2025 09:42:00 AM -EventID: 4625
2025-11-27 12:55:01,667 | WARNING | Bad timestamp at line 130: 11/01/2025 09:39:00 AM -EventID: 4625
2025-11-27 12:55:01,667 | WARNING | Bad timestamp at line 131: 11/01/2025 09:30:00 AM -EventID: 4625
2025-11-27 12:55:01,667 | WARNING | Bad timestamp at line 132: 11/01/2025 09:36:00 AM -EventID: 4625
2025-11-27 12:55:01,668 | WARNING | Bad timestamp at line 133: 11/01/2025 09:30:00 AM -EventID: 4625
2025-11-27 12:55:01,668 | WARNING | Bad timestamp at line 134: 11/01/2025 09:33:00 AM -EventID: 4625
2025-11-27 12:55:01,668 | WARNING | Bad timestamp at line 135: 11/01/2025 09:36:00 AM -EventID: 4625
2025-11-27 12:55:01,668 | WARNING | Bad timestamp at line 136: 11/01/2025 09:42:00 AM -EventID: 4625
2025-11-27 12:55:01,668 | WARNING | Bad timestamp at line 137: 11/01/2025 09:33:00 AM -EventID: 4625
2025-11-27 12:55:01,668 | WARNING | Bad timestamp at line 138: 11/01/2025 09:30:00 AM -EventID: 4625
2025-11-27 12:55:01,668 | WARNING | Bad timestamp at line 139: 11/01/2025 09:33:00 AM -EventID: 4625
2025-11-27 12:55:01,668 | WARNING | Bad timestamp at line 141: 11/01/2025 09:42:00 AM -EventID: 4625
2025-11-27 12:55:01,669 | WARNING | Bad timestamp at line 142: 11/01/2025 09:30:00 AM -EventID: 4625
2025-11-27 12:55:01,669 | WARNING | Bad timestamp at line 143: 11/01/2025 09:36:00 AM -EventID: 4625
2025-11-27 12:55:01,669 | WARNING | Bad timestamp at line 144: 11/01/2025 09:30:00 AM -EventID: 4625
2025-11-27 12:55:01,669 | INFO | Parsed 0 failed logins
2025-11-27 12:55:01,669 | INFO | Exported 0 alert(s) to month1/alerts.json
2025-11-27 12:55:01,669 | INFO | No alerts generated.
2025-11-27 21:20:29,490 | INFO | === BRUTE-FORCE DETECTOR STARTED ===
2025-11-27 21:20:29,490 | INFO | Config: {'log_file': 'month1/fake_auth.log', 'output_file': 'month1/alerts.json', 'threshold_count': 3, 'time_window_minutes': 15, 'log_level': 'INFO', 'alert_title': 'BRUTE_FORCE_15MIN', 'smtp_server': 'smtp.gmail.com', 'smtp_port': 587, 'email_from': 'suleephraim1@gmail.com', 'email_to': 'cyberlootkeeper@gmail.com', 'email_password': 'uwijddtfwdtmmony'}
2025-11-27 21:20:29,494 | WARNING | Bad timestamp at line 5: 11/01/2025 09:42:00 AM -EventID: 4625
2025-11-27 21:20:29,494 | WARNING | Bad timestamp at line 6: 11/01/2025 09:30:00 AM -EventID: 4625
2025-11-27 21:20:29,495 | WARNING | Bad timestamp at line 7: 11/01/2025 09:36:00 AM -EventID: 4625
2025-11-27 21:20:29,495 | WARNING | Bad timestamp at line 8: 11/01/2025 09:33:00 AM -EventID: 4625
2025-11-27 21:20:29,495 | WARNING | Bad timestamp at line 10: 11/01/2025 09:36:00 AM -EventID: 4625
2025-11-27 21:20:29,495 | WARNING | Bad timestamp at line 12: 11/01/2025 09:33:00 AM -EventID: 4625
2025-11-27 21:20:29,495 | WARNING | Bad timestamp at line 13: 11/01/2025 09:33:00 AM -EventID: 4625
2025-11-27 21:20:29,495 | WARNING | Bad timestamp at line 14: 11/01/2025 09:30:00 AM -EventID: 4625
2025-11-27 21:20:29,495 | WARNING | Bad timestamp at line 15: 11/01/2025 09:36:00 AM -EventID: 4625
2025-11-27 21:20:29,495 | WARNING | Bad timestamp at line 17: 11/01/2025 09:33:00 AM -EventID: 4625
2025-11-27 21:20:29,496 | WARNING | Bad timestamp at line 18: 11/01/2025 09:30:00 AM -EventID: 4625
2025-11-27 21:20:29,496 | WARNING | Bad timestamp at line 19: 11/01/2025 09:33:00 AM -EventID: 4625
2025-11-27 21:20:29,496 | WARNING | Bad timestamp at line 21: 11/01/2025 09:42:00 AM -EventID: 4625
2025-11-27 21:20:29,496 | WARNING | Bad timestamp at line 22: 11/01/2025 09:39:00 AM -EventID: 4625
2025-11-27 21:20:29,496 | WARNING | Bad timestamp at line 23: 11/01/2025 09:36:00 AM -EventID: 4625
2025-11-27 21:20:29,496 | WARNING | Bad timestamp at line 25: 11/01/2025 09:33:00 AM -EventID: 4625
2025-11-27 21:20:29,496 | WARNING | Bad timestamp at line 26: 11/01/2025 09:33:00 AM -EventID: 4625
2025-11-27 21:20:29,496 | WARNING | Bad timestamp at line 27: 11/01/2025 09:39:00 AM -EventID: 4625
2025-11-27 21:20:29,496 | WARNING | Bad timestamp at line 28: 11/01/2025 09:42:00 AM -EventID: 4625
2025-11-27 21:20:29,496 | WARNING | Bad timestamp at line 29: 11/01/2025 09:42:00 AM -EventID: 4625
2025-11-27 21:20:29,497 | WARNING | Bad timestamp at line 30: 11/01/2025 09:36:00 AM -EventID: 4625
2025-11-27 21:20:29,497 | WARNING | Bad timestamp at line 31: 11/01/2025 09:36:00 AM -EventID: 4625
2025-11-27 21:20:29,497 | WARNING | Bad timestamp at line 32: 11/01/2025 09:30:00 AM -EventID: 4625
2025-11-27 21:20:29,497 | WARNING | Bad timestamp at line 33: 11/01/2025 09:36:00 AM -EventID: 4625
2025-11-27 21:20:29,497 | WARNING | Bad timestamp at line 34: 11/01/2025 09:42:00 AM -EventID: 4625
2025-11-27 21:20:29,497 | WARNING | Bad timestamp at line 35: 11/01/2025 09:39:00 AM -EventID: 4625
2025-11-27 21:20:29,497 | WARNING | Bad timestamp at line 36: 11/01/2025 09:39:00 AM -EventID: 4625
2025-11-27 21:20:29,497 | WARNING | Bad timestamp at line 37: 11/01/2025 09:39:00 AM -EventID: 4625
2025-11-27 21:20:29,497 | WARNING | Bad timestamp at line 38: 11/01/2025 09:42:00 AM -EventID: 4625
2025-11-27 21:20:29,498 | WARNING | Bad timestamp at line 39: 11/01/2025 09:30:00 AM -EventID: 4625
2025-11-27 21:20:29,498 | WARNING | Bad timestamp at line 40: 11/01/2025 09:33:00 AM -EventID: 4625
2025-11-27 21:20:29,498 | WARNING | Bad timestamp at line 41: 11/01/2025 09:30:00 AM -EventID: 4625
2025-11-27 21:20:29,498 | WARNING | Bad timestamp at line 43: 11/01/2025 09:39:00 AM -EventID: 4625
2025-11-27 21:20:29,498 | WARNING | Bad timestamp at line 44: 11/01/2025 09:36:00 AM -EventID: 4625
2025-11-27 21:20:29,498 | WARNING | Bad timestamp at line 45: 11/01/2025 09:30:00 AM -EventID: 4625
2025-11-27 21:20:29,498 | WARNING | Bad timestamp at line 46: 11/01/2025 09:42:00 AM -EventID: 4625
2025-11-27 21:20:29,498 | WARNING | Bad timestamp at line 47: 11/01/2025 09:36:00 AM -EventID: 4625
2025-11-27 21:20:29,498 | WARNING | Bad timestamp at line 48: 11/01/2025 09:42:00 AM -EventID: 4625
2025-11-27 21:20:29,498 | WARNING | Bad timestamp at line 49: 11/01/2025 09:42:00 AM -EventID: 4625
2025-11-27 21:20:29,499 | WARNING | Bad timestamp at line 50: 11/01/2025 09:42:00 AM -EventID: 4625
2025-11-27 21:20:29,499 | WARNING | Bad timestamp at line 51: 11/01/2025 09:39:00 AM -EventID: 4625
2025-11-27 21:20:29,499 | WARNING | Bad timestamp at line 52: 11/01/2025 09:42:00 AM -EventID: 4625
2025-11-27 21:20:29,499 | WARNING | Bad timestamp at line 53: 11/01/2025 09:30:00 AM -EventID: 4625
2025-11-27 21:20:29,499 | WARNING | Bad timestamp at line 54: 11/01/2025 09:30:00 AM -EventID: 4625
2025-11-27 21:20:29,499 | WARNING | Bad timestamp at line 55: 11/01/2025 09:30:00 AM -EventID: 4625
2025-11-27 21:20:29,499 | WARNING | Bad timestamp at line 56: 11/01/2025 09:33:00 AM -EventID: 4625
2025-11-27 21:20:29,499 | WARNING | Bad timestamp at line 58: 11/01/2025 09:42:00 AM -EventID: 4625
2025-11-27 21:20:29,499 | WARNING | Bad timestamp at line 59: 11/01/2025 09:36:00 AM -EventID: 4625
2025-11-27 21:20:29,500 | WARNING | Bad timestamp at line 60: 11/01/2025 09:36:00 AM -EventID: 4625
2025-11-27 21:20:29,500 | WARNING | Bad timestamp at line 61: 11/01/2025 09:33:00 AM -EventID: 4625
2025-11-27 21:20:29,500 | WARNING | Bad timestamp at line 62: 11/01/2025 09:42:00 AM -EventID: 4625
2025-11-27 21:20:29,500 | WARNING | Bad timestamp at line 64: 11/01/2025 09:30:00 AM -EventID: 4625
2025-11-27 21:20:29,500 | WARNING | Bad timestamp at line 65: 11/01/2025 09:39:00 AM -EventID: 4625
2025-11-27 21:20:29,500 | WARNING | Bad timestamp at line 66: 11/01/2025 09:42:00 AM -EventID: 4625
2025-11-27 21:20:29,500 | WARNING | Bad timestamp at line 67: 11/01/2025 09:39:00 AM -EventID: 4625
2025-11-27 21:20:29,500 | WARNING | Bad timestamp at line 68: 11/01/2025 09:36:00 AM -EventID: 4625
2025-11-27 21:20:29,500 | WARNING | Bad timestamp at line 69: 11/01/2025 09:42:00 AM -EventID: 4625
2025-11-27 21:20:29,500 | WARNING | Bad timestamp at line 70: 11/01/2025 09:39:00 AM -EventID: 4625
2025-11-27 21:20:29,501 | WARNING | Bad timestamp at line 72: 11/01/2025 09:36:00 AM -EventID: 4625
2025-11-27 21:20:29,501 | WARNING | Bad timestamp at line 73: 11/01/2025 09:42:00 AM -EventID: 4625
2025-11-27 21:20:29,501 | WARNING | Bad timestamp at line 75: 11/01/2025 09:33:00 AM -EventID: 4625
2025-11-27 21:20:29,501 | WARNING | Bad timestamp at line 76: 11/01/2025 09:39:00 AM -EventID: 4625
2025-11-27 21:20:29,501 | WARNING | Bad timestamp at line 78: 11/01/2025 09:42:00 AM -EventID: 4625
2025-11-27 21:20:29,501 | WARNING | Bad timestamp at line 79: 11/01/2025 09:36:00 AM -EventID: 4625
2025-11-27 21:20:29,501 | WARNING | Bad timestamp at line 80: 11/01/2025 09:42:00 AM -EventID: 4625
2025-11-27 21:20:29,501 | WARNING | Bad timestamp at line 81: 11/01/2025 09:30:00 AM -EventID: 4625
2025-11-27 21:20:29,501 | WARNING | Bad timestamp at line 82: 11/01/2025 09:30:00 AM -EventID: 4625
2025-11-27 21:20:29,501 | WARNING | Bad timestamp at line 83: 11/01/2025 09:39:00 AM -EventID: 4625
2025-11-27 21:20:29,502 | WARNING | Bad timestamp at line 84: 11/01/2025 09:33:00 AM -EventID: 4625
2025-11-27 21:20:29,502 | WARNING | Bad timestamp at line 85: 11/01/2025 09:39:00 AM -EventID: 4625
2025-11-27 21:20:29,502 | WARNING | Bad timestamp at line 86: 11/01/2025 09:42:00 AM -EventID: 4625
2025-11-27 21:20:29,502 | WARNING | Bad timestamp at line 87: 11/01/2025 09:33:00 AM -EventID: 4625
2025-11-27 21:20:29,502 | WARNING | Bad timestamp at line 88: 11/01/2025 09:33:00 AM -EventID: 4625
2025-11-27 21:20:29,502 | WARNING | Bad timestamp at line 89: 11/01/2025 09:39:00 AM -EventID: 4625
2025-11-27 21:20:29,502 | WARNING | Bad timestamp at line 90: 11/01/2025 09:36:00 AM -EventID: 4625
2025-11-27 21:20:29,502 | WARNING | Bad timestamp at line 91: 11/01/2025 09:39:00 AM -EventID: 4625
2025-11-27 21:20:29,502 | WARNING | Bad timestamp at line 92: 11/01/2025 09:33:00 AM -EventID: 4625
2025-11-27 21:20:29,502 | WARNING | Bad timestamp at line 95: 11/01/2025 09:30:00 AM -EventID: 4625
2025-11-27 21:20:29,503 | WARNING | Bad timestamp at line 96: 11/01/2025 09:33:00 AM -EventID: 4625
2025-11-27 21:20:29,503 | WARNING | Bad timestamp at line 97: 11/01/2025 09:33:00 AM -EventID: 4625
2025-11-27 21:20:29,503 | WARNING | Bad timestamp at line 98: 11/01/2025 09:33:00 AM -EventID: 4625
2025-11-27 21:20:29,503 | WARNING | Bad timestamp at line 99: 11/01/2025 09:39:00 AM -EventID: 4625
2025-11-27 21:20:29,503 | WARNING | Bad timestamp at line 100: 11/01/2025 09:33:00 AM -EventID: 4625
2025-11-27 21:20:29,503 | WARNING | Bad timestamp at line 101: 11/01/2025 09:33:00 AM -EventID: 4625
2025-11-27 21:20:29,503 | WARNING | Bad timestamp at line 102: 11/01/2025 09:36:00 AM -EventID: 4625
2025-11-27 21:20:29,503 | WARNING | Bad timestamp at line 103: 11/01/2025 09:30:00 AM -EventID: 4625
2025-11-27 21:20:29,503 | WARNING | Bad timestamp at line 104: 11/01/2025 09:30:00 AM -EventID: 4625
2025-11-27 21:20:29,503 | WARNING | Bad timestamp at line 105: 11/01/2025 09:36:00 AM -EventID: 4625
2025-11-27 21:20:29,504 | WARNING | Bad timestamp at line 106: 11/01/2025 09:36:00 AM -EventID: 4625
2025-11-27 21:20:29,504 | WARNING | Bad timestamp at line 107: 11/01/2025 09:39:00 AM -EventID: 4625
2025-11-27 21:20:29,504 | WARNING | Bad timestamp at line 109: 11/01/2025 09:36:00 AM -EventID: 4625
2025-11-27 21:20:29,504 | WARNING | Bad timestamp at line 110: 11/01/2025 09:39:00 AM -EventID: 4625
2025-11-27 21:20:29,504 | WARNING | Bad timestamp at line 111: 11/01/2025 09:39:00 AM -EventID: 4625
2025-11-27 21:20:29,504 | WARNING | Bad timestamp at line 112: 11/01/2025 09:39:00 AM -EventID: 4625
2025-11-27 21:20:29,504 | WARNING | Bad timestamp at line 113: 11/01/2025 09:39:00 AM -EventID: 4625
2025-11-27 21:20:29,504 | WARNING | Bad timestamp at line 114: 11/01/2025 09:42:00 AM -EventID: 4625
2025-11-27 21:20:29,504 | WARNING | Bad timestamp at line 115: 11/01/2025 09:33:00 AM -EventID: 4625
2025-11-27 21:20:29,504 | WARNING | Bad timestamp at line 116: 11/01/2025 09:39:00 AM -EventID: 4625
2025-11-27 21:20:29,505 | WARNING | Bad timestamp at line 117: 11/01/2025 09:36:00 AM -EventID: 4625
2025-11-27 21:20:29,505 | WARNING | Bad timestamp at line 118: 11/01/2025 09:39:00 AM -EventID: 4625
2025-11-27 21:20:29,505 | WARNING | Bad timestamp at line 119: 11/01/2025 09:39:00 AM -EventID: 4625
2025-11-27 21:20:29,505 | WARNING | Bad timestamp at line 120: 11/01/2025 09:36:00 AM -EventID: 4625
2025-11-27 21:20:29,505 | WARNING | Bad timestamp at line 121: 11/01/2025 09:30:00 AM -EventID: 4625
2025-11-27 21:20:29,505 | WARNING | Bad timestamp at line 122: 11/01/2025 09:36:00 AM -EventID: 4625
2025-11-27 21:20:29,505 | WARNING | Bad timestamp at line 123: 11/01/2025 09:33:00 AM -EventID: 4625
2025-11-27 21:20:29,505 | WARNING | Bad timestamp at line 124: 11/01/2025 09:42:00 AM -EventID: 4625
2025-11-27 21:20:29,505 | WARNING | Bad timestamp at line 125: 11/01/2025 09:30:00 AM -EventID: 4625
2025-11-27 21:20:29,505 | WARNING | Bad timestamp at line 126: 11/01/2025 09:42:00 AM -EventID: 4625
2025-11-27 21:20:29,506 | WARNING | Bad timestamp at line 127: 11/01/2025 09:30:00 AM -EventID: 4625
2025-11-27 21:20:29,506 | WARNING | Bad timestamp at line 128: 11/01/2025 09:30:00 AM -EventID: 4625
2025-11-27 21:20:29,506 | WARNING | Bad timestamp at line 129: 11/01/2025 09:42:00 AM -EventID: 4625
2025-11-27 21:20:29,506 | WARNING | Bad timestamp at line 130: 11/01/2025 09:39:00 AM -EventID: 4625
2025-11-27 21:20:29,506 | WARNING | Bad timestamp at line 131: 11/01/2025 09:30:00 AM -EventID: 4625
2025-11-27 21:20:29,506 | WARNING | Bad timestamp at line 132: 11/01/2025 09:36:00 AM -EventID: 4625
2025-11-27 21:20:29,506 | WARNING | Bad timestamp at line 133: 11/01/2025 09:30:00 AM -EventID: 4625
2025-11-27 21:20:29,506 | WARNING | Bad timestamp at line 134: 11/01/2025 09:33:00 AM -EventID: 4625
2025-11-27 21:20:29,506 | WARNING | Bad timestamp at line 135: 11/01/2025 09:36:00 AM -EventID: 4625
2025-11-27 21:20:29,507 | WARNING | Bad timestamp at line 136: 11/01/2025 09:42:00 AM -EventID: 4625
2025-11-27 21:20:29,507 | WARNING | Bad timestamp at line 137: 11/01/2025 09:33:00 AM -EventID: 4625
2025-11-27 21:20:29,507 | WARNING | Bad timestamp at line 138: 11/01/2025 09:30:00 AM -EventID: 4625
2025-11-27 21:20:29,507 | WARNING | Bad timestamp at line 139: 11/01/2025 09:33:00 AM -EventID: 4625
2025-11-27 21:20:29,507 | WARNING | Bad timestamp at line 141: 11/01/2025 09:42:00 AM -EventID: 4625
2025-11-27 21:20:29,507 | WARNING | Bad timestamp at line 142: 11/01/2025 09:30:00 AM -EventID: 4625
2025-11-27 21:20:29,507 | WARNING | Bad timestamp at line 143: 11/01/2025 09:36:00 AM -EventID: 4625
2025-11-27 21:20:29,507 | WARNING | Bad timestamp at line 144: 11/01/2025 09:30:00 AM -EventID: 4625
2025-11-27 21:20:29,507 | INFO | Parsed 0 failed logins
2025-11-27 21:20:29,508 | INFO | Exported 0 alert(s) to month1/alerts.json
2025-11-27 21:20:29,508 | INFO | No alerts generated.
2025-11-27 21:25:01,647 | INFO | === BRUTE-FORCE DETECTOR STARTED ===
2025-11-27 21:25:01,647 | INFO | Config: {'log_file': 'month1/fake_auth.log', 'output_file': 'month1/alerts.json', 'threshold_count': 3, 'time_window_minutes': 15, 'log_level': 'INFO', 'alert_title': 'BRUTE_FORCE_15MIN', 'smtp_server': 'smtp.gmail.com', 'smtp_port': 587, 'email_from': 'suleephraim1@gmail.com', 'email_to': 'cyberlootkeeper@gmail.com', 'email_password': 'uwijddtfwdtmmony'}
2025-11-27 21:25:01,660 | WARNING | Bad timestamp at line 5: 11/01/2025 09:42:00 AM -EventID: 4625
2025-11-27 21:25:01,661 | WARNING | Bad timestamp at line 6: 11/01/2025 09:30:00 AM -EventID: 4625
2025-11-27 21:25:01,661 | WARNING | Bad timestamp at line 7: 11/01/2025 09:36:00 AM -EventID: 4625
2025-11-27 21:25:01,661 | WARNING | Bad timestamp at line 8: 11/01/2025 09:33:00 AM -EventID: 4625
2025-11-27 21:25:01,661 | WARNING | Bad timestamp at line 10: 11/01/2025 09:36:00 AM -EventID: 4625
2025-11-27 21:25:01,661 | WARNING | Bad timestamp at line 12: 11/01/2025 09:33:00 AM -EventID: 4625
2025-11-27 21:25:01,661 | WARNING | Bad timestamp at line 13: 11/01/2025 09:33:00 AM -EventID: 4625
2025-11-27 21:25:01,661 | WARNING | Bad timestamp at line 14: 11/01/2025 09:30:00 AM -EventID: 4625
2025-11-27 21:25:01,662 | WARNING | Bad timestamp at line 15: 11/01/2025 09:36:00 AM -EventID: 4625
2025-11-27 21:25:01,662 | WARNING | Bad timestamp at line 17: 11/01/2025 09:33:00 AM -EventID: 4625
2025-11-27 21:25:01,662 | WARNING | Bad timestamp at line 18: 11/01/2025 09:30:00 AM -EventID: 4625
2025-11-27 21:25:01,662 | WARNING | Bad timestamp at line 19: 11/01/2025 09:33:00 AM -EventID: 4625
2025-11-27 21:25:01,662 | WARNING | Bad timestamp at line 21: 11/01/2025 09:42:00 AM -EventID: 4625
2025-11-27 21:25:01,662 | WARNING | Bad timestamp at line 22: 11/01/2025 09:39:00 AM -EventID: 4625
2025-11-27 21:25:01,662 | WARNING | Bad timestamp at line 23: 11/01/2025 09:36:00 AM -EventID: 4625
2025-11-27 21:25:01,662 | WARNING | Bad timestamp at line 25: 11/01/2025 09:33:00 AM -EventID: 4625
2025-11-27 21:25:01,663 | WARNING | Bad timestamp at line 26: 11/01/2025 09:33:00 AM -EventID: 4625
2025-11-27 21:25:01,663 | WARNING | Bad timestamp at line 27: 11/01/2025 09:39:00 AM -EventID: 4625
2025-11-27 21:25:01,663 | WARNING | Bad timestamp at line 28: 11/01/2025 09:42:00 AM -EventID: 4625
2025-11-27 21:25:01,663 | WARNING | Bad timestamp at line 29: 11/01/2025 09:42:00 AM -EventID: 4625
2025-11-27 21:25:01,663 | WARNING | Bad timestamp at line 30: 11/01/2025 09:36:00 AM -EventID: 4625
2025-11-27 21:25:01,663 | WARNING | Bad timestamp at line 31: 11/01/2025 09:36:00 AM -EventID: 4625
2025-11-27 21:25:01,663 | WARNING | Bad timestamp at line 32: 11/01/2025 09:30:00 AM -EventID: 4625
2025-11-27 21:25:01,663 | WARNING | Bad timestamp at line 33: 11/01/2025 09:36:00 AM -EventID: 4625
2025-11-27 21:25:01,664 | WARNING | Bad timestamp at line 34: 11/01/2025 09:42:00 AM -EventID: 4625
2025-11-27 21:25:01,664 | WARNING | Bad timestamp at line 35: 11/01/2025 09:39:00 AM -EventID: 4625
2025-11-27 21:25:01,664 | WARNING | Bad timestamp at line 36: 11/01/2025 09:39:00 AM -EventID: 4625
2025-11-27 21:25:01,664 | WARNING | Bad timestamp at line 37: 11/01/2025 09:39:00 AM -EventID: 4625
2025-11-27 21:25:01,664 | WARNING | Bad timestamp at line 38: 11/01/2025 09:42:00 AM -EventID: 4625
2025-11-27 21:25:01,664 | WARNING | Bad timestamp at line 39: 11/01/2025 09:30:00 AM -EventID: 4625
2025-11-27 21:25:01,664 | WARNING | Bad timestamp at line 40: 11/01/2025 09:33:00 AM -EventID: 4625
2025-11-27 21:25:01,664 | WARNING | Bad timestamp at line 41: 11/01/2025 09:30:00 AM -EventID: 4625
2025-11-27 21:25:01,667 | WARNING | Bad timestamp at line 43: 11/01/2025 09:39:00 AM -EventID: 4625
2025-11-27 21:25:01,667 | WARNING | Bad timestamp at line 44: 11/01/2025 09:36:00 AM -EventID: 4625
2025-11-27 21:25:01,667 | WARNING | Bad timestamp at line 45: 11/01/2025 09:30:00 AM -EventID: 4625
2025-11-27 21:25:01,667 | WARNING | Bad timestamp at line 46: 11/01/2025 09:42:00 AM -EventID: 4625
2025-11-27 21:25:01,667 | WARNING | Bad timestamp at line 47: 11/01/2025 09:36:00 AM -EventID: 4625
2025-11-27 21:25:01,667 | WARNING | Bad timestamp at line 48: 11/01/2025 09:42:00 AM -EventID: 4625
2025-11-27 21:25:01,667 | WARNING | Bad timestamp at line 49: 11/01/2025 09:42:00 AM -EventID: 4625
2025-11-27 21:25:01,668 | WARNING | Bad timestamp at line 50: 11/01/2025 09:42:00 AM -EventID: 4625
2025-11-27 21:25:01,668 | WARNING | Bad timestamp at line 51: 11/01/2025 09:39:00 AM -EventID: 4625
2025-11-27 21:25:01,668 | WARNING | Bad timestamp at line 52: 11/01/2025 09:42:00 AM -EventID: 4625
2025-11-27 21:25:01,668 | WARNING | Bad timestamp at line 53: 11/01/2025 09:30:00 AM -EventID: 4625
2025-11-27 21:25:01,668 | WARNING | Bad timestamp at line 54: 11/01/2025 09:30:00 AM -EventID: 4625
2025-11-27 21:25:01,668 | WARNING | Bad timestamp at line 55: 11/01/2025 09:30:00 AM -EventID: 4625
2025-11-27 21:25:01,668 | WARNING | Bad timestamp at line 56: 11/01/2025 09:33:00 AM -EventID: 4625
2025-11-27 21:25:01,668 | WARNING | Bad timestamp at line 58: 11/01/2025 09:42:00 AM -EventID: 4625
2025-11-27 21:25:01,668 | WARNING | Bad timestamp at line 59: 11/01/2025 09:36:00 AM -EventID: 4625
2025-11-27 21:25:01,669 | WARNING | Bad timestamp at line 60: 11/01/2025 09:36:00 AM -EventID: 4625
2025-11-27 21:25:01,669 | WARNING | Bad timestamp at line 61: 11/01/2025 09:33:00 AM -EventID: 4625
2025-11-27 21:25:01,669 | WARNING | Bad timestamp at line 62: 11/01/2025 09:42:00 AM -EventID: 4625
2025-11-27 21:25:01,669 | WARNING | Bad timestamp at line 64: 11/01/2025 09:30:00 AM -EventID: 4625
2025-11-27 21:25:01,669 | WARNING | Bad timestamp at line 65: 11/01/2025 09:39:00 AM -EventID: 4625
2025-11-27 21:25:01,669 | WARNING | Bad timestamp at line 66: 11/01/2025 09:42:00 AM -EventID: 4625
2025-11-27 21:25:01,669 | WARNING | Bad timestamp at line 67: 11/01/2025 09:39:00 AM -EventID: 4625
2025-11-27 21:25:01,670 | WARNING | Bad timestamp at line 68: 11/01/2025 09:36:00 AM -EventID: 4625
2025-11-27 21:25:01,671 | WARNING | Bad timestamp at line 69: 11/01/2025 09:42:00 AM -EventID: 4625
2025-11-27 21:25:01,671 | WARNING | Bad timestamp at line 70: 11/01/2025 09:39:00 AM -EventID: 4625
2025-11-27 21:25:01,671 | WARNING | Bad timestamp at line 72: 11/01/2025 09:36:00 AM -EventID: 4625
2025-11-27 21:25:01,671 | WARNING | Bad timestamp at line 73: 11/01/2025 09:42:00 AM -EventID: 4625
2025-11-27 21:25:01,671 | WARNING | Bad timestamp at line 75: 11/01/2025 09:33:00 AM -EventID: 4625
2025-11-27 21:25:01,672 | WARNING | Bad timestamp at line 76: 11/01/2025 09:39:00 AM -EventID: 4625
2025-11-27 21:25:01,672 | WARNING | Bad timestamp at line 78: 11/01/2025 09:42:00 AM -EventID: 4625
2025-11-27 21:25:01,672 | WARNING | Bad timestamp at line 79: 11/01/2025 09:36:00 AM -EventID: 4625
2025-11-27 21:25:01,672 | WARNING | Bad timestamp at line 80: 11/01/2025 09:42:00 AM -EventID: 4625
2025-11-27 21:25:01,672 | WARNING | Bad timestamp at line 81: 11/01/2025 09:30:00 AM -EventID: 4625
2025-11-27 21:25:01,672 | WARNING | Bad timestamp at line 82: 11/01/2025 09:30:00 AM -EventID: 4625
2025-11-27 21:25:01,672 | WARNING | Bad timestamp at line 83: 11/01/2025 09:39:00 AM -EventID: 4625
2025-11-27 21:25:01,673 | WARNING | Bad timestamp at line 84: 11/01/2025 09:33:00 AM -EventID: 4625
2025-11-27 21:25:01,673 | WARNING | Bad timestamp at line 85: 11/01/2025 09:39:00 AM -EventID: 4625
2025-11-27 21:25:01,673 | WARNING | Bad timestamp at line 86: 11/01/2025 09:42:00 AM -EventID: 4625
2025-11-27 21:25:01,673 | WARNING | Bad timestamp at line 87: 11/01/2025 09:33:00 AM -EventID: 4625
2025-11-27 21:25:01,673 | WARNING | Bad timestamp at line 88: 11/01/2025 09:33:00 AM -EventID: 4625
2025-11-27 21:25:01,674 | WARNING | Bad timestamp at line 89: 11/01/2025 09:39:00 AM -EventID: 4625
2025-11-27 21:25:01,674 | WARNING | Bad timestamp at line 90: 11/01/2025 09:36:00 AM -EventID: 4625
2025-11-27 21:25:01,676 | WARNING | Bad timestamp at line 91: 11/01/2025 09:39:00 AM -EventID: 4625
2025-11-27 21:25:01,676 | WARNING | Bad timestamp at line 92: 11/01/2025 09:33:00 AM -EventID: 4625
2025-11-27 21:25:01,677 | WARNING | Bad timestamp at line 95: 11/01/2025 09:30:00 AM -EventID: 4625
2025-11-27 21:25:01,677 | WARNING | Bad timestamp at line 96: 11/01/2025 09:33:00 AM -EventID: 4625
2025-11-27 21:25:01,677 | WARNING | Bad timestamp at line 97: 11/01/2025 09:33:00 AM -EventID: 4625
2025-11-27 21:25:01,677 | WARNING | Bad timestamp at line 98: 11/01/2025 09:33:00 AM -EventID: 4625
2025-11-27 21:25:01,677 | WARNING | Bad timestamp at line 99: 11/01/2025 09:39:00 AM -EventID: 4625
2025-11-27 21:25:01,677 | WARNING | Bad timestamp at line 100: 11/01/2025 09:33:00 AM -EventID: 4625
2025-11-27 21:25:01,677 | WARNING | Bad timestamp at line 101: 11/01/2025 09:33:00 AM -EventID: 4625
2025-11-27 21:25:01,677 | WARNING | Bad timestamp at line 102: 11/01/2025 09:36:00 AM -EventID: 4625
2025-11-27 21:25:01,678 | WARNING | Bad timestamp at line 103: 11/01/2025 09:30:00 AM -EventID: 4625
2025-11-27 21:25:01,678 | WARNING | Bad timestamp at line 104: 11/01/2025 09:30:00 AM -EventID: 4625
2025-11-27 21:25:01,678 | WARNING | Bad timestamp at line 105: 11/01/2025 09:36:00 AM -EventID: 4625
2025-11-27 21:25:01,678 | WARNING | Bad timestamp at line 106: 11/01/2025 09:36:00 AM -EventID: 4625
2025-11-27 21:25:01,678 | WARNING | Bad timestamp at line 107: 11/01/2025 09:39:00 AM -EventID: 4625
2025-11-27 21:25:01,678 | WARNING | Bad timestamp at line 109: 11/01/2025 09:36:00 AM -EventID: 4625
2025-11-27 21:25:01,678 | WARNING | Bad timestamp at line 110: 11/01/2025 09:39:00 AM -EventID: 4625
2025-11-27 21:25:01,678 | WARNING | Bad timestamp at line 111: 11/01/2025 09:39:00 AM -EventID: 4625
2025-11-27 21:25:01,678 | WARNING | Bad timestamp at line 112: 11/01/2025 09:39:00 AM -EventID: 4625
2025-11-27 21:25:01,679 | WARNING | Bad timestamp at line 113: 11/01/2025 09:39:00 AM -EventID: 4625
2025-11-27 21:25:01,679 | WARNING | Bad timestamp at line 114: 11/01/2025 09:42:00 AM -EventID: 4625
2025-11-27 21:25:01,679 | WARNING | Bad timestamp at line 115: 11/01/2025 09:33:00 AM -EventID: 4625
2025-11-27 21:25:01,679 | WARNING | Bad timestamp at line 116: 11/01/2025 09:39:00 AM -EventID: 4625
2025-11-27 21:25:01,679 | WARNING | Bad timestamp at line 117: 11/01/2025 09:36:00 AM -EventID: 4625
2025-11-27 21:25:01,682 | WARNING | Bad timestamp at line 118: 11/01/2025 09:39:00 AM -EventID: 4625
2025-11-27 21:25:01,683 | WARNING | Bad timestamp at line 119: 11/01/2025 09:39:00 AM -EventID: 4625
2025-11-27 21:25:01,683 | WARNING | Bad timestamp at line 120: 11/01/2025 09:36:00 AM -EventID: 4625
2025-11-27 21:25:01,683 | WARNING | Bad timestamp at line 121: 11/01/2025 09:30:00 AM -EventID: 4625
2025-11-27 21:25:01,683 | WARNING | Bad timestamp at line 122: 11/01/2025 09:36:00 AM -EventID: 4625
2025-11-27 21:25:01,683 | WARNING | Bad timestamp at line 123: 11/01/2025 09:33:00 AM -EventID: 4625
2025-11-27 21:25:01,683 | WARNING | Bad timestamp at line 124: 11/01/2025 09:42:00 AM -EventID: 4625
2025-11-27 21:25:01,683 | WARNING | Bad timestamp at line 125: 11/01/2025 09:30:00 AM -EventID: 4625
2025-11-27 21:25:01,684 | WARNING | Bad timestamp at line 126: 11/01/2025 09:42:00 AM -EventID: 4625
2025-11-27 21:25:01,684 | WARNING | Bad timestamp at line 127: 11/01/2025 09:30:00 AM -EventID: 4625
2025-11-27 21:25:01,684 | WARNING | Bad timestamp at line 128: 11/01/2025 09:30:00 AM -EventID: 4625
2025-11-27 21:25:01,684 | WARNING | Bad timestamp at line 129: 11/01/2025 09:42:00 AM -EventID: 4625
2025-11-27 21:25:01,684 | WARNING | Bad timestamp at line 130: 11/01/2025 09:39:00 AM -EventID: 4625
2025-11-27 21:25:01,684 | WARNING | Bad timestamp at line 131: 11/01/2025 09:30:00 AM -EventID: 4625
2025-11-27 21:25:01,684 | WARNING | Bad timestamp at line 132: 11/01/2025 09:36:00 AM -EventID: 4625
2025-11-27 21:25:01,685 | WARNING | Bad timestamp at line 133: 11/01/2025 09:30:00 AM -EventID: 4625
2025-11-27 21:25:01,685 | WARNING | Bad timestamp at line 134: 11/01/2025 09:33:00 AM -EventID: 4625
2025-11-27 21:25:01,685 | WARNING | Bad timestamp at line 135: 11/01/2025 09:36:00 AM -EventID: 4625
2025-11-27 21:25:01,685 | WARNING | Bad timestamp at line 136: 11/01/2025 09:42:00 AM -EventID: 4625
2025-11-27 21:25:01,685 | WARNING | Bad timestamp at line 137: 11/01/2025 09:33:00 AM -EventID: 4625
2025-11-27 21:25:01,685 | WARNING | Bad timestamp at line 138: 11/01/2025 09:30:00 AM -EventID: 4625
2025-11-27 21:25:01,685 | WARNING | Bad timestamp at line 139: 11/01/2025 09:33:00 AM -EventID: 4625
2025-11-27 21:25:01,685 | WARNING | Bad timestamp at line 141: 11/01/2025 09:42:00 AM -EventID: 4625
2025-11-27 21:25:01,686 | WARNING | Bad timestamp at line 142: 11/01/2025 09:30:00 AM -EventID: 4625
2025-11-27 21:25:01,686 | WARNING | Bad timestamp at line 143: 11/01/2025 09:36:00 AM -EventID: 4625
2025-11-27 21:25:01,686 | WARNING | Bad timestamp at line 144: 11/01/2025 09:30:00 AM -EventID: 4625
2025-11-27 21:25:01,686 | INFO | Parsed 0 failed logins
2025-11-27 21:25:01,686 | INFO | Exported 0 alert(s) to month1/alerts.json
2025-11-27 21:25:01,687 | INFO | No alerts generated.
2025-11-27 21:30:01,847 | INFO | === BRUTE-FORCE DETECTOR STARTED ===
2025-11-27 21:30:01,848 | INFO | Config: {'log_file': 'month1/fake_auth.log', 'output_file': 'month1/alerts.json', 'threshold_count': 3, 'time_window_minutes': 15, 'log_level': 'INFO', 'alert_title': 'BRUTE_FORCE_15MIN', 'smtp_server': 'smtp.gmail.com', 'smtp_port': 587, 'email_from': 'suleephraim1@gmail.com', 'email_to': 'cyberlootkeeper@gmail.com', 'email_password': 'uwijddtfwdtmmony'}
2025-11-27 21:30:01,852 | WARNING | Bad timestamp at line 5: 11/01/2025 09:42:00 AM -EventID: 4625
2025-11-27 21:30:01,852 | WARNING | Bad timestamp at line 6: 11/01/2025 09:30:00 AM -EventID: 4625
2025-11-27 21:30:01,852 | WARNING | Bad timestamp at line 7: 11/01/2025 09:36:00 AM -EventID: 4625
2025-11-27 21:30:01,852 | WARNING | Bad timestamp at line 8: 11/01/2025 09:33:00 AM -EventID: 4625
2025-11-27 21:30:01,852 | WARNING | Bad timestamp at line 10: 11/01/2025 09:36:00 AM -EventID: 4625
2025-11-27 21:30:01,852 | WARNING | Bad timestamp at line 12: 11/01/2025 09:33:00 AM -EventID: 4625
2025-11-27 21:30:01,853 | WARNING | Bad timestamp at line 13: 11/01/2025 09:33:00 AM -EventID: 4625
2025-11-27 21:30:01,853 | WARNING | Bad timestamp at line 14: 11/01/2025 09:30:00 AM -EventID: 4625
2025-11-27 21:30:01,853 | WARNING | Bad timestamp at line 15: 11/01/2025 09:36:00 AM -EventID: 4625
2025-11-27 21:30:01,853 | WARNING | Bad timestamp at line 17: 11/01/2025 09:33:00 AM -EventID: 4625
2025-11-27 21:30:01,853 | WARNING | Bad timestamp at line 18: 11/01/2025 09:30:00 AM -EventID: 4625
2025-11-27 21:30:01,853 | WARNING | Bad timestamp at line 19: 11/01/2025 09:33:00 AM -EventID: 4625
2025-11-27 21:30:01,853 | WARNING | Bad timestamp at line 21: 11/01/2025 09:42:00 AM -EventID: 4625
2025-11-27 21:30:01,854 | WARNING | Bad timestamp at line 22: 11/01/2025 09:39:00 AM -EventID: 4625
2025-11-27 21:30:01,854 | WARNING | Bad timestamp at line 23: 11/01/2025 09:36:00 AM -EventID: 4625
2025-11-27 21:30:01,854 | WARNING | Bad timestamp at line 25: 11/01/2025 09:33:00 AM -EventID: 4625
2025-11-27 21:30:01,854 | WARNING | Bad timestamp at line 26: 11/01/2025 09:33:00 AM -EventID: 4625
2025-11-27 21:30:01,854 | WARNING | Bad timestamp at line 27: 11/01/2025 09:39:00 AM -EventID: 4625
2025-11-27 21:30:01,854 | WARNING | Bad timestamp at line 28: 11/01/2025 09:42:00 AM -EventID: 4625
2025-11-27 21:30:01,854 | WARNING | Bad timestamp at line 29: 11/01/2025 09:42:00 AM -EventID: 4625
2025-11-27 21:30:01,854 | WARNING | Bad timestamp at line 30: 11/01/2025 09:36:00 AM -EventID: 4625
2025-11-27 21:30:01,855 | WARNING | Bad timestamp at line 31: 11/01/2025 09:36:00 AM -EventID: 4625
2025-11-27 21:30:01,855 | WARNING | Bad timestamp at line 32: 11/01/2025 09:30:00 AM -EventID: 4625
2025-11-27 21:30:01,855 | WARNING | Bad timestamp at line 33: 11/01/2025 09:36:00 AM -EventID: 4625
2025-11-27 21:30:01,855 | WARNING | Bad timestamp at line 34: 11/01/2025 09:42:00 AM -EventID: 4625
2025-11-27 21:30:01,855 | WARNING | Bad timestamp at line 35: 11/01/2025 09:39:00 AM -EventID: 4625
2025-11-27 21:30:01,855 | WARNING | Bad timestamp at line 36: 11/01/2025 09:39:00 AM -EventID: 4625
2025-11-27 21:30:01,855 | WARNING | Bad timestamp at line 37: 11/01/2025 09:39:00 AM -EventID: 4625
2025-11-27 21:30:01,855 | WARNING | Bad timestamp at line 38: 11/01/2025 09:42:00 AM -EventID: 4625
2025-11-27 21:30:01,856 | WARNING | Bad timestamp at line 39: 11/01/2025 09:30:00 AM -EventID: 4625
2025-11-27 21:30:01,856 | WARNING | Bad timestamp at line 40: 11/01/2025 09:33:00 AM -EventID: 4625
2025-11-27 21:30:01,856 | WARNING | Bad timestamp at line 41: 11/01/2025 09:30:00 AM -EventID: 4625
2025-11-27 21:30:01,856 | WARNING | Bad timestamp at line 43: 11/01/2025 09:39:00 AM -EventID: 4625
2025-11-27 21:30:01,856 | WARNING | Bad timestamp at line 44: 11/01/2025 09:36:00 AM -EventID: 4625
2025-11-27 21:30:01,856 | WARNING | Bad timestamp at line 45: 11/01/2025 09:30:00 AM -EventID: 4625
2025-11-27 21:30:01,856 | WARNING | Bad timestamp at line 46: 11/01/2025 09:42:00 AM -EventID: 4625
2025-11-27 21:30:01,856 | WARNING | Bad timestamp at line 47: 11/01/2025 09:36:00 AM -EventID: 4625
2025-11-27 21:30:01,857 | WARNING | Bad timestamp at line 48: 11/01/2025 09:42:00 AM -EventID: 4625
2025-11-27 21:30:01,857 | WARNING | Bad timestamp at line 49: 11/01/2025 09:42:00 AM -EventID: 4625
2025-11-27 21:30:01,857 | WARNING | Bad timestamp at line 50: 11/01/2025 09:42:00 AM -EventID: 4625
2025-11-27 21:30:01,857 | WARNING | Bad timestamp at line 51: 11/01/2025 09:39:00 AM -EventID: 4625
2025-11-27 21:30:01,857 | WARNING | Bad timestamp at line 52: 11/01/2025 09:42:00 AM -EventID: 4625
2025-11-27 21:30:01,857 | WARNING | Bad timestamp at line 53: 11/01/2025 09:30:00 AM -EventID: 4625
2025-11-27 21:30:01,857 | WARNING | Bad timestamp at line 54: 11/01/2025 09:30:00 AM -EventID: 4625
2025-11-27 21:30:01,857 | WARNING | Bad timestamp at line 55: 11/01/2025 09:30:00 AM -EventID: 4625
2025-11-27 21:30:01,857 | WARNING | Bad timestamp at line 56: 11/01/2025 09:33:00 AM -EventID: 4625
2025-11-27 21:30:01,857 | WARNING | Bad timestamp at line 58: 11/01/2025 09:42:00 AM -EventID: 4625
2025-11-27 21:30:01,857 | WARNING | Bad timestamp at line 59: 11/01/2025 09:36:00 AM -EventID: 4625
2025-11-27 21:30:01,858 | WARNING | Bad timestamp at line 60: 11/01/2025 09:36:00 AM -EventID: 4625
2025-11-27 21:30:01,858 | WARNING | Bad timestamp at line 61: 11/01/2025 09:33:00 AM -EventID: 4625
2025-11-27 21:30:01,858 | WARNING | Bad timestamp at line 62: 11/01/2025 09:42:00 AM -EventID: 4625
2025-11-27 21:30:01,858 | WARNING | Bad timestamp at line 64: 11/01/2025 09:30:00 AM -EventID: 4625
2025-11-27 21:30:01,858 | WARNING | Bad timestamp at line 65: 11/01/2025 09:39:00 AM -EventID: 4625
2025-11-27 21:30:01,858 | WARNING | Bad timestamp at line 66: 11/01/2025 09:42:00 AM -EventID: 4625
2025-11-27 21:30:01,858 | WARNING | Bad timestamp at line 67: 11/01/2025 09:39:00 AM -EventID: 4625
2025-11-27 21:30:01,858 | WARNING | Bad timestamp at line 68: 11/01/2025 09:36:00 AM -EventID: 4625
2025-11-27 21:30:01,858 | WARNING | Bad timestamp at line 69: 11/01/2025 09:42:00 AM -EventID: 4625
2025-11-27 21:30:01,859 | WARNING | Bad timestamp at line 70: 11/01/2025 09:39:00 AM -EventID: 4625
2025-11-27 21:30:01,859 | WARNING | Bad timestamp at line 72: 11/01/2025 09:36:00 AM -EventID: 4625
2025-11-27 21:30:01,859 | WARNING | Bad timestamp at line 73: 11/01/2025 09:42:00 AM -EventID: 4625
2025-11-27 21:30:01,859 | WARNING | Bad timestamp at line 75: 11/01/2025 09:33:00 AM -EventID: 4625
2025-11-27 21:30:01,859 | WARNING | Bad timestamp at line 76: 11/01/2025 09:39:00 AM -EventID: 4625
2025-11-27 21:30:01,859 | WARNING | Bad timestamp at line 78: 11/01/2025 09:42:00 AM -EventID: 4625
2025-11-27 21:30:01,859 | WARNING | Bad timestamp at line 79: 11/01/2025 09:36:00 AM -EventID: 4625
2025-11-27 21:30:01,859 | WARNING | Bad timestamp at line 80: 11/01/2025 09:42:00 AM -EventID: 4625
2025-11-27 21:30:01,859 | WARNING | Bad timestamp at line 81: 11/01/2025 09:30:00 AM -EventID: 4625
2025-11-27 21:30:01,859 | WARNING | Bad timestamp at line 82: 11/01/2025 09:30:00 AM -EventID: 4625
2025-11-27 21:30:01,860 | WARNING | Bad timestamp at line 83: 11/01/2025 09:39:00 AM -EventID: 4625
2025-11-27 21:30:01,860 | WARNING | Bad timestamp at line 84: 11/01/2025 09:33:00 AM -EventID: 4625
2025-11-27 21:30:01,860 | WARNING | Bad timestamp at line 85: 11/01/2025 09:39:00 AM -EventID: 4625
2025-11-27 21:30:01,860 | WARNING | Bad timestamp at line 86: 11/01/2025 09:42:00 AM -EventID: 4625
2025-11-27 21:30:01,860 | WARNING | Bad timestamp at line 87: 11/01/2025 09:33:00 AM -EventID: 4625
2025-11-27 21:30:01,860 | WARNING | Bad timestamp at line 88: 11/01/2025 09:33:00 AM -EventID: 4625
2025-11-27 21:30:01,860 | WARNING | Bad timestamp at line 89: 11/01/2025 09:39:00 AM -EventID: 4625
2025-11-27 21:30:01,860 | WARNING | Bad timestamp at line 90: 11/01/2025 09:36:00 AM -EventID: 4625
2025-11-27 21:30:01,860 | WARNING | Bad timestamp at line 91: 11/01/2025 09:39:00 AM -EventID: 4625
2025-11-27 21:30:01,860 | WARNING | Bad timestamp at line 92: 11/01/2025 09:33:00 AM -EventID: 4625
2025-11-27 21:30:01,861 | WARNING | Bad timestamp at line 95: 11/01/2025 09:30:00 AM -EventID: 4625
2025-11-27 21:30:01,861 | WARNING | Bad timestamp at line 96: 11/01/2025 09:33:00 AM -EventID: 4625
2025-11-27 21:30:01,861 | WARNING | Bad timestamp at line 97: 11/01/2025 09:33:00 AM -EventID: 4625
2025-11-27 21:30:01,861 | WARNING | Bad timestamp at line 98: 11/01/2025 09:33:00 AM -EventID: 4625
2025-11-27 21:30:01,861 | WARNING | Bad timestamp at line 99: 11/01/2025 09:39:00 AM -EventID: 4625
2025-11-27 21:30:01,861 | WARNING | Bad timestamp at line 100: 11/01/2025 09:33:00 AM -EventID: 4625
2025-11-27 21:30:01,861 | WARNING | Bad timestamp at line 101: 11/01/2025 09:33:00 AM -EventID: 4625
2025-11-27 21:30:01,861 | WARNING | Bad timestamp at line 102: 11/01/2025 09:36:00 AM -EventID: 4625
2025-11-27 21:30:01,861 | WARNING | Bad timestamp at line 103: 11/01/2025 09:30:00 AM -EventID: 4625
2025-11-27 21:30:01,862 | WARNING | Bad timestamp at line 104: 11/01/2025 09:30:00 AM -EventID: 4625
2025-11-27 21:30:01,862 | WARNING | Bad timestamp at line 105: 11/01/2025 09:36:00 AM -EventID: 4625
2025-11-27 21:30:01,862 | WARNING | Bad timestamp at line 106: 11/01/2025 09:36:00 AM -EventID: 4625
2025-11-27 21:30:01,862 | WARNING | Bad timestamp at line 107: 11/01/2025 09:39:00 AM -EventID: 4625
2025-11-27 21:30:01,862 | WARNING | Bad timestamp at line 109: 11/01/2025 09:36:00 AM -EventID: 4625
2025-11-27 21:30:01,862 | WARNING | Bad timestamp at line 110: 11/01/2025 09:39:00 AM -EventID: 4625
2025-11-27 21:30:01,862 | WARNING | Bad timestamp at line 111: 11/01/2025 09:39:00 AM -EventID: 4625
2025-11-27 21:30:01,862 | WARNING | Bad timestamp at line 112: 11/01/2025 09:39:00 AM -EventID: 4625
2025-11-27 21:30:01,862 | WARNING | Bad timestamp at line 113: 11/01/2025 09:39:00 AM -EventID: 4625
2025-11-27 21:30:01,863 | WARNING | Bad timestamp at line 114: 11/01/2025 09:42:00 AM -EventID: 4625
2025-11-27 21:30:01,863 | WARNING | Bad timestamp at line 115: 11/01/2025 09:33:00 AM -EventID: 4625
2025-11-27 21:30:01,863 | WARNING | Bad timestamp at line 116: 11/01/2025 09:39:00 AM -EventID: 4625
2025-11-27 21:30:01,863 | WARNING | Bad timestamp at line 117: 11/01/2025 09:36:00 AM -EventID: 4625
2025-11-27 21:30:01,863 | WARNING | Bad timestamp at line 118: 11/01/2025 09:39:00 AM -EventID: 4625
2025-11-27 21:30:01,863 | WARNING | Bad timestamp at line 119: 11/01/2025 09:39:00 AM -EventID: 4625
2025-11-27 21:30:01,863 | WARNING | Bad timestamp at line 120: 11/01/2025 09:36:00 AM -EventID: 4625
2025-11-27 21:30:01,863 | WARNING | Bad timestamp at line 121: 11/01/2025 09:30:00 AM -EventID: 4625
2025-11-27 21:30:01,864 | WARNING | Bad timestamp at line 122: 11/01/2025 09:36:00 AM -EventID: 4625
2025-11-27 21:30:01,864 | WARNING | Bad timestamp at line 123: 11/01/2025 09:33:00 AM -EventID: 4625
2025-11-27 21:30:01,864 | WARNING | Bad timestamp at line 124: 11/01/2025 09:42:00 AM -EventID: 4625
2025-11-27 21:30:01,864 | WARNING | Bad timestamp at line 125: 11/01/2025 09:30:00 AM -EventID: 4625
2025-11-27 21:30:01,864 | WARNING | Bad timestamp at line 126: 11/01/2025 09:42:00 AM -EventID: 4625
2025-11-27 21:30:01,864 | WARNING | Bad timestamp at line 127: 11/01/2025 09:30:00 AM -EventID: 4625
2025-11-27 21:30:01,864 | WARNING | Bad timestamp at line 128: 11/01/2025 09:30:00 AM -EventID: 4625
2025-11-27 21:30:01,864 | WARNING | Bad timestamp at line 129: 11/01/2025 09:42:00 AM -EventID: 4625
2025-11-27 21:30:01,864 | WARNING | Bad timestamp at line 130: 11/01/2025 09:39:00 AM -EventID: 4625
2025-11-27 21:30:01,864 | WARNING | Bad timestamp at line 131: 11/01/2025 09:30:00 AM -EventID: 4625
2025-11-27 21:30:01,865 | WARNING | Bad timestamp at line 132: 11/01/2025 09:36:00 AM -EventID: 4625
2025-11-27 21:30:01,865 | WARNING | Bad timestamp at line 133: 11/01/2025 09:30:00 AM -EventID: 4625
2025-11-27 21:30:01,865 | WARNING | Bad timestamp at line 134: 11/01/2025 09:33:00 AM -EventID: 4625
2025-11-27 21:30:01,865 | WARNING | Bad timestamp at line 135: 11/01/2025 09:36:00 AM -EventID: 4625
2025-11-27 21:30:01,865 | WARNING | Bad timestamp at line 136: 11/01/2025 09:42:00 AM -EventID: 4625
2025-11-27 21:30:01,865 | WARNING | Bad timestamp at line 137: 11/01/2025 09:33:00 AM -EventID: 4625
2025-11-27 21:30:01,865 | WARNING | Bad timestamp at line 138: 11/01/2025 09:30:00 AM -EventID: 4625
2025-11-27 21:30:01,865 | WARNING | Bad timestamp at line 139: 11/01/2025 09:33:00 AM -EventID: 4625
2025-11-27 21:30:01,865 | WARNING | Bad timestamp at line 141: 11/01/2025 09:42:00 AM -EventID: 4625
2025-11-27 21:30:01,865 | WARNING | Bad timestamp at line 142: 11/01/2025 09:30:00 AM -EventID: 4625
2025-11-27 21:30:01,866 | WARNING | Bad timestamp at line 143: 11/01/2025 09:36:00 AM -EventID: 4625
2025-11-27 21:30:01,866 | WARNING | Bad timestamp at line 144: 11/01/2025 09:30:00 AM -EventID: 4625
2025-11-27 21:30:01,866 | INFO | Parsed 0 failed logins
2025-11-27 21:30:01,866 | INFO | Exported 0 alert(s) to month1/alerts.json
2025-11-27 21:30:01,866 | INFO | No alerts generated.
2025-11-27 21:35:01,985 | INFO | === BRUTE-FORCE DETECTOR STARTED ===
2025-11-27 21:35:01,986 | INFO | Config: {'log_file': 'month1/fake_auth.log', 'output_file': 'month1/alerts.json', 'threshold_count': 3, 'time_window_minutes': 15, 'log_level': 'INFO', 'alert_title': 'BRUTE_FORCE_15MIN', 'smtp_server': 'smtp.gmail.com', 'smtp_port': 587, 'email_from': 'suleephraim1@gmail.com', 'email_to': 'cyberlootkeeper@gmail.com', 'email_password': 'uwijddtfwdtmmony'}
2025-11-27 21:35:01,992 | WARNING | Bad timestamp at line 5: 11/01/2025 09:42:00 AM -EventID: 4625
2025-11-27 21:35:01,992 | WARNING | Bad timestamp at line 6: 11/01/2025 09:30:00 AM -EventID: 4625
2025-11-27 21:35:01,992 | WARNING | Bad timestamp at line 7: 11/01/2025 09:36:00 AM -EventID: 4625
2025-11-27 21:35:01,992 | WARNING | Bad timestamp at line 8: 11/01/2025 09:33:00 AM -EventID: 4625
2025-11-27 21:35:01,992 | WARNING | Bad timestamp at line 10: 11/01/2025 09:36:00 AM -EventID: 4625
2025-11-27 21:35:01,992 | WARNING | Bad timestamp at line 12: 11/01/2025 09:33:00 AM -EventID: 4625
2025-11-27 21:35:01,993 | WARNING | Bad timestamp at line 13: 11/01/2025 09:33:00 AM -EventID: 4625
2025-11-27 21:35:01,993 | WARNING | Bad timestamp at line 14: 11/01/2025 09:30:00 AM -EventID: 4625
2025-11-27 21:35:01,993 | WARNING | Bad timestamp at line 15: 11/01/2025 09:36:00 AM -EventID: 4625
2025-11-27 21:35:01,993 | WARNING | Bad timestamp at line 17: 11/01/2025 09:33:00 AM -EventID: 4625
2025-11-27 21:35:01,993 | WARNING | Bad timestamp at line 18: 11/01/2025 09:30:00 AM -EventID: 4625
2025-11-27 21:35:01,993 | WARNING | Bad timestamp at line 19: 11/01/2025 09:33:00 AM -EventID: 4625
2025-11-27 21:35:01,993 | WARNING | Bad timestamp at line 21: 11/01/2025 09:42:00 AM -EventID: 4625
2025-11-27 21:35:01,994 | WARNING | Bad timestamp at line 22: 11/01/2025 09:39:00 AM -EventID: 4625
2025-11-27 21:35:01,994 | WARNING | Bad timestamp at line 23: 11/01/2025 09:36:00 AM -EventID: 4625
2025-11-27 21:35:01,994 | WARNING | Bad timestamp at line 25: 11/01/2025 09:33:00 AM -EventID: 4625
2025-11-27 21:35:01,994 | WARNING | Bad timestamp at line 26: 11/01/2025 09:33:00 AM -EventID: 4625
2025-11-27 21:35:01,994 | WARNING | Bad timestamp at line 27: 11/01/2025 09:39:00 AM -EventID: 4625
2025-11-27 21:35:01,994 | WARNING | Bad timestamp at line 28: 11/01/2025 09:42:00 AM -EventID: 4625
2025-11-27 21:35:01,994 | WARNING | Bad timestamp at line 29: 11/01/2025 09:42:00 AM -EventID: 4625
2025-11-27 21:35:01,994 | WARNING | Bad timestamp at line 30: 11/01/2025 09:36:00 AM -EventID: 4625
2025-11-27 21:35:01,994 | WARNING | Bad timestamp at line 31: 11/01/2025 09:36:00 AM -EventID: 4625
2025-11-27 21:35:01,994 | WARNING | Bad timestamp at line 32: 11/01/2025 09:30:00 AM -EventID: 4625
2025-11-27 21:35:01,995 | WARNING | Bad timestamp at line 33: 11/01/2025 09:36:00 AM -EventID: 4625
2025-11-27 21:35:01,995 | WARNING | Bad timestamp at line 34: 11/01/2025 09:42:00 AM -EventID: 4625
2025-11-27 21:35:01,995 | WARNING | Bad timestamp at line 35: 11/01/2025 09:39:00 AM -EventID: 4625
2025-11-27 21:35:01,995 | WARNING | Bad timestamp at line 36: 11/01/2025 09:39:00 AM -EventID: 4625
2025-11-27 21:35:01,995 | WARNING | Bad timestamp at line 37: 11/01/2025 09:39:00 AM -EventID: 4625
2025-11-27 21:35:01,995 | WARNING | Bad timestamp at line 38: 11/01/2025 09:42:00 AM -EventID: 4625
2025-11-27 21:35:01,995 | WARNING | Bad timestamp at line 39: 11/01/2025 09:30:00 AM -EventID: 4625
2025-11-27 21:35:01,995 | WARNING | Bad timestamp at line 40: 11/01/2025 09:33:00 AM -EventID: 4625
2025-11-27 21:35:01,995 | WARNING | Bad timestamp at line 41: 11/01/2025 09:30:00 AM -EventID: 4625
2025-11-27 21:35:01,995 | WARNING | Bad timestamp at line 43: 11/01/2025 09:39:00 AM -EventID: 4625
2025-11-27 21:35:01,995 | WARNING | Bad timestamp at line 44: 11/01/2025 09:36:00 AM -EventID: 4625
2025-11-27 21:35:01,996 | WARNING | Bad timestamp at line 45: 11/01/2025 09:30:00 AM -EventID: 4625
2025-11-27 21:35:01,996 | WARNING | Bad timestamp at line 46: 11/01/2025 09:42:00 AM -EventID: 4625
2025-11-27 21:35:01,996 | WARNING | Bad timestamp at line 47: 11/01/2025 09:36:00 AM -EventID: 4625
2025-11-27 21:35:01,996 | WARNING | Bad timestamp at line 48: 11/01/2025 09:42:00 AM -EventID: 4625
2025-11-27 21:35:01,996 | WARNING | Bad timestamp at line 49: 11/01/2025 09:42:00 AM -EventID: 4625
2025-11-27 21:35:01,996 | WARNING | Bad timestamp at line 50: 11/01/2025 09:42:00 AM -EventID: 4625
2025-11-27 21:35:01,996 | WARNING | Bad timestamp at line 51: 11/01/2025 09:39:00 AM -EventID: 4625
2025-11-27 21:35:01,996 | WARNING | Bad timestamp at line 52: 11/01/2025 09:42:00 AM -EventID: 4625
2025-11-27 21:35:01,997 | WARNING | Bad timestamp at line 53: 11/01/2025 09:30:00 AM -EventID: 4625
2025-11-27 21:35:01,997 | WARNING | Bad timestamp at line 54: 11/01/2025 09:30:00 AM -EventID: 4625
2025-11-27 21:35:01,997 | WARNING | Bad timestamp at line 55: 11/01/2025 09:30:00 AM -EventID: 4625
2025-11-27 21:35:01,997 | WARNING | Bad timestamp at line 56: 11/01/2025 09:33:00 AM -EventID: 4625
2025-11-27 21:35:01,997 | WARNING | Bad timestamp at line 58: 11/01/2025 09:42:00 AM -EventID: 4625
2025-11-27 21:35:01,997 | WARNING | Bad timestamp at line 59: 11/01/2025 09:36:00 AM -EventID: 4625
2025-11-27 21:35:01,997 | WARNING | Bad timestamp at line 60: 11/01/2025 09:36:00 AM -EventID: 4625
2025-11-27 21:35:01,997 | WARNING | Bad timestamp at line 61: 11/01/2025 09:33:00 AM -EventID: 4625
2025-11-27 21:35:01,997 | WARNING | Bad timestamp at line 62: 11/01/2025 09:42:00 AM -EventID: 4625
2025-11-27 21:35:01,997 | WARNING | Bad timestamp at line 64: 11/01/2025 09:30:00 AM -EventID: 4625
2025-11-27 21:35:01,998 | WARNING | Bad timestamp at line 65: 11/01/2025 09:39:00 AM -EventID: 4625
2025-11-27 21:35:01,998 | WARNING | Bad timestamp at line 66: 11/01/2025 09:42:00 AM -EventID: 4625
2025-11-27 21:35:01,998 | WARNING | Bad timestamp at line 67: 11/01/2025 09:39:00 AM -EventID: 4625
2025-11-27 21:35:01,998 | WARNING | Bad timestamp at line 68: 11/01/2025 09:36:00 AM -EventID: 4625
2025-11-27 21:35:01,998 | WARNING | Bad timestamp at line 69: 11/01/2025 09:42:00 AM -EventID: 4625
2025-11-27 21:35:01,998 | WARNING | Bad timestamp at line 70: 11/01/2025 09:39:00 AM -EventID: 4625
2025-11-27 21:35:01,998 | WARNING | Bad timestamp at line 72: 11/01/2025 09:36:00 AM -EventID: 4625
2025-11-27 21:35:01,998 | WARNING | Bad timestamp at line 73: 11/01/2025 09:42:00 AM -EventID: 4625
2025-11-27 21:35:01,999 | WARNING | Bad timestamp at line 75: 11/01/2025 09:33:00 AM -EventID: 4625
2025-11-27 21:35:01,999 | WARNING | Bad timestamp at line 76: 11/01/2025 09:39:00 AM -EventID: 4625
2025-11-27 21:35:01,999 | WARNING | Bad timestamp at line 78: 11/01/2025 09:42:00 AM -EventID: 4625
2025-11-27 21:35:01,999 | WARNING | Bad timestamp at line 79: 11/01/2025 09:36:00 AM -EventID: 4625
2025-11-27 21:35:01,999 | WARNING | Bad timestamp at line 80: 11/01/2025 09:42:00 AM -EventID: 4625
2025-11-27 21:35:01,999 | WARNING | Bad timestamp at line 81: 11/01/2025 09:30:00 AM -EventID: 4625
2025-11-27 21:35:01,999 | WARNING | Bad timestamp at line 82: 11/01/2025 09:30:00 AM -EventID: 4625
2025-11-27 21:35:01,999 | WARNING | Bad timestamp at line 83: 11/01/2025 09:39:00 AM -EventID: 4625
2025-11-27 21:35:01,999 | WARNING | Bad timestamp at line 84: 11/01/2025 09:33:00 AM -EventID: 4625
2025-11-27 21:35:02,000 | WARNING | Bad timestamp at line 85: 11/01/2025 09:39:00 AM -EventID: 4625
2025-11-27 21:35:02,000 | WARNING | Bad timestamp at line 86: 11/01/2025 09:42:00 AM -EventID: 4625
2025-11-27 21:35:02,000 | WARNING | Bad timestamp at line 87: 11/01/2025 09:33:00 AM -EventID: 4625
2025-11-27 21:35:02,000 | WARNING | Bad timestamp at line 88: 11/01/2025 09:33:00 AM -EventID: 4625
2025-11-27 21:35:02,000 | WARNING | Bad timestamp at line 89: 11/01/2025 09:39:00 AM -EventID: 4625
2025-11-27 21:35:02,000 | WARNING | Bad timestamp at line 90: 11/01/2025 09:36:00 AM -EventID: 4625
2025-11-27 21:35:02,000 | WARNING | Bad timestamp at line 91: 11/01/2025 09:39:00 AM -EventID: 4625
2025-11-27 21:35:02,000 | WARNING | Bad timestamp at line 92: 11/01/2025 09:33:00 AM -EventID: 4625
2025-11-27 21:35:02,000 | WARNING | Bad timestamp at line 95: 11/01/2025 09:30:00 AM -EventID: 4625
2025-11-27 21:35:02,000 | WARNING | Bad timestamp at line 96: 11/01/2025 09:33:00 AM -EventID: 4625
2025-11-27 21:35:02,001 | WARNING | Bad timestamp at line 97: 11/01/2025 09:33:00 AM -EventID: 4625
2025-11-27 21:35:02,001 | WARNING | Bad timestamp at line 98: 11/01/2025 09:33:00 AM -EventID: 4625
2025-11-27 21:35:02,001 | WARNING | Bad timestamp at line 99: 11/01/2025 09:39:00 AM -EventID: 4625
2025-11-27 21:35:02,001 | WARNING | Bad timestamp at line 100: 11/01/2025 09:33:00 AM -EventID: 4625
2025-11-27 21:35:02,001 | WARNING | Bad timestamp at line 101: 11/01/2025 09:33:00 AM -EventID: 4625
2025-11-27 21:35:02,001 | WARNING | Bad timestamp at line 102: 11/01/2025 09:36:00 AM -EventID: 4625
2025-11-27 21:35:02,001 | WARNING | Bad timestamp at line 103: 11/01/2025 09:30:00 AM -EventID: 4625
2025-11-27 21:35:02,001 | WARNING | Bad timestamp at line 104: 11/01/2025 09:30:00 AM -EventID: 4625
2025-11-27 21:35:02,002 | WARNING | Bad timestamp at line 105: 11/01/2025 09:36:00 AM -EventID: 4625
2025-11-27 21:35:02,002 | WARNING | Bad timestamp at line 106: 11/01/2025 09:36:00 AM -EventID: 4625
2025-11-27 21:35:02,002 | WARNING | Bad timestamp at line 107: 11/01/2025 09:39:00 AM -EventID: 4625
2025-11-27 21:35:02,002 | WARNING | Bad timestamp at line 109: 11/01/2025 09:36:00 AM -EventID: 4625
2025-11-27 21:35:02,002 | WARNING | Bad timestamp at line 110: 11/01/2025 09:39:00 AM -EventID: 4625
2025-11-27 21:35:02,002 | WARNING | Bad timestamp at line 111: 11/01/2025 09:39:00 AM -EventID: 4625
2025-11-27 21:35:02,002 | WARNING | Bad timestamp at line 112: 11/01/2025 09:39:00 AM -EventID: 4625
2025-11-27 21:35:02,003 | WARNING | Bad timestamp at line 113: 11/01/2025 09:39:00 AM -EventID: 4625
2025-11-27 21:35:02,003 | WARNING | Bad timestamp at line 114: 11/01/2025 09:42:00 AM -EventID: 4625
2025-11-27 21:35:02,003 | WARNING | Bad timestamp at line 115: 11/01/2025 09:33:00 AM -EventID: 4625
2025-11-27 21:35:02,003 | WARNING | Bad timestamp at line 116: 11/01/2025 09:39:00 AM -EventID: 4625
2025-11-27 21:35:02,003 | WARNING | Bad timestamp at line 117: 11/01/2025 09:36:00 AM -EventID: 4625
2025-11-27 21:35:02,003 | WARNING | Bad timestamp at line 118: 11/01/2025 09:39:00 AM -EventID: 4625
2025-11-27 21:35:02,004 | WARNING | Bad timestamp at line 119: 11/01/2025 09:39:00 AM -EventID: 4625
2025-11-27 21:35:02,004 | WARNING | Bad timestamp at line 120: 11/01/2025 09:36:00 AM -EventID: 4625
2025-11-27 21:35:02,004 | WARNING | Bad timestamp at line 121: 11/01/2025 09:30:00 AM -EventID: 4625
2025-11-27 21:35:02,004 | WARNING | Bad timestamp at line 122: 11/01/2025 09:36:00 AM -EventID: 4625
2025-11-27 21:35:02,004 | WARNING | Bad timestamp at line 123: 11/01/2025 09:33:00 AM -EventID: 4625
2025-11-27 21:35:02,004 | WARNING | Bad timestamp at line 124: 11/01/2025 09:42:00 AM -EventID: 4625
2025-11-27 21:35:02,004 | WARNING | Bad timestamp at line 125: 11/01/2025 09:30:00 AM -EventID: 4625
2025-11-27 21:35:02,005 | WARNING | Bad timestamp at line 126: 11/01/2025 09:42:00 AM -EventID: 4625
2025-11-27 21:35:02,005 | WARNING | Bad timestamp at line 127: 11/01/2025 09:30:00 AM -EventID: 4625
2025-11-27 21:35:02,005 | WARNING | Bad timestamp at line 128: 11/01/2025 09:30:00 AM -EventID: 4625
2025-11-27 21:35:02,005 | WARNING | Bad timestamp at line 129: 11/01/2025 09:42:00 AM -EventID: 4625
2025-11-27 21:35:02,005 | WARNING | Bad timestamp at line 130: 11/01/2025 09:39:00 AM -EventID: 4625
2025-11-27 21:35:02,005 | WARNING | Bad timestamp at line 131: 11/01/2025 09:30:00 AM -EventID: 4625
2025-11-27 21:35:02,005 | WARNING | Bad timestamp at line 132: 11/01/2025 09:36:00 AM -EventID: 4625
2025-11-27 21:35:02,005 | WARNING | Bad timestamp at line 133: 11/01/2025 09:30:00 AM -EventID: 4625
2025-11-27 21:35:02,006 | WARNING | Bad timestamp at line 134: 11/01/2025 09:33:00 AM -EventID: 4625
2025-11-27 21:35:02,006 | WARNING | Bad timestamp at line 135: 11/01/2025 09:36:00 AM -EventID: 4625
2025-11-27 21:35:02,006 | WARNING | Bad timestamp at line 136: 11/01/2025 09:42:00 AM -EventID: 4625
2025-11-27 21:35:02,006 | WARNING | Bad timestamp at line 137: 11/01/2025 09:33:00 AM -EventID: 4625
2025-11-27 21:35:02,006 | WARNING | Bad timestamp at line 138: 11/01/2025 09:30:00 AM -EventID: 4625
2025-11-27 21:35:02,006 | WARNING | Bad timestamp at line 139: 11/01/2025 09:33:00 AM -EventID: 4625
2025-11-27 21:35:02,006 | WARNING | Bad timestamp at line 141: 11/01/2025 09:42:00 AM -EventID: 4625
2025-11-27 21:35:02,006 | WARNING | Bad timestamp at line 142: 11/01/2025 09:30:00 AM -EventID: 4625
2025-11-27 21:35:02,006 | WARNING | Bad timestamp at line 143: 11/01/2025 09:36:00 AM -EventID: 4625
2025-11-27 21:35:02,007 | WARNING | Bad timestamp at line 144: 11/01/2025 09:30:00 AM -EventID: 4625
2025-11-27 21:35:02,007 | INFO | Parsed 0 failed logins
2025-11-27 21:35:02,008 | INFO | Exported 0 alert(s) to month1/alerts.json
2025-11-27 21:35:02,008 | INFO | No alerts generated.
2025-11-27 21:40:01,130 | INFO | === BRUTE-FORCE DETECTOR STARTED ===
2025-11-27 21:40:01,131 | INFO | Config: {'log_file': 'month1/fake_auth.log', 'output_file': 'month1/alerts.json', 'threshold_count': 3, 'time_window_minutes': 15, 'log_level': 'INFO', 'alert_title': 'BRUTE_FORCE_15MIN', 'smtp_server': 'smtp.gmail.com', 'smtp_port': 587, 'email_from': 'suleephraim1@gmail.com', 'email_to': 'cyberlootkeeper@gmail.com', 'email_password': 'uwijddtfwdtmmony'}
2025-11-27 21:40:01,136 | WARNING | Bad timestamp at line 5: 11/01/2025 09:42:00 AM -EventID: 4625
2025-11-27 21:40:01,136 | WARNING | Bad timestamp at line 6: 11/01/2025 09:30:00 AM -EventID: 4625
2025-11-27 21:40:01,136 | WARNING | Bad timestamp at line 7: 11/01/2025 09:36:00 AM -EventID: 4625
2025-11-27 21:40:01,136 | WARNING | Bad timestamp at line 8: 11/01/2025 09:33:00 AM -EventID: 4625
2025-11-27 21:40:01,136 | WARNING | Bad timestamp at line 10: 11/01/2025 09:36:00 AM -EventID: 4625
2025-11-27 21:40:01,136 | WARNING | Bad timestamp at line 12: 11/01/2025 09:33:00 AM -EventID: 4625
2025-11-27 21:40:01,136 | WARNING | Bad timestamp at line 13: 11/01/2025 09:33:00 AM -EventID: 4625
2025-11-27 21:40:01,137 | WARNING | Bad timestamp at line 14: 11/01/2025 09:30:00 AM -EventID: 4625
2025-11-27 21:40:01,137 | WARNING | Bad timestamp at line 15: 11/01/2025 09:36:00 AM -EventID: 4625
2025-11-27 21:40:01,137 | WARNING | Bad timestamp at line 17: 11/01/2025 09:33:00 AM -EventID: 4625
2025-11-27 21:40:01,137 | WARNING | Bad timestamp at line 18: 11/01/2025 09:30:00 AM -EventID: 4625
2025-11-27 21:40:01,137 | WARNING | Bad timestamp at line 19: 11/01/2025 09:33:00 AM -EventID: 4625
2025-11-27 21:40:01,137 | WARNING | Bad timestamp at line 21: 11/01/2025 09:42:00 AM -EventID: 4625
2025-11-27 21:40:01,137 | WARNING | Bad timestamp at line 22: 11/01/2025 09:39:00 AM -EventID: 4625
2025-11-27 21:40:01,137 | WARNING | Bad timestamp at line 23: 11/01/2025 09:36:00 AM -EventID: 4625
2025-11-27 21:40:01,137 | WARNING | Bad timestamp at line 25: 11/01/2025 09:33:00 AM -EventID: 4625
2025-11-27 21:40:01,137 | WARNING | Bad timestamp at line 26: 11/01/2025 09:33:00 AM -EventID: 4625
2025-11-27 21:40:01,137 | WARNING | Bad timestamp at line 27: 11/01/2025 09:39:00 AM -EventID: 4625
2025-11-27 21:40:01,137 | WARNING | Bad timestamp at line 28: 11/01/2025 09:42:00 AM -EventID: 4625
2025-11-27 21:40:01,137 | WARNING | Bad timestamp at line 29: 11/01/2025 09:42:00 AM -EventID: 4625
2025-11-27 21:40:01,137 | WARNING | Bad timestamp at line 30: 11/01/2025 09:36:00 AM -EventID: 4625
2025-11-27 21:40:01,138 | WARNING | Bad timestamp at line 31: 11/01/2025 09:36:00 AM -EventID: 4625
2025-11-27 21:40:01,138 | WARNING | Bad timestamp at line 32: 11/01/2025 09:30:00 AM -EventID: 4625
2025-11-27 21:40:01,138 | WARNING | Bad timestamp at line 33: 11/01/2025 09:36:00 AM -EventID: 4625
2025-11-27 21:40:01,138 | WARNING | Bad timestamp at line 34: 11/01/2025 09:42:00 AM -EventID: 4625
2025-11-27 21:40:01,138 | WARNING | Bad timestamp at line 35: 11/01/2025 09:39:00 AM -EventID: 4625
2025-11-27 21:40:01,138 | WARNING | Bad timestamp at line 36: 11/01/2025 09:39:00 AM -EventID: 4625
2025-11-27 21:40:01,138 | WARNING | Bad timestamp at line 37: 11/01/2025 09:39:00 AM -EventID: 4625
2025-11-27 21:40:01,138 | WARNING | Bad timestamp at line 38: 11/01/2025 09:42:00 AM -EventID: 4625
2025-11-27 21:40:01,138 | WARNING | Bad timestamp at line 39: 11/01/2025 09:30:00 AM -EventID: 4625
2025-11-27 21:40:01,139 | WARNING | Bad timestamp at line 40: 11/01/2025 09:33:00 AM -EventID: 4625
2025-11-27 21:40:01,139 | WARNING | Bad timestamp at line 41: 11/01/2025 09:30:00 AM -EventID: 4625
2025-11-27 21:40:01,139 | WARNING | Bad timestamp at line 43: 11/01/2025 09:39:00 AM -EventID: 4625
2025-11-27 21:40:01,139 | WARNING | Bad timestamp at line 44: 11/01/2025 09:36:00 AM -EventID: 4625
2025-11-27 21:40:01,139 | WARNING | Bad timestamp at line 45: 11/01/2025 09:30:00 AM -EventID: 4625
2025-11-27 21:40:01,139 | WARNING | Bad timestamp at line 46: 11/01/2025 09:42:00 AM -EventID: 4625
2025-11-27 21:40:01,139 | WARNING | Bad timestamp at line 47: 11/01/2025 09:36:00 AM -EventID: 4625
2025-11-27 21:40:01,139 | WARNING | Bad timestamp at line 48: 11/01/2025 09:42:00 AM -EventID: 4625
2025-11-27 21:40:01,140 | WARNING | Bad timestamp at line 49: 11/01/2025 09:42:00 AM -EventID: 4625
2025-11-27 21:40:01,140 | WARNING | Bad timestamp at line 50: 11/01/2025 09:42:00 AM -EventID: 4625
2025-11-27 21:40:01,140 | WARNING | Bad timestamp at line 51: 11/01/2025 09:39:00 AM -EventID: 4625
2025-11-27 21:40:01,140 | WARNING | Bad timestamp at line 52: 11/01/2025 09:42:00 AM -EventID: 4625
2025-11-27 21:40:01,140 | WARNING | Bad timestamp at line 53: 11/01/2025 09:30:00 AM -EventID: 4625
2025-11-27 21:40:01,140 | WARNING | Bad timestamp at line 54: 11/01/2025 09:30:00 AM -EventID: 4625
2025-11-27 21:40:01,140 | WARNING | Bad timestamp at line 55: 11/01/2025 09:30:00 AM -EventID: 4625
2025-11-27 21:40:01,140 | WARNING | Bad timestamp at line 56: 11/01/2025 09:33:00 AM -EventID: 4625
2025-11-27 21:40:01,141 | WARNING | Bad timestamp at line 58: 11/01/2025 09:42:00 AM -EventID: 4625
2025-11-27 21:40:01,141 | WARNING | Bad timestamp at line 59: 11/01/2025 09:36:00 AM -EventID: 4625
2025-11-27 21:40:01,141 | WARNING | Bad timestamp at line 60: 11/01/2025 09:36:00 AM -EventID: 4625
2025-11-27 21:40:01,141 | WARNING | Bad timestamp at line 61: 11/01/2025 09:33:00 AM -EventID: 4625
2025-11-27 21:40:01,141 | WARNING | Bad timestamp at line 62: 11/01/2025 09:42:00 AM -EventID: 4625
2025-11-27 21:40:01,141 | WARNING | Bad timestamp at line 64: 11/01/2025 09:30:00 AM -EventID: 4625
2025-11-27 21:40:01,141 | WARNING | Bad timestamp at line 65: 11/01/2025 09:39:00 AM -EventID: 4625
2025-11-27 21:40:01,141 | WARNING | Bad timestamp at line 66: 11/01/2025 09:42:00 AM -EventID: 4625
2025-11-27 21:40:01,142 | WARNING | Bad timestamp at line 67: 11/01/2025 09:39:00 AM -EventID: 4625
2025-11-27 21:40:01,142 | WARNING | Bad timestamp at line 68: 11/01/2025 09:36:00 AM -EventID: 4625
2025-11-27 21:40:01,142 | WARNING | Bad timestamp at line 69: 11/01/2025 09:42:00 AM -EventID: 4625
2025-11-27 21:40:01,142 | WARNING | Bad timestamp at line 70: 11/01/2025 09:39:00 AM -EventID: 4625
2025-11-27 21:40:01,142 | WARNING | Bad timestamp at line 72: 11/01/2025 09:36:00 AM -EventID: 4625
2025-11-27 21:40:01,142 | WARNING | Bad timestamp at line 73: 11/01/2025 09:42:00 AM -EventID: 4625
2025-11-27 21:40:01,143 | WARNING | Bad timestamp at line 75: 11/01/2025 09:33:00 AM -EventID: 4625
2025-11-27 21:40:01,143 | WARNING | Bad timestamp at line 76: 11/01/2025 09:39:00 AM -EventID: 4625
2025-11-27 21:40:01,143 | WARNING | Bad timestamp at line 78: 11/01/2025 09:42:00 AM -EventID: 4625
2025-11-27 21:40:01,143 | WARNING | Bad timestamp at line 79: 11/01/2025 09:36:00 AM -EventID: 4625
2025-11-27 21:40:01,143 | WARNING | Bad timestamp at line 80: 11/01/2025 09:42:00 AM -EventID: 4625
2025-11-27 21:40:01,143 | WARNING | Bad timestamp at line 81: 11/01/2025 09:30:00 AM -EventID: 4625
2025-11-27 21:40:01,143 | WARNING | Bad timestamp at line 82: 11/01/2025 09:30:00 AM -EventID: 4625
2025-11-27 21:40:01,143 | WARNING | Bad timestamp at line 83: 11/01/2025 09:39:00 AM -EventID: 4625
2025-11-27 21:40:01,144 | WARNING | Bad timestamp at line 84: 11/01/2025 09:33:00 AM -EventID: 4625
2025-11-27 21:40:01,144 | WARNING | Bad timestamp at line 85: 11/01/2025 09:39:00 AM -EventID: 4625
2025-11-27 21:40:01,144 | WARNING | Bad timestamp at line 86: 11/01/2025 09:42:00 AM -EventID: 4625
2025-11-27 21:40:01,144 | WARNING | Bad timestamp at line 87: 11/01/2025 09:33:00 AM -EventID: 4625
2025-11-27 21:40:01,144 | WARNING | Bad timestamp at line 88: 11/01/2025 09:33:00 AM -EventID: 4625
2025-11-27 21:40:01,144 | WARNING | Bad timestamp at line 89: 11/01/2025 09:39:00 AM -EventID: 4625
2025-11-27 21:40:01,144 | WARNING | Bad timestamp at line 90: 11/01/2025 09:36:00 AM -EventID: 4625
2025-11-27 21:40:01,144 | WARNING | Bad timestamp at line 91: 11/01/2025 09:39:00 AM -EventID: 4625
2025-11-27 21:40:01,145 | WARNING | Bad timestamp at line 92: 11/01/2025 09:33:00 AM -EventID: 4625
2025-11-27 21:40:01,145 | WARNING | Bad timestamp at line 95: 11/01/2025 09:30:00 AM -EventID: 4625
2025-11-27 21:40:01,145 | WARNING | Bad timestamp at line 96: 11/01/2025 09:33:00 AM -EventID: 4625
2025-11-27 21:40:01,145 | WARNING | Bad timestamp at line 97: 11/01/2025 09:33:00 AM -EventID: 4625
2025-11-27 21:40:01,145 | WARNING | Bad timestamp at line 98: 11/01/2025 09:33:00 AM -EventID: 4625
2025-11-27 21:40:01,145 | WARNING | Bad timestamp at line 99: 11/01/2025 09:39:00 AM -EventID: 4625
2025-11-27 21:40:01,145 | WARNING | Bad timestamp at line 100: 11/01/2025 09:33:00 AM -EventID: 4625
2025-11-27 21:40:01,145 | WARNING | Bad timestamp at line 101: 11/01/2025 09:33:00 AM -EventID: 4625
2025-11-27 21:40:01,146 | WARNING | Bad timestamp at line 102: 11/01/2025 09:36:00 AM -EventID: 4625
2025-11-27 21:40:01,146 | WARNING | Bad timestamp at line 103: 11/01/2025 09:30:00 AM -EventID: 4625
2025-11-27 21:40:01,146 | WARNING | Bad timestamp at line 104: 11/01/2025 09:30:00 AM -EventID: 4625
2025-11-27 21:40:01,146 | WARNING | Bad timestamp at line 105: 11/01/2025 09:36:00 AM -EventID: 4625
2025-11-27 21:40:01,146 | WARNING | Bad timestamp at line 106: 11/01/2025 09:36:00 AM -EventID: 4625
2025-11-27 21:40:01,146 | WARNING | Bad timestamp at line 107: 11/01/2025 09:39:00 AM -EventID: 4625
2025-11-27 21:40:01,146 | WARNING | Bad timestamp at line 109: 11/01/2025 09:36:00 AM -EventID: 4625
2025-11-27 21:40:01,146 | WARNING | Bad timestamp at line 110: 11/01/2025 09:39:00 AM -EventID: 4625
2025-11-27 21:40:01,147 | WARNING | Bad timestamp at line 111: 11/01/2025 09:39:00 AM -EventID: 4625
2025-11-27 21:40:01,147 | WARNING | Bad timestamp at line 112: 11/01/2025 09:39:00 AM -EventID: 4625
2025-11-27 21:40:01,147 | WARNING | Bad timestamp at line 113: 11/01/2025 09:39:00 AM -EventID: 4625
2025-11-27 21:40:01,147 | WARNING | Bad timestamp at line 114: 11/01/2025 09:42:00 AM -EventID: 4625
2025-11-27 21:40:01,147 | WARNING | Bad timestamp at line 115: 11/01/2025 09:33:00 AM -EventID: 4625
2025-11-27 21:40:01,147 | WARNING | Bad timestamp at line 116: 11/01/2025 09:39:00 AM -EventID: 4625
2025-11-27 21:40:01,147 | WARNING | Bad timestamp at line 117: 11/01/2025 09:36:00 AM -EventID: 4625
2025-11-27 21:40:01,147 | WARNING | Bad timestamp at line 118: 11/01/2025 09:39:00 AM -EventID: 4625
2025-11-27 21:40:01,148 | WARNING | Bad timestamp at line 119: 11/01/2025 09:39:00 AM -EventID: 4625
2025-11-27 21:40:01,148 | WARNING | Bad timestamp at line 120: 11/01/2025 09:36:00 AM -EventID: 4625
2025-11-27 21:40:01,148 | WARNING | Bad timestamp at line 121: 11/01/2025 09:30:00 AM -EventID: 4625
2025-11-27 21:40:01,148 | WARNING | Bad timestamp at line 122: 11/01/2025 09:36:00 AM -EventID: 4625
2025-11-27 21:40:01,148 | WARNING | Bad timestamp at line 123: 11/01/2025 09:33:00 AM -EventID: 4625
2025-11-27 21:40:01,148 | WARNING | Bad timestamp at line 124: 11/01/2025 09:42:00 AM -EventID: 4625
2025-11-27 21:40:01,148 | WARNING | Bad timestamp at line 125: 11/01/2025 09:30:00 AM -EventID: 4625
2025-11-27 21:40:01,148 | WARNING | Bad timestamp at line 126: 11/01/2025 09:42:00 AM -EventID: 4625
2025-11-27 21:40:01,148 | WARNING | Bad timestamp at line 127: 11/01/2025 09:30:00 AM -EventID: 4625
2025-11-27 21:40:01,149 | WARNING | Bad timestamp at line 128: 11/01/2025 09:30:00 AM -EventID: 4625
2025-11-27 21:40:01,149 | WARNING | Bad timestamp at line 129: 11/01/2025 09:42:00 AM -EventID: 4625
2025-11-27 21:40:01,149 | WARNING | Bad timestamp at line 130: 11/01/2025 09:39:00 AM -EventID: 4625
2025-11-27 21:40:01,149 | WARNING | Bad timestamp at line 131: 11/01/2025 09:30:00 AM -EventID: 4625
2025-11-27 21:40:01,149 | WARNING | Bad timestamp at line 132: 11/01/2025 09:36:00 AM -EventID: 4625
2025-11-27 21:40:01,149 | WARNING | Bad timestamp at line 133: 11/01/2025 09:30:00 AM -EventID: 4625
2025-11-27 21:40:01,149 | WARNING | Bad timestamp at line 134: 11/01/2025 09:33:00 AM -EventID: 4625
2025-11-27 21:40:01,149 | WARNING | Bad timestamp at line 135: 11/01/2025 09:36:00 AM -EventID: 4625
2025-11-27 21:40:01,150 | WARNING | Bad timestamp at line 136: 11/01/2025 09:42:00 AM -EventID: 4625
2025-11-27 21:40:01,150 | WARNING | Bad timestamp at line 137: 11/01/2025 09:33:00 AM -EventID: 4625
2025-11-27 21:40:01,150 | WARNING | Bad timestamp at line 138: 11/01/2025 09:30:00 AM -EventID: 4625
2025-11-27 21:40:01,150 | WARNING | Bad timestamp at line 139: 11/01/2025 09:33:00 AM -EventID: 4625
2025-11-27 21:40:01,150 | WARNING | Bad timestamp at line 141: 11/01/2025 09:42:00 AM -EventID: 4625
2025-11-27 21:40:01,150 | WARNING | Bad timestamp at line 142: 11/01/2025 09:30:00 AM -EventID: 4625
2025-11-27 21:40:01,150 | WARNING | Bad timestamp at line 143: 11/01/2025 09:36:00 AM -EventID: 4625
2025-11-27 21:40:01,151 | WARNING | Bad timestamp at line 144: 11/01/2025 09:30:00 AM -EventID: 4625
2025-11-27 21:40:01,151 | INFO | Parsed 0 failed logins
2025-11-27 21:40:01,151 | INFO | Exported 0 alert(s) to month1/alerts.json
2025-11-27 21:40:01,151 | INFO | No alerts generated.
2025-11-27 21:45:01,276 | INFO | === BRUTE-FORCE DETECTOR STARTED ===
2025-11-27 21:45:01,277 | INFO | Config: {'log_file': 'month1/fake_auth.log', 'output_file': 'month1/alerts.json', 'threshold_count': 3, 'time_window_minutes': 15, 'log_level': 'INFO', 'alert_title': 'BRUTE_FORCE_15MIN', 'smtp_server': 'smtp.gmail.com', 'smtp_port': 587, 'email_from': 'suleephraim1@gmail.com', 'email_to': 'cyberlootkeeper@gmail.com', 'email_password': 'uwijddtfwdtmmony'}
2025-11-27 21:45:01,281 | WARNING | Bad timestamp at line 5: 11/01/2025 09:42:00 AM -EventID: 4625
2025-11-27 21:45:01,281 | WARNING | Bad timestamp at line 6: 11/01/2025 09:30:00 AM -EventID: 4625
2025-11-27 21:45:01,282 | WARNING | Bad timestamp at line 7: 11/01/2025 09:36:00 AM -EventID: 4625
2025-11-27 21:45:01,282 | WARNING | Bad timestamp at line 8: 11/01/2025 09:33:00 AM -EventID: 4625
2025-11-27 21:45:01,282 | WARNING | Bad timestamp at line 10: 11/01/2025 09:36:00 AM -EventID: 4625
2025-11-27 21:45:01,282 | WARNING | Bad timestamp at line 12: 11/01/2025 09:33:00 AM -EventID: 4625
2025-11-27 21:45:01,282 | WARNING | Bad timestamp at line 13: 11/01/2025 09:33:00 AM -EventID: 4625
2025-11-27 21:45:01,282 | WARNING | Bad timestamp at line 14: 11/01/2025 09:30:00 AM -EventID: 4625
2025-11-27 21:45:01,282 | WARNING | Bad timestamp at line 15: 11/01/2025 09:36:00 AM -EventID: 4625
2025-11-27 21:45:01,283 | WARNING | Bad timestamp at line 17: 11/01/2025 09:33:00 AM -EventID: 4625
2025-11-27 21:45:01,283 | WARNING | Bad timestamp at line 18: 11/01/2025 09:30:00 AM -EventID: 4625
2025-11-27 21:45:01,283 | WARNING | Bad timestamp at line 19: 11/01/2025 09:33:00 AM -EventID: 4625
2025-11-27 21:45:01,283 | WARNING | Bad timestamp at line 21: 11/01/2025 09:42:00 AM -EventID: 4625
2025-11-27 21:45:01,283 | WARNING | Bad timestamp at line 22: 11/01/2025 09:39:00 AM -EventID: 4625
2025-11-27 21:45:01,283 | WARNING | Bad timestamp at line 23: 11/01/2025 09:36:00 AM -EventID: 4625
2025-11-27 21:45:01,283 | WARNING | Bad timestamp at line 25: 11/01/2025 09:33:00 AM -EventID: 4625
2025-11-27 21:45:01,283 | WARNING | Bad timestamp at line 26: 11/01/2025 09:33:00 AM -EventID: 4625
2025-11-27 21:45:01,283 | WARNING | Bad timestamp at line 27: 11/01/2025 09:39:00 AM -EventID: 4625
2025-11-27 21:45:01,284 | WARNING | Bad timestamp at line 28: 11/01/2025 09:42:00 AM -EventID: 4625
2025-11-27 21:45:01,284 | WARNING | Bad timestamp at line 29: 11/01/2025 09:42:00 AM -EventID: 4625
2025-11-27 21:45:01,284 | WARNING | Bad timestamp at line 30: 11/01/2025 09:36:00 AM -EventID: 4625
2025-11-27 21:45:01,284 | WARNING | Bad timestamp at line 31: 11/01/2025 09:36:00 AM -EventID: 4625
2025-11-27 21:45:01,284 | WARNING | Bad timestamp at line 32: 11/01/2025 09:30:00 AM -EventID: 4625
2025-11-27 21:45:01,284 | WARNING | Bad timestamp at line 33: 11/01/2025 09:36:00 AM -EventID: 4625
2025-11-27 21:45:01,284 | WARNING | Bad timestamp at line 34: 11/01/2025 09:42:00 AM -EventID: 4625
2025-11-27 21:45:01,284 | WARNING | Bad timestamp at line 35: 11/01/2025 09:39:00 AM -EventID: 4625
2025-11-27 21:45:01,284 | WARNING | Bad timestamp at line 36: 11/01/2025 09:39:00 AM -EventID: 4625
2025-11-27 21:45:01,285 | WARNING | Bad timestamp at line 37: 11/01/2025 09:39:00 AM -EventID: 4625
2025-11-27 21:45:01,285 | WARNING | Bad timestamp at line 38: 11/01/2025 09:42:00 AM -EventID: 4625
2025-11-27 21:45:01,285 | WARNING | Bad timestamp at line 39: 11/01/2025 09:30:00 AM -EventID: 4625
2025-11-27 21:45:01,285 | WARNING | Bad timestamp at line 40: 11/01/2025 09:33:00 AM -EventID: 4625
2025-11-27 21:45:01,285 | WARNING | Bad timestamp at line 41: 11/01/2025 09:30:00 AM -EventID: 4625
2025-11-27 21:45:01,285 | WARNING | Bad timestamp at line 43: 11/01/2025 09:39:00 AM -EventID: 4625
2025-11-27 21:45:01,285 | WARNING | Bad timestamp at line 44: 11/01/2025 09:36:00 AM -EventID: 4625
2025-11-27 21:45:01,285 | WARNING | Bad timestamp at line 45: 11/01/2025 09:30:00 AM -EventID: 4625
2025-11-27 21:45:01,285 | WARNING | Bad timestamp at line 46: 11/01/2025 09:42:00 AM -EventID: 4625
2025-11-27 21:45:01,286 | WARNING | Bad timestamp at line 47: 11/01/2025 09:36:00 AM -EventID: 4625
2025-11-27 21:45:01,286 | WARNING | Bad timestamp at line 48: 11/01/2025 09:42:00 AM -EventID: 4625
2025-11-27 21:45:01,286 | WARNING | Bad timestamp at line 49: 11/01/2025 09:42:00 AM -EventID: 4625
2025-11-27 21:45:01,286 | WARNING | Bad timestamp at line 50: 11/01/2025 09:42:00 AM -EventID: 4625
2025-11-27 21:45:01,286 | WARNING | Bad timestamp at line 51: 11/01/2025 09:39:00 AM -EventID: 4625
2025-11-27 21:45:01,286 | WARNING | Bad timestamp at line 52: 11/01/2025 09:42:00 AM -EventID: 4625
2025-11-27 21:45:01,286 | WARNING | Bad timestamp at line 53: 11/01/2025 09:30:00 AM -EventID: 4625
2025-11-27 21:45:01,286 | WARNING | Bad timestamp at line 54: 11/01/2025 09:30:00 AM -EventID: 4625
2025-11-27 21:45:01,286 | WARNING | Bad timestamp at line 55: 11/01/2025 09:30:00 AM -EventID: 4625
2025-11-27 21:45:01,286 | WARNING | Bad timestamp at line 56: 11/01/2025 09:33:00 AM -EventID: 4625
2025-11-27 21:45:01,287 | WARNING | Bad timestamp at line 58: 11/01/2025 09:42:00 AM -EventID: 4625
2025-11-27 21:45:01,287 | WARNING | Bad timestamp at line 59: 11/01/2025 09:36:00 AM -EventID: 4625
2025-11-27 21:45:01,287 | WARNING | Bad timestamp at line 60: 11/01/2025 09:36:00 AM -EventID: 4625
2025-11-27 21:45:01,287 | WARNING | Bad timestamp at line 61: 11/01/2025 09:33:00 AM -EventID: 4625
2025-11-27 21:45:01,287 | WARNING | Bad timestamp at line 62: 11/01/2025 09:42:00 AM -EventID: 4625
2025-11-27 21:45:01,287 | WARNING | Bad timestamp at line 64: 11/01/2025 09:30:00 AM -EventID: 4625
2025-11-27 21:45:01,287 | WARNING | Bad timestamp at line 65: 11/01/2025 09:39:00 AM -EventID: 4625
2025-11-27 21:45:01,287 | WARNING | Bad timestamp at line 66: 11/01/2025 09:42:00 AM -EventID: 4625
2025-11-27 21:45:01,287 | WARNING | Bad timestamp at line 67: 11/01/2025 09:39:00 AM -EventID: 4625
2025-11-27 21:45:01,288 | WARNING | Bad timestamp at line 68: 11/01/2025 09:36:00 AM -EventID: 4625
2025-11-27 21:45:01,288 | WARNING | Bad timestamp at line 69: 11/01/2025 09:42:00 AM -EventID: 4625
2025-11-27 21:45:01,288 | WARNING | Bad timestamp at line 70: 11/01/2025 09:39:00 AM -EventID: 4625
2025-11-27 21:45:01,288 | WARNING | Bad timestamp at line 72: 11/01/2025 09:36:00 AM -EventID: 4625
2025-11-27 21:45:01,288 | WARNING | Bad timestamp at line 73: 11/01/2025 09:42:00 AM -EventID: 4625
2025-11-27 21:45:01,288 | WARNING | Bad timestamp at line 75: 11/01/2025 09:33:00 AM -EventID: 4625
2025-11-27 21:45:01,288 | WARNING | Bad timestamp at line 76: 11/01/2025 09:39:00 AM -EventID: 4625
2025-11-27 21:45:01,288 | WARNING | Bad timestamp at line 78: 11/01/2025 09:42:00 AM -EventID: 4625
2025-11-27 21:45:01,288 | WARNING | Bad timestamp at line 79: 11/01/2025 09:36:00 AM -EventID: 4625
2025-11-27 21:45:01,289 | WARNING | Bad timestamp at line 80: 11/01/2025 09:42:00 AM -EventID: 4625
2025-11-27 21:45:01,289 | WARNING | Bad timestamp at line 81: 11/01/2025 09:30:00 AM -EventID: 4625
2025-11-27 21:45:01,289 | WARNING | Bad timestamp at line 82: 11/01/2025 09:30:00 AM -EventID: 4625
2025-11-27 21:45:01,289 | WARNING | Bad timestamp at line 83: 11/01/2025 09:39:00 AM -EventID: 4625
2025-11-27 21:45:01,289 | WARNING | Bad timestamp at line 84: 11/01/2025 09:33:00 AM -EventID: 4625
2025-11-27 21:45:01,289 | WARNING | Bad timestamp at line 85: 11/01/2025 09:39:00 AM -EventID: 4625
2025-11-27 21:45:01,289 | WARNING | Bad timestamp at line 86: 11/01/2025 09:42:00 AM -EventID: 4625
2025-11-27 21:45:01,289 | WARNING | Bad timestamp at line 87: 11/01/2025 09:33:00 AM -EventID: 4625
2025-11-27 21:45:01,289 | WARNING | Bad timestamp at line 88: 11/01/2025 09:33:00 AM -EventID: 4625
2025-11-27 21:45:01,290 | WARNING | Bad timestamp at line 89: 11/01/2025 09:39:00 AM -EventID: 4625
2025-11-27 21:45:01,290 | WARNING | Bad timestamp at line 90: 11/01/2025 09:36:00 AM -EventID: 4625
2025-11-27 21:45:01,290 | WARNING | Bad timestamp at line 91: 11/01/2025 09:39:00 AM -EventID: 4625
2025-11-27 21:45:01,290 | WARNING | Bad timestamp at line 92: 11/01/2025 09:33:00 AM -EventID: 4625
2025-11-27 21:45:01,290 | WARNING | Bad timestamp at line 95: 11/01/2025 09:30:00 AM -EventID: 4625
2025-11-27 21:45:01,290 | WARNING | Bad timestamp at line 96: 11/01/2025 09:33:00 AM -EventID: 4625
2025-11-27 21:45:01,290 | WARNING | Bad timestamp at line 97: 11/01/2025 09:33:00 AM -EventID: 4625
2025-11-27 21:45:01,290 | WARNING | Bad timestamp at line 98: 11/01/2025 09:33:00 AM -EventID: 4625
2025-11-27 21:45:01,290 | WARNING | Bad timestamp at line 99: 11/01/2025 09:39:00 AM -EventID: 4625
2025-11-27 21:45:01,290 | WARNING | Bad timestamp at line 100: 11/01/2025 09:33:00 AM -EventID: 4625
2025-11-27 21:45:01,291 | WARNING | Bad timestamp at line 101: 11/01/2025 09:33:00 AM -EventID: 4625
2025-11-27 21:45:01,291 | WARNING | Bad timestamp at line 102: 11/01/2025 09:36:00 AM -EventID: 4625
2025-11-27 21:45:01,291 | WARNING | Bad timestamp at line 103: 11/01/2025 09:30:00 AM -EventID: 4625
2025-11-27 21:45:01,291 | WARNING | Bad timestamp at line 104: 11/01/2025 09:30:00 AM -EventID: 4625
2025-11-27 21:45:01,291 | WARNING | Bad timestamp at line 105: 11/01/2025 09:36:00 AM -EventID: 4625
2025-11-27 21:45:01,291 | WARNING | Bad timestamp at line 106: 11/01/2025 09:36:00 AM -EventID: 4625
2025-11-27 21:45:01,291 | WARNING | Bad timestamp at line 107: 11/01/2025 09:39:00 AM -EventID: 4625
2025-11-27 21:45:01,291 | WARNING | Bad timestamp at line 109: 11/01/2025 09:36:00 AM -EventID: 4625
2025-11-27 21:45:01,291 | WARNING | Bad timestamp at line 110: 11/01/2025 09:39:00 AM -EventID: 4625
2025-11-27 21:45:01,291 | WARNING | Bad timestamp at line 111: 11/01/2025 09:39:00 AM -EventID: 4625
2025-11-27 21:45:01,292 | WARNING | Bad timestamp at line 112: 11/01/2025 09:39:00 AM -EventID: 4625
2025-11-27 21:45:01,292 | WARNING | Bad timestamp at line 113: 11/01/2025 09:39:00 AM -EventID: 4625
2025-11-27 21:45:01,292 | WARNING | Bad timestamp at line 114: 11/01/2025 09:42:00 AM -EventID: 4625
2025-11-27 21:45:01,292 | WARNING | Bad timestamp at line 115: 11/01/2025 09:33:00 AM -EventID: 4625
2025-11-27 21:45:01,292 | WARNING | Bad timestamp at line 116: 11/01/2025 09:39:00 AM -EventID: 4625
2025-11-27 21:45:01,292 | WARNING | Bad timestamp at line 117: 11/01/2025 09:36:00 AM -EventID: 4625
2025-11-27 21:45:01,292 | WARNING | Bad timestamp at line 118: 11/01/2025 09:39:00 AM -EventID: 4625
2025-11-27 21:45:01,292 | WARNING | Bad timestamp at line 119: 11/01/2025 09:39:00 AM -EventID: 4625
2025-11-27 21:45:01,292 | WARNING | Bad timestamp at line 120: 11/01/2025 09:36:00 AM -EventID: 4625
2025-11-27 21:45:01,293 | WARNING | Bad timestamp at line 121: 11/01/2025 09:30:00 AM -EventID: 4625
2025-11-27 21:45:01,293 | WARNING | Bad timestamp at line 122: 11/01/2025 09:36:00 AM -EventID: 4625
2025-11-27 21:45:01,293 | WARNING | Bad timestamp at line 123: 11/01/2025 09:33:00 AM -EventID: 4625
2025-11-27 21:45:01,293 | WARNING | Bad timestamp at line 124: 11/01/2025 09:42:00 AM -EventID: 4625
2025-11-27 21:45:01,293 | WARNING | Bad timestamp at line 125: 11/01/2025 09:30:00 AM -EventID: 4625
2025-11-27 21:45:01,293 | WARNING | Bad timestamp at line 126: 11/01/2025 09:42:00 AM -EventID: 4625
2025-11-27 21:45:01,293 | WARNING | Bad timestamp at line 127: 11/01/2025 09:30:00 AM -EventID: 4625
2025-11-27 21:45:01,293 | WARNING | Bad timestamp at line 128: 11/01/2025 09:30:00 AM -EventID: 4625
2025-11-27 21:45:01,294 | WARNING | Bad timestamp at line 129: 11/01/2025 09:42:00 AM -EventID: 4625
2025-11-27 21:45:01,296 | WARNING | Bad timestamp at line 130: 11/01/2025 09:39:00 AM -EventID: 4625
2025-11-27 21:45:01,297 | WARNING | Bad timestamp at line 131: 11/01/2025 09:30:00 AM -EventID: 4625
2025-11-27 21:45:01,297 | WARNING | Bad timestamp at line 132: 11/01/2025 09:36:00 AM -EventID: 4625
2025-11-27 21:45:01,297 | WARNING | Bad timestamp at line 133: 11/01/2025 09:30:00 AM -EventID: 4625
2025-11-27 21:45:01,297 | WARNING | Bad timestamp at line 134: 11/01/2025 09:33:00 AM -EventID: 4625
2025-11-27 21:45:01,297 | WARNING | Bad timestamp at line 135: 11/01/2025 09:36:00 AM -EventID: 4625
2025-11-27 21:45:01,297 | WARNING | Bad timestamp at line 136: 11/01/2025 09:42:00 AM -EventID: 4625
2025-11-27 21:45:01,297 | WARNING | Bad timestamp at line 137: 11/01/2025 09:33:00 AM -EventID: 4625
2025-11-27 21:45:01,297 | WARNING | Bad timestamp at line 138: 11/01/2025 09:30:00 AM -EventID: 4625
2025-11-27 21:45:01,298 | WARNING | Bad timestamp at line 139: 11/01/2025 09:33:00 AM -EventID: 4625
2025-11-27 21:45:01,298 | WARNING | Bad timestamp at line 141: 11/01/2025 09:42:00 AM -EventID: 4625
2025-11-27 21:45:01,298 | WARNING | Bad timestamp at line 142: 11/01/2025 09:30:00 AM -EventID: 4625
2025-11-27 21:45:01,298 | WARNING | Bad timestamp at line 143: 11/01/2025 09:36:00 AM -EventID: 4625
2025-11-27 21:45:01,298 | WARNING | Bad timestamp at line 144: 11/01/2025 09:30:00 AM -EventID: 4625
2025-11-27 21:45:01,298 | INFO | Parsed 0 failed logins
2025-11-27 21:45:01,299 | INFO | Exported 0 alert(s) to month1/alerts.json
2025-11-27 21:45:01,299 | INFO | No alerts generated.
2025-11-27 21:50:01,437 | INFO | === BRUTE-FORCE DETECTOR STARTED ===
2025-11-27 21:50:01,437 | INFO | Config: {'log_file': 'month1/fake_auth.log', 'output_file': 'month1/alerts.json', 'threshold_count': 3, 'time_window_minutes': 15, 'log_level': 'INFO', 'alert_title': 'BRUTE_FORCE_15MIN', 'smtp_server': 'smtp.gmail.com', 'smtp_port': 587, 'email_from': 'suleephraim1@gmail.com', 'email_to': 'cyberlootkeeper@gmail.com', 'email_password': 'uwijddtfwdtmmony'}
2025-11-27 21:50:01,443 | WARNING | Bad timestamp at line 5: 11/01/2025 09:30:00 AM -EventID: 4625
2025-11-27 21:50:01,443 | WARNING | Bad timestamp at line 6: 11/01/2025 09:36:00 AM -EventID: 4625
2025-11-27 21:50:01,443 | WARNING | Bad timestamp at line 7: 11/01/2025 09:33:00 AM -EventID: 4625
2025-11-27 21:50:01,444 | WARNING | Bad timestamp at line 8: 11/01/2025 09:36:00 AM -EventID: 4625
2025-11-27 21:50:01,444 | WARNING | Bad timestamp at line 9: 11/01/2025 09:36:00 AM -EventID: 4625
2025-11-27 21:50:01,444 | WARNING | Bad timestamp at line 10: 11/01/2025 09:36:00 AM -EventID: 4625
2025-11-27 21:50:01,444 | WARNING | Bad timestamp at line 11: 11/01/2025 09:42:00 AM -EventID: 4625
2025-11-27 21:50:01,444 | WARNING | Bad timestamp at line 12: 11/01/2025 09:30:00 AM -EventID: 4625
2025-11-27 21:50:01,444 | WARNING | Bad timestamp at line 13: 11/01/2025 09:33:00 AM -EventID: 4625
2025-11-27 21:50:01,444 | WARNING | Bad timestamp at line 14: 11/01/2025 09:42:00 AM -EventID: 4625
2025-11-27 21:50:01,445 | WARNING | Bad timestamp at line 15: 11/01/2025 09:30:00 AM -EventID: 4625
2025-11-27 21:50:01,445 | WARNING | Bad timestamp at line 16: 11/01/2025 09:30:00 AM -EventID: 4625
2025-11-27 21:50:01,445 | WARNING | Bad timestamp at line 17: 11/01/2025 09:39:00 AM -EventID: 4625
2025-11-27 21:50:01,446 | WARNING | Bad timestamp at line 18: 11/01/2025 09:33:00 AM -EventID: 4625
2025-11-27 21:50:01,446 | WARNING | Bad timestamp at line 19: 11/01/2025 09:39:00 AM -EventID: 4625
2025-11-27 21:50:01,446 | WARNING | Bad timestamp at line 20: 11/01/2025 09:42:00 AM -EventID: 4625
2025-11-27 21:50:01,446 | WARNING | Bad timestamp at line 21: 11/01/2025 09:39:00 AM -EventID: 4625
2025-11-27 21:50:01,446 | WARNING | Bad timestamp at line 22: 11/01/2025 09:39:00 AM -EventID: 4625
2025-11-27 21:50:01,446 | WARNING | Bad timestamp at line 23: 11/01/2025 09:33:00 AM -EventID: 4625
2025-11-27 21:50:01,446 | WARNING | Bad timestamp at line 25: 11/01/2025 09:42:00 AM -EventID: 4625
2025-11-27 21:50:01,446 | WARNING | Bad timestamp at line 26: 11/01/2025 09:30:00 AM -EventID: 4625
2025-11-27 21:50:01,446 | WARNING | Bad timestamp at line 27: 11/01/2025 09:42:00 AM -EventID: 4625
2025-11-27 21:50:01,447 | WARNING | Bad timestamp at line 28: 11/01/2025 09:36:00 AM -EventID: 4625
2025-11-27 21:50:01,447 | WARNING | Bad timestamp at line 30: 11/01/2025 09:33:00 AM -EventID: 4625
2025-11-27 21:50:01,447 | WARNING | Bad timestamp at line 32: 11/01/2025 09:33:00 AM -EventID: 4625
2025-11-27 21:50:01,447 | WARNING | Bad timestamp at line 33: 11/01/2025 09:33:00 AM -EventID: 4625
2025-11-27 21:50:01,447 | WARNING | Bad timestamp at line 34: 11/01/2025 09:39:00 AM -EventID: 4625
2025-11-27 21:50:01,447 | WARNING | Bad timestamp at line 35: 11/01/2025 09:42:00 AM -EventID: 4625
2025-11-27 21:50:01,447 | WARNING | Bad timestamp at line 36: 11/01/2025 09:36:00 AM -EventID: 4625
2025-11-27 21:50:01,447 | WARNING | Bad timestamp at line 37: 11/01/2025 09:42:00 AM -EventID: 4625
2025-11-27 21:50:01,447 | WARNING | Bad timestamp at line 38: 11/01/2025 09:33:00 AM -EventID: 4625
2025-11-27 21:50:01,448 | WARNING | Bad timestamp at line 39: 11/01/2025 09:39:00 AM -EventID: 4625
2025-11-27 21:50:01,448 | WARNING | Bad timestamp at line 40: 11/01/2025 09:36:00 AM -EventID: 4625
2025-11-27 21:50:01,448 | WARNING | Bad timestamp at line 41: 11/01/2025 09:39:00 AM -EventID: 4625
2025-11-27 21:50:01,448 | WARNING | Bad timestamp at line 42: 11/01/2025 09:33:00 AM -EventID: 4625
2025-11-27 21:50:01,448 | WARNING | Bad timestamp at line 43: 11/01/2025 09:39:00 AM -EventID: 4625
2025-11-27 21:50:01,448 | WARNING | Bad timestamp at line 44: 11/01/2025 09:30:00 AM -EventID: 4625
2025-11-27 21:50:01,448 | WARNING | Bad timestamp at line 45: 11/01/2025 09:36:00 AM -EventID: 4625
2025-11-27 21:50:01,448 | WARNING | Bad timestamp at line 46: 11/01/2025 09:36:00 AM -EventID: 4625
2025-11-27 21:50:01,449 | WARNING | Bad timestamp at line 47: 11/01/2025 09:42:00 AM -EventID: 4625
2025-11-27 21:50:01,449 | WARNING | Bad timestamp at line 48: 11/01/2025 09:39:00 AM -EventID: 4625
2025-11-27 21:50:01,449 | WARNING | Bad timestamp at line 49: 11/01/2025 09:39:00 AM -EventID: 4625
2025-11-27 21:50:01,449 | WARNING | Bad timestamp at line 50: 11/01/2025 09:30:00 AM -EventID: 4625
2025-11-27 21:50:01,449 | WARNING | Bad timestamp at line 52: 11/01/2025 09:39:00 AM -EventID: 4625
2025-11-27 21:50:01,449 | WARNING | Bad timestamp at line 53: 11/01/2025 09:33:00 AM -EventID: 4625
2025-11-27 21:50:01,449 | WARNING | Bad timestamp at line 54: 11/01/2025 09:33:00 AM -EventID: 4625
2025-11-27 21:50:01,449 | WARNING | Bad timestamp at line 55: 11/01/2025 09:39:00 AM -EventID: 4625
2025-11-27 21:50:01,449 | WARNING | Bad timestamp at line 56: 11/01/2025 09:36:00 AM -EventID: 4625
2025-11-27 21:50:01,450 | WARNING | Bad timestamp at line 58: 11/01/2025 09:42:00 AM -EventID: 4625
2025-11-27 21:50:01,450 | WARNING | Bad timestamp at line 59: 11/01/2025 09:33:00 AM -EventID: 4625
2025-11-27 21:50:01,450 | WARNING | Bad timestamp at line 61: 11/01/2025 09:42:00 AM -EventID: 4625
2025-11-27 21:50:01,450 | WARNING | Bad timestamp at line 62: 11/01/2025 09:42:00 AM -EventID: 4625
2025-11-27 21:50:01,450 | WARNING | Bad timestamp at line 63: 11/01/2025 09:39:00 AM -EventID: 4625
2025-11-27 21:50:01,450 | WARNING | Bad timestamp at line 64: 11/01/2025 09:30:00 AM -EventID: 4625
2025-11-27 21:50:01,450 | WARNING | Bad timestamp at line 65: 11/01/2025 09:42:00 AM -EventID: 4625
2025-11-27 21:50:01,450 | WARNING | Bad timestamp at line 66: 11/01/2025 09:39:00 AM -EventID: 4625
2025-11-27 21:50:01,450 | WARNING | Bad timestamp at line 67: 11/01/2025 09:33:00 AM -EventID: 4625
2025-11-27 21:50:01,451 | WARNING | Bad timestamp at line 68: 11/01/2025 09:30:00 AM -EventID: 4625
2025-11-27 21:50:01,451 | WARNING | Bad timestamp at line 69: 11/01/2025 09:42:00 AM -EventID: 4625
2025-11-27 21:50:01,451 | WARNING | Bad timestamp at line 70: 11/01/2025 09:36:00 AM -EventID: 4625
2025-11-27 21:50:01,451 | WARNING | Bad timestamp at line 71: 11/01/2025 09:42:00 AM -EventID: 4625
2025-11-27 21:50:01,451 | WARNING | Bad timestamp at line 72: 11/01/2025 09:30:00 AM -EventID: 4625
2025-11-27 21:50:01,451 | WARNING | Bad timestamp at line 74: 11/01/2025 09:30:00 AM -EventID: 4625
2025-11-27 21:50:01,451 | WARNING | Bad timestamp at line 75: 11/01/2025 09:33:00 AM -EventID: 4625
2025-11-27 21:50:01,451 | WARNING | Bad timestamp at line 76: 11/01/2025 09:30:00 AM -EventID: 4625
2025-11-27 21:50:01,452 | WARNING | Bad timestamp at line 78: 11/01/2025 09:42:00 AM -EventID: 4625
2025-11-27 21:50:01,452 | WARNING | Bad timestamp at line 79: 11/01/2025 09:33:00 AM -EventID: 4625
2025-11-27 21:50:01,452 | WARNING | Bad timestamp at line 81: 11/01/2025 09:36:00 AM -EventID: 4625
2025-11-27 21:50:01,452 | WARNING | Bad timestamp at line 83: 11/01/2025 09:30:00 AM -EventID: 4625
2025-11-27 21:50:01,452 | WARNING | Bad timestamp at line 84: 11/01/2025 09:39:00 AM -EventID: 4625
2025-11-27 21:50:01,452 | WARNING | Bad timestamp at line 85: 11/01/2025 09:39:00 AM -EventID: 4625
2025-11-27 21:50:01,452 | WARNING | Bad timestamp at line 86: 11/01/2025 09:42:00 AM -EventID: 4625
2025-11-27 21:50:01,452 | WARNING | Bad timestamp at line 87: 11/01/2025 09:30:00 AM -EventID: 4625
2025-11-27 21:50:01,452 | WARNING | Bad timestamp at line 88: 11/01/2025 09:36:00 AM -EventID: 4625
2025-11-27 21:50:01,453 | WARNING | Bad timestamp at line 90: 11/01/2025 09:33:00 AM -EventID: 4625
2025-11-27 21:50:01,453 | WARNING | Bad timestamp at line 91: 11/01/2025 09:36:00 AM -EventID: 4625
2025-11-27 21:50:01,453 | WARNING | Bad timestamp at line 92: 11/01/2025 09:33:00 AM -EventID: 4625
2025-11-27 21:50:01,453 | WARNING | Bad timestamp at line 93: 11/01/2025 09:39:00 AM -EventID: 4625
2025-11-27 21:50:01,453 | WARNING | Bad timestamp at line 94: 11/01/2025 09:33:00 AM -EventID: 4625
2025-11-27 21:50:01,453 | WARNING | Bad timestamp at line 96: 11/01/2025 09:33:00 AM -EventID: 4625
2025-11-27 21:50:01,453 | WARNING | Bad timestamp at line 97: 11/01/2025 09:30:00 AM -EventID: 4625
2025-11-27 21:50:01,453 | WARNING | Bad timestamp at line 98: 11/01/2025 09:33:00 AM -EventID: 4625
2025-11-27 21:50:01,453 | WARNING | Bad timestamp at line 99: 11/01/2025 09:36:00 AM -EventID: 4625
2025-11-27 21:50:01,454 | WARNING | Bad timestamp at line 100: 11/01/2025 09:42:00 AM -EventID: 4625
2025-11-27 21:50:01,454 | WARNING | Bad timestamp at line 101: 11/01/2025 09:30:00 AM -EventID: 4625
2025-11-27 21:50:01,454 | WARNING | Bad timestamp at line 102: 11/01/2025 09:30:00 AM -EventID: 4625
2025-11-27 21:50:01,454 | WARNING | Bad timestamp at line 103: 11/01/2025 09:36:00 AM -EventID: 4625
2025-11-27 21:50:01,454 | WARNING | Bad timestamp at line 104: 11/01/2025 09:30:00 AM -EventID: 4625
2025-11-27 21:50:01,454 | WARNING | Bad timestamp at line 105: 11/01/2025 09:30:00 AM -EventID: 4625
2025-11-27 21:50:01,454 | WARNING | Bad timestamp at line 106: 11/01/2025 09:30:00 AM -EventID: 4625
2025-11-27 21:50:01,454 | WARNING | Bad timestamp at line 107: 11/01/2025 09:30:00 AM -EventID: 4625
2025-11-27 21:50:01,454 | WARNING | Bad timestamp at line 108: 11/01/2025 09:39:00 AM -EventID: 4625
2025-11-27 21:50:01,454 | WARNING | Bad timestamp at line 109: 11/01/2025 09:36:00 AM -EventID: 4625
2025-11-27 21:50:01,455 | WARNING | Bad timestamp at line 110: 11/01/2025 09:39:00 AM -EventID: 4625
2025-11-27 21:50:01,455 | WARNING | Bad timestamp at line 112: 11/01/2025 09:39:00 AM -EventID: 4625
2025-11-27 21:50:01,455 | WARNING | Bad timestamp at line 113: 11/01/2025 09:42:00 AM -EventID: 4625
2025-11-27 21:50:01,455 | WARNING | Bad timestamp at line 114: 11/01/2025 09:36:00 AM -EventID: 4625
2025-11-27 21:50:01,455 | WARNING | Bad timestamp at line 115: 11/01/2025 09:30:00 AM -EventID: 4625
2025-11-27 21:50:01,455 | WARNING | Bad timestamp at line 116: 11/01/2025 09:33:00 AM -EventID: 4625
2025-11-27 21:50:01,455 | WARNING | Bad timestamp at line 117: 11/01/2025 09:42:00 AM -EventID: 4625
2025-11-27 21:50:01,455 | WARNING | Bad timestamp at line 118: 11/01/2025 09:36:00 AM -EventID: 4625
2025-11-27 21:50:01,455 | WARNING | Bad timestamp at line 119: 11/01/2025 09:42:00 AM -EventID: 4625
2025-11-27 21:50:01,456 | WARNING | Bad timestamp at line 120: 11/01/2025 09:42:00 AM -EventID: 4625
2025-11-27 21:50:01,456 | WARNING | Bad timestamp at line 121: 11/01/2025 09:33:00 AM -EventID: 4625
2025-11-27 21:50:01,456 | WARNING | Bad timestamp at line 122: 11/01/2025 09:36:00 AM -EventID: 4625
2025-11-27 21:50:01,456 | WARNING | Bad timestamp at line 123: 11/01/2025 09:36:00 AM -EventID: 4625
2025-11-27 21:50:01,456 | WARNING | Bad timestamp at line 124: 11/01/2025 09:33:00 AM -EventID: 4625
2025-11-27 21:50:01,456 | WARNING | Bad timestamp at line 125: 11/01/2025 09:36:00 AM -EventID: 4625
2025-11-27 21:50:01,456 | WARNING | Bad timestamp at line 126: 11/01/2025 09:39:00 AM -EventID: 4625
2025-11-27 21:50:01,456 | WARNING | Bad timestamp at line 128: 11/01/2025 09:33:00 AM -EventID: 4625
2025-11-27 21:50:01,456 | WARNING | Bad timestamp at line 129: 11/01/2025 09:42:00 AM -EventID: 4625
2025-11-27 21:50:01,456 | WARNING | Bad timestamp at line 130: 11/01/2025 09:39:00 AM -EventID: 4625
2025-11-27 21:50:01,457 | WARNING | Bad timestamp at line 131: 11/01/2025 09:33:00 AM -EventID: 4625
2025-11-27 21:50:01,457 | WARNING | Bad timestamp at line 132: 11/01/2025 09:36:00 AM -EventID: 4625
2025-11-27 21:50:01,457 | WARNING | Bad timestamp at line 133: 11/01/2025 09:39:00 AM -EventID: 4625
2025-11-27 21:50:01,457 | WARNING | Bad timestamp at line 134: 11/01/2025 09:36:00 AM -EventID: 4625
2025-11-27 21:50:01,457 | WARNING | Bad timestamp at line 135: 11/01/2025 09:30:00 AM -EventID: 4625
2025-11-27 21:50:01,457 | WARNING | Bad timestamp at line 136: 11/01/2025 09:39:00 AM -EventID: 4625
2025-11-27 21:50:01,457 | WARNING | Bad timestamp at line 137: 11/01/2025 09:36:00 AM -EventID: 4625
2025-11-27 21:50:01,457 | WARNING | Bad timestamp at line 138: 11/01/2025 09:30:00 AM -EventID: 4625
2025-11-27 21:50:01,458 | WARNING | Bad timestamp at line 139: 11/01/2025 09:39:00 AM -EventID: 4625
2025-11-27 21:50:01,458 | WARNING | Bad timestamp at line 140: 11/01/2025 09:30:00 AM -EventID: 4625
2025-11-27 21:50:01,458 | WARNING | Bad timestamp at line 141: 11/01/2025 09:42:00 AM -EventID: 4625
2025-11-27 21:50:01,458 | WARNING | Bad timestamp at line 143: 11/01/2025 09:42:00 AM -EventID: 4625
2025-11-27 21:50:01,458 | WARNING | Bad timestamp at line 144: 11/01/2025 09:42:00 AM -EventID: 4625
2025-11-27 21:50:01,458 | INFO | Parsed 0 failed logins
2025-11-27 21:50:01,459 | INFO | Exported 0 alert(s) to month1/alerts.json
2025-11-27 21:50:01,459 | INFO | No alerts generated.
2025-11-27 21:55:01,794 | INFO | === BRUTE-FORCE DETECTOR STARTED ===
2025-11-27 21:55:01,795 | INFO | Config: {'log_file': 'month1/fake_auth.log', 'output_file': 'month1/alerts.json', 'threshold_count': 3, 'time_window_minutes': 15, 'log_level': 'INFO', 'alert_title': 'BRUTE_FORCE_15MIN', 'smtp_server': 'smtp.gmail.com', 'smtp_port': 587, 'email_from': 'suleephraim1@gmail.com', 'email_to': 'cyberlootkeeper@gmail.com', 'email_password': 'uwijddtfwdtmmony'}
2025-11-27 21:55:01,802 | WARNING | Bad timestamp at line 5: 11/01/2025 09:30:00 AM -EventID: 4625
2025-11-27 21:55:01,802 | WARNING | Bad timestamp at line 6: 11/01/2025 09:36:00 AM -EventID: 4625
2025-11-27 21:55:01,802 | WARNING | Bad timestamp at line 7: 11/01/2025 09:33:00 AM -EventID: 4625
2025-11-27 21:55:01,803 | WARNING | Bad timestamp at line 8: 11/01/2025 09:36:00 AM -EventID: 4625
2025-11-27 21:55:01,803 | WARNING | Bad timestamp at line 9: 11/01/2025 09:36:00 AM -EventID: 4625
2025-11-27 21:55:01,803 | WARNING | Bad timestamp at line 10: 11/01/2025 09:36:00 AM -EventID: 4625
2025-11-27 21:55:01,804 | WARNING | Bad timestamp at line 11: 11/01/2025 09:42:00 AM -EventID: 4625
2025-11-27 21:55:01,804 | WARNING | Bad timestamp at line 12: 11/01/2025 09:30:00 AM -EventID: 4625
2025-11-27 21:55:01,804 | WARNING | Bad timestamp at line 13: 11/01/2025 09:33:00 AM -EventID: 4625
2025-11-27 21:55:01,804 | WARNING | Bad timestamp at line 14: 11/01/2025 09:42:00 AM -EventID: 4625
2025-11-27 21:55:01,804 | WARNING | Bad timestamp at line 15: 11/01/2025 09:30:00 AM -EventID: 4625
2025-11-27 21:55:01,804 | WARNING | Bad timestamp at line 16: 11/01/2025 09:30:00 AM -EventID: 4625
2025-11-27 21:55:01,805 | WARNING | Bad timestamp at line 17: 11/01/2025 09:39:00 AM -EventID: 4625
2025-11-27 21:55:01,805 | WARNING | Bad timestamp at line 18: 11/01/2025 09:33:00 AM -EventID: 4625
2025-11-27 21:55:01,805 | WARNING | Bad timestamp at line 19: 11/01/2025 09:39:00 AM -EventID: 4625
2025-11-27 21:55:01,805 | WARNING | Bad timestamp at line 20: 11/01/2025 09:42:00 AM -EventID: 4625
2025-11-27 21:55:01,805 | WARNING | Bad timestamp at line 21: 11/01/2025 09:39:00 AM -EventID: 4625
2025-11-27 21:55:01,805 | WARNING | Bad timestamp at line 22: 11/01/2025 09:39:00 AM -EventID: 4625
2025-11-27 21:55:01,805 | WARNING | Bad timestamp at line 23: 11/01/2025 09:33:00 AM -EventID: 4625
2025-11-27 21:55:01,805 | WARNING | Bad timestamp at line 25: 11/01/2025 09:42:00 AM -EventID: 4625
2025-11-27 21:55:01,807 | WARNING | Bad timestamp at line 26: 11/01/2025 09:30:00 AM -EventID: 4625
2025-11-27 21:55:01,808 | WARNING | Bad timestamp at line 27: 11/01/2025 09:42:00 AM -EventID: 4625
2025-11-27 21:55:01,808 | WARNING | Bad timestamp at line 28: 11/01/2025 09:36:00 AM -EventID: 4625
2025-11-27 21:55:01,808 | WARNING | Bad timestamp at line 30: 11/01/2025 09:33:00 AM -EventID: 4625
2025-11-27 21:55:01,808 | WARNING | Bad timestamp at line 32: 11/01/2025 09:33:00 AM -EventID: 4625
2025-11-27 21:55:01,808 | WARNING | Bad timestamp at line 33: 11/01/2025 09:33:00 AM -EventID: 4625
2025-11-27 21:55:01,808 | WARNING | Bad timestamp at line 34: 11/01/2025 09:39:00 AM -EventID: 4625
2025-11-27 21:55:01,808 | WARNING | Bad timestamp at line 35: 11/01/2025 09:42:00 AM -EventID: 4625
2025-11-27 21:55:01,810 | WARNING | Bad timestamp at line 36: 11/01/2025 09:36:00 AM -EventID: 4625
2025-11-27 21:55:01,810 | WARNING | Bad timestamp at line 37: 11/01/2025 09:42:00 AM -EventID: 4625
2025-11-27 21:55:01,810 | WARNING | Bad timestamp at line 38: 11/01/2025 09:33:00 AM -EventID: 4625
2025-11-27 21:55:01,810 | WARNING | Bad timestamp at line 39: 11/01/2025 09:39:00 AM -EventID: 4625
2025-11-27 21:55:01,810 | WARNING | Bad timestamp at line 40: 11/01/2025 09:36:00 AM -EventID: 4625
2025-11-27 21:55:01,810 | WARNING | Bad timestamp at line 41: 11/01/2025 09:39:00 AM -EventID: 4625
2025-11-27 21:55:01,810 | WARNING | Bad timestamp at line 42: 11/01/2025 09:33:00 AM -EventID: 4625
2025-11-27 21:55:01,811 | WARNING | Bad timestamp at line 43: 11/01/2025 09:39:00 AM -EventID: 4625
2025-11-27 21:55:01,811 | WARNING | Bad timestamp at line 44: 11/01/2025 09:30:00 AM -EventID: 4625
2025-11-27 21:55:01,811 | WARNING | Bad timestamp at line 45: 11/01/2025 09:36:00 AM -EventID: 4625
2025-11-27 21:55:01,811 | WARNING | Bad timestamp at line 46: 11/01/2025 09:36:00 AM -EventID: 4625
2025-11-27 21:55:01,811 | WARNING | Bad timestamp at line 47: 11/01/2025 09:42:00 AM -EventID: 4625
2025-11-27 21:55:01,813 | WARNING | Bad timestamp at line 48: 11/01/2025 09:39:00 AM -EventID: 4625
2025-11-27 21:55:01,813 | WARNING | Bad timestamp at line 49: 11/01/2025 09:39:00 AM -EventID: 4625
2025-11-27 21:55:01,813 | WARNING | Bad timestamp at line 50: 11/01/2025 09:30:00 AM -EventID: 4625
2025-11-27 21:55:01,813 | WARNING | Bad timestamp at line 52: 11/01/2025 09:39:00 AM -EventID: 4625
2025-11-27 21:55:01,813 | WARNING | Bad timestamp at line 53: 11/01/2025 09:33:00 AM -EventID: 4625
2025-11-27 21:55:01,813 | WARNING | Bad timestamp at line 54: 11/01/2025 09:33:00 AM -EventID: 4625
2025-11-27 21:55:01,814 | WARNING | Bad timestamp at line 55: 11/01/2025 09:39:00 AM -EventID: 4625
2025-11-27 21:55:01,814 | WARNING | Bad timestamp at line 56: 11/01/2025 09:36:00 AM -EventID: 4625
2025-11-27 21:55:01,814 | WARNING | Bad timestamp at line 58: 11/01/2025 09:42:00 AM -EventID: 4625
2025-11-27 21:55:01,814 | WARNING | Bad timestamp at line 59: 11/01/2025 09:33:00 AM -EventID: 4625
2025-11-27 21:55:01,814 | WARNING | Bad timestamp at line 61: 11/01/2025 09:42:00 AM -EventID: 4625
2025-11-27 21:55:01,814 | WARNING | Bad timestamp at line 62: 11/01/2025 09:42:00 AM -EventID: 4625
2025-11-27 21:55:01,814 | WARNING | Bad timestamp at line 63: 11/01/2025 09:39:00 AM -EventID: 4625
2025-11-27 21:55:01,814 | WARNING | Bad timestamp at line 64: 11/01/2025 09:30:00 AM -EventID: 4625
2025-11-27 21:55:01,814 | WARNING | Bad timestamp at line 65: 11/01/2025 09:42:00 AM -EventID: 4625
2025-11-27 21:55:01,814 | WARNING | Bad timestamp at line 66: 11/01/2025 09:39:00 AM -EventID: 4625
2025-11-27 21:55:01,816 | WARNING | Bad timestamp at line 67: 11/01/2025 09:33:00 AM -EventID: 4625
2025-11-27 21:55:01,816 | WARNING | Bad timestamp at line 68: 11/01/2025 09:30:00 AM -EventID: 4625
2025-11-27 21:55:01,816 | WARNING | Bad timestamp at line 69: 11/01/2025 09:42:00 AM -EventID: 4625
2025-11-27 21:55:01,816 | WARNING | Bad timestamp at line 70: 11/01/2025 09:36:00 AM -EventID: 4625
2025-11-27 21:55:01,816 | WARNING | Bad timestamp at line 71: 11/01/2025 09:42:00 AM -EventID: 4625
2025-11-27 21:55:01,816 | WARNING | Bad timestamp at line 72: 11/01/2025 09:30:00 AM -EventID: 4625
2025-11-27 21:55:01,816 | WARNING | Bad timestamp at line 74: 11/01/2025 09:30:00 AM -EventID: 4625
2025-11-27 21:55:01,817 | WARNING | Bad timestamp at line 75: 11/01/2025 09:33:00 AM -EventID: 4625
2025-11-27 21:55:01,817 | WARNING | Bad timestamp at line 76: 11/01/2025 09:30:00 AM -EventID: 4625
2025-11-27 21:55:01,817 | WARNING | Bad timestamp at line 78: 11/01/2025 09:42:00 AM -EventID: 4625
2025-11-27 21:55:01,817 | WARNING | Bad timestamp at line 79: 11/01/2025 09:33:00 AM -EventID: 4625
2025-11-27 21:55:01,817 | WARNING | Bad timestamp at line 81: 11/01/2025 09:36:00 AM -EventID: 4625
2025-11-27 21:55:01,817 | WARNING | Bad timestamp at line 83: 11/01/2025 09:30:00 AM -EventID: 4625
2025-11-27 21:55:01,817 | WARNING | Bad timestamp at line 84: 11/01/2025 09:39:00 AM -EventID: 4625
2025-11-27 21:55:01,817 | WARNING | Bad timestamp at line 85: 11/01/2025 09:39:00 AM -EventID: 4625
2025-11-27 21:55:01,818 | WARNING | Bad timestamp at line 86: 11/01/2025 09:42:00 AM -EventID: 4625
2025-11-27 21:55:01,820 | WARNING | Bad timestamp at line 87: 11/01/2025 09:30:00 AM -EventID: 4625
2025-11-27 21:55:01,820 | WARNING | Bad timestamp at line 88: 11/01/2025 09:36:00 AM -EventID: 4625
2025-11-27 21:55:01,820 | WARNING | Bad timestamp at line 90: 11/01/2025 09:33:00 AM -EventID: 4625
2025-11-27 21:55:01,820 | WARNING | Bad timestamp at line 91: 11/01/2025 09:36:00 AM -EventID: 4625
2025-11-27 21:55:01,820 | WARNING | Bad timestamp at line 92: 11/01/2025 09:33:00 AM -EventID: 4625
2025-11-27 21:55:01,820 | WARNING | Bad timestamp at line 93: 11/01/2025 09:39:00 AM -EventID: 4625
2025-11-27 21:55:01,820 | WARNING | Bad timestamp at line 94: 11/01/2025 09:33:00 AM -EventID: 4625
2025-11-27 21:55:01,821 | WARNING | Bad timestamp at line 96: 11/01/2025 09:33:00 AM -EventID: 4625
2025-11-27 21:55:01,821 | WARNING | Bad timestamp at line 97: 11/01/2025 09:30:00 AM -EventID: 4625
2025-11-27 21:55:01,821 | WARNING | Bad timestamp at line 98: 11/01/2025 09:33:00 AM -EventID: 4625
2025-11-27 21:55:01,821 | WARNING | Bad timestamp at line 99: 11/01/2025 09:36:00 AM -EventID: 4625
2025-11-27 21:55:01,821 | WARNING | Bad timestamp at line 100: 11/01/2025 09:42:00 AM -EventID: 4625
2025-11-27 21:55:01,821 | WARNING | Bad timestamp at line 101: 11/01/2025 09:30:00 AM -EventID: 4625
2025-11-27 21:55:01,821 | WARNING | Bad timestamp at line 102: 11/01/2025 09:30:00 AM -EventID: 4625
2025-11-27 21:55:01,821 | WARNING | Bad timestamp at line 103: 11/01/2025 09:36:00 AM -EventID: 4625
2025-11-27 21:55:01,822 | WARNING | Bad timestamp at line 104: 11/01/2025 09:30:00 AM -EventID: 4625
2025-11-27 21:55:01,822 | WARNING | Bad timestamp at line 105: 11/01/2025 09:30:00 AM -EventID: 4625
2025-11-27 21:55:01,822 | WARNING | Bad timestamp at line 106: 11/01/2025 09:30:00 AM -EventID: 4625
2025-11-27 21:55:01,822 | WARNING | Bad timestamp at line 107: 11/01/2025 09:30:00 AM -EventID: 4625
2025-11-27 21:55:01,822 | WARNING | Bad timestamp at line 108: 11/01/2025 09:39:00 AM -EventID: 4625
2025-11-27 21:55:01,822 | WARNING | Bad timestamp at line 109: 11/01/2025 09:36:00 AM -EventID: 4625
2025-11-27 21:55:01,822 | WARNING | Bad timestamp at line 110: 11/01/2025 09:39:00 AM -EventID: 4625
2025-11-27 21:55:01,822 | WARNING | Bad timestamp at line 112: 11/01/2025 09:39:00 AM -EventID: 4625
2025-11-27 21:55:01,823 | WARNING | Bad timestamp at line 113: 11/01/2025 09:42:00 AM -EventID: 4625
2025-11-27 21:55:01,826 | WARNING | Bad timestamp at line 114: 11/01/2025 09:36:00 AM -EventID: 4625
2025-11-27 21:55:01,826 | WARNING | Bad timestamp at line 115: 11/01/2025 09:30:00 AM -EventID: 4625
2025-11-27 21:55:01,826 | WARNING | Bad timestamp at line 116: 11/01/2025 09:33:00 AM -EventID: 4625
2025-11-27 21:55:01,826 | WARNING | Bad timestamp at line 117: 11/01/2025 09:42:00 AM -EventID: 4625
2025-11-27 21:55:01,826 | WARNING | Bad timestamp at line 118: 11/01/2025 09:36:00 AM -EventID: 4625
2025-11-27 21:55:01,827 | WARNING | Bad timestamp at line 119: 11/01/2025 09:42:00 AM -EventID: 4625
2025-11-27 21:55:01,827 | WARNING | Bad timestamp at line 120: 11/01/2025 09:42:00 AM -EventID: 4625
2025-11-27 21:55:01,827 | WARNING | Bad timestamp at line 121: 11/01/2025 09:33:00 AM -EventID: 4625
2025-11-27 21:55:01,827 | WARNING | Bad timestamp at line 122: 11/01/2025 09:36:00 AM -EventID: 4625
2025-11-27 21:55:01,827 | WARNING | Bad timestamp at line 123: 11/01/2025 09:36:00 AM -EventID: 4625
2025-11-27 21:55:01,827 | WARNING | Bad timestamp at line 124: 11/01/2025 09:33:00 AM -EventID: 4625
2025-11-27 21:55:01,827 | WARNING | Bad timestamp at line 125: 11/01/2025 09:36:00 AM -EventID: 4625
2025-11-27 21:55:01,827 | WARNING | Bad timestamp at line 126: 11/01/2025 09:39:00 AM -EventID: 4625
2025-11-27 21:55:01,827 | WARNING | Bad timestamp at line 128: 11/01/2025 09:33:00 AM -EventID: 4625
2025-11-27 21:55:01,828 | WARNING | Bad timestamp at line 129: 11/01/2025 09:42:00 AM -EventID: 4625
2025-11-27 21:55:01,828 | WARNING | Bad timestamp at line 130: 11/01/2025 09:39:00 AM -EventID: 4625
2025-11-27 21:55:01,828 | WARNING | Bad timestamp at line 131: 11/01/2025 09:33:00 AM -EventID: 4625
2025-11-27 21:55:01,828 | WARNING | Bad timestamp at line 132: 11/01/2025 09:36:00 AM -EventID: 4625
2025-11-27 21:55:01,828 | WARNING | Bad timestamp at line 133: 11/01/2025 09:39:00 AM -EventID: 4625
2025-11-27 21:55:01,828 | WARNING | Bad timestamp at line 134: 11/01/2025 09:36:00 AM -EventID: 4625
2025-11-27 21:55:01,828 | WARNING | Bad timestamp at line 135: 11/01/2025 09:30:00 AM -EventID: 4625
2025-11-27 21:55:01,828 | WARNING | Bad timestamp at line 136: 11/01/2025 09:39:00 AM -EventID: 4625
2025-11-27 21:55:01,829 | WARNING | Bad timestamp at line 137: 11/01/2025 09:36:00 AM -EventID: 4625
2025-11-27 21:55:01,831 | WARNING | Bad timestamp at line 138: 11/01/2025 09:30:00 AM -EventID: 4625
2025-11-27 21:55:01,831 | WARNING | Bad timestamp at line 139: 11/01/2025 09:39:00 AM -EventID: 4625
2025-11-27 21:55:01,831 | WARNING | Bad timestamp at line 140: 11/01/2025 09:30:00 AM -EventID: 4625
2025-11-27 21:55:01,831 | WARNING | Bad timestamp at line 141: 11/01/2025 09:42:00 AM -EventID: 4625
2025-11-27 21:55:01,831 | WARNING | Bad timestamp at line 143: 11/01/2025 09:42:00 AM -EventID: 4625
2025-11-27 21:55:01,831 | WARNING | Bad timestamp at line 144: 11/01/2025 09:42:00 AM -EventID: 4625
2025-11-27 21:55:01,832 | INFO | Parsed 0 failed logins
2025-11-27 21:55:01,832 | INFO | Exported 0 alert(s) to month1/alerts.json
2025-11-27 21:55:01,832 | INFO | No alerts generated.
2025-11-27 22:00:02,070 | INFO | === BRUTE-FORCE DETECTOR STARTED ===
2025-11-27 22:00:02,070 | INFO | Config: {'log_file': 'month1/fake_auth.log', 'output_file': 'month1/alerts.json', 'threshold_count': 3, 'time_window_minutes': 15, 'log_level': 'INFO', 'alert_title': 'BRUTE_FORCE_15MIN', 'smtp_server': 'smtp.gmail.com', 'smtp_port': 587, 'email_from': 'suleephraim1@gmail.com', 'email_to': 'cyberlootkeeper@gmail.com', 'email_password': 'uwijddtfwdtmmony'}
2025-11-27 22:00:02,078 | WARNING | Bad timestamp at line 5: 11/01/2025 09:36:00 AM -EventID: 4625
2025-11-27 22:00:02,079 | WARNING | Bad timestamp at line 6: 11/01/2025 09:36:00 AM -EventID: 4625
2025-11-27 22:00:02,079 | WARNING | Bad timestamp at line 7: 11/01/2025 09:36:00 AM -EventID: 4625
2025-11-27 22:00:02,080 | WARNING | Bad timestamp at line 8: 11/01/2025 09:33:00 AM -EventID: 4625
2025-11-27 22:00:02,081 | WARNING | Bad timestamp at line 9: 11/01/2025 09:36:00 AM -EventID: 4625
2025-11-27 22:00:02,081 | WARNING | Bad timestamp at line 10: 11/01/2025 09:33:00 AM -EventID: 4625
2025-11-27 22:00:02,081 | WARNING | Bad timestamp at line 12: 11/01/2025 09:36:00 AM -EventID: 4625
2025-11-27 22:00:02,081 | WARNING | Bad timestamp at line 13: 11/01/2025 09:39:00 AM -EventID: 4625
2025-11-27 22:00:02,083 | WARNING | Bad timestamp at line 14: 11/01/2025 09:39:00 AM -EventID: 4625
2025-11-27 22:00:02,083 | WARNING | Bad timestamp at line 15: 11/01/2025 09:39:00 AM -EventID: 4625
2025-11-27 22:00:02,083 | WARNING | Bad timestamp at line 16: 11/01/2025 09:33:00 AM -EventID: 4625
2025-11-27 22:00:02,084 | WARNING | Bad timestamp at line 17: 11/01/2025 09:36:00 AM -EventID: 4625
2025-11-27 22:00:02,084 | WARNING | Bad timestamp at line 18: 11/01/2025 09:33:00 AM -EventID: 4625
2025-11-27 22:00:02,084 | WARNING | Bad timestamp at line 20: 11/01/2025 09:42:00 AM -EventID: 4625
2025-11-27 22:00:02,084 | WARNING | Bad timestamp at line 21: 11/01/2025 09:42:00 AM -EventID: 4625
2025-11-27 22:00:02,084 | WARNING | Bad timestamp at line 22: 11/01/2025 09:42:00 AM -EventID: 4625
2025-11-27 22:00:02,084 | WARNING | Bad timestamp at line 23: 11/01/2025 09:33:00 AM -EventID: 4625
2025-11-27 22:00:02,085 | WARNING | Bad timestamp at line 24: 11/01/2025 09:33:00 AM -EventID: 4625
2025-11-27 22:00:02,085 | WARNING | Bad timestamp at line 25: 11/01/2025 09:30:00 AM -EventID: 4625
2025-11-27 22:00:02,085 | WARNING | Bad timestamp at line 26: 11/01/2025 09:42:00 AM -EventID: 4625
2025-11-27 22:00:02,085 | WARNING | Bad timestamp at line 27: 11/01/2025 09:36:00 AM -EventID: 4625
2025-11-27 22:00:02,085 | WARNING | Bad timestamp at line 29: 11/01/2025 09:30:00 AM -EventID: 4625
2025-11-27 22:00:02,085 | WARNING | Bad timestamp at line 30: 11/01/2025 09:33:00 AM -EventID: 4625
2025-11-27 22:00:02,087 | WARNING | Bad timestamp at line 32: 11/01/2025 09:30:00 AM -EventID: 4625
2025-11-27 22:00:02,088 | WARNING | Bad timestamp at line 33: 11/01/2025 09:42:00 AM -EventID: 4625
2025-11-27 22:00:02,088 | WARNING | Bad timestamp at line 34: 11/01/2025 09:33:00 AM -EventID: 4625
2025-11-27 22:00:02,088 | WARNING | Bad timestamp at line 35: 11/01/2025 09:42:00 AM -EventID: 4625
2025-11-27 22:00:02,088 | WARNING | Bad timestamp at line 37: 11/01/2025 09:39:00 AM -EventID: 4625
2025-11-27 22:00:02,088 | WARNING | Bad timestamp at line 38: 11/01/2025 09:39:00 AM -EventID: 4625
2025-11-27 22:00:02,089 | WARNING | Bad timestamp at line 40: 11/01/2025 09:42:00 AM -EventID: 4625
2025-11-27 22:00:02,090 | WARNING | Bad timestamp at line 41: 11/01/2025 09:36:00 AM -EventID: 4625
2025-11-27 22:00:02,091 | WARNING | Bad timestamp at line 42: 11/01/2025 09:39:00 AM -EventID: 4625
2025-11-27 22:00:02,091 | WARNING | Bad timestamp at line 43: 11/01/2025 09:36:00 AM -EventID: 4625
2025-11-27 22:00:02,091 | WARNING | Bad timestamp at line 44: 11/01/2025 09:42:00 AM -EventID: 4625
2025-11-27 22:00:02,091 | WARNING | Bad timestamp at line 45: 11/01/2025 09:33:00 AM -EventID: 4625
2025-11-27 22:00:02,091 | WARNING | Bad timestamp at line 46: 11/01/2025 09:39:00 AM -EventID: 4625
2025-11-27 22:00:02,091 | WARNING | Bad timestamp at line 47: 11/01/2025 09:30:00 AM -EventID: 4625
2025-11-27 22:00:02,092 | WARNING | Bad timestamp at line 48: 11/01/2025 09:30:00 AM -EventID: 4625
2025-11-27 22:00:02,092 | WARNING | Bad timestamp at line 50: 11/01/2025 09:42:00 AM -EventID: 4625
2025-11-27 22:00:02,092 | WARNING | Bad timestamp at line 52: 11/01/2025 09:30:00 AM -EventID: 4625
2025-11-27 22:00:02,092 | WARNING | Bad timestamp at line 53: 11/01/2025 09:39:00 AM -EventID: 4625
2025-11-27 22:00:02,092 | WARNING | Bad timestamp at line 54: 11/01/2025 09:33:00 AM -EventID: 4625
2025-11-27 22:00:02,092 | WARNING | Bad timestamp at line 55: 11/01/2025 09:36:00 AM -EventID: 4625
2025-11-27 22:00:02,092 | WARNING | Bad timestamp at line 56: 11/01/2025 09:39:00 AM -EventID: 4625
2025-11-27 22:00:02,093 | WARNING | Bad timestamp at line 57: 11/01/2025 09:30:00 AM -EventID: 4625
2025-11-27 22:00:02,095 | WARNING | Bad timestamp at line 59: 11/01/2025 09:39:00 AM -EventID: 4625
2025-11-27 22:00:02,095 | WARNING | Bad timestamp at line 60: 11/01/2025 09:30:00 AM -EventID: 4625
2025-11-27 22:00:02,095 | WARNING | Bad timestamp at line 61: 11/01/2025 09:42:00 AM -EventID: 4625
2025-11-27 22:00:02,096 | WARNING | Bad timestamp at line 62: 11/01/2025 09:30:00 AM -EventID: 4625
2025-11-27 22:00:02,096 | WARNING | Bad timestamp at line 63: 11/01/2025 09:30:00 AM -EventID: 4625
2025-11-27 22:00:02,096 | INFO | Parsed 0 failed logins
2025-11-27 22:00:02,096 | INFO | Exported 0 alert(s) to month1/alerts.json
2025-11-27 22:00:02,096 | INFO | No alerts generated.
2025-11-27 22:05:01,209 | INFO | === BRUTE-FORCE DETECTOR STARTED ===
2025-11-27 22:05:01,209 | INFO | Config: {'log_file': 'month1/fake_auth.log', 'output_file': 'month1/alerts.json', 'threshold_count': 3, 'time_window_minutes': 15, 'log_level': 'INFO', 'alert_title': 'BRUTE_FORCE_15MIN', 'smtp_server': 'smtp.gmail.com', 'smtp_port': 587, 'email_from': 'suleephraim1@gmail.com', 'email_to': 'cyberlootkeeper@gmail.com', 'email_password': 'uwijddtfwdtmmony'}
2025-11-27 22:05:01,214 | WARNING | Bad timestamp at line 5: 11/01/2025 09:42:00 AM -EventID: 4625
2025-11-27 22:05:01,214 | WARNING | Bad timestamp at line 7: 11/01/2025 09:33:00 AM -EventID: 4625
2025-11-27 22:05:01,215 | WARNING | Bad timestamp at line 8: 11/01/2025 09:36:00 AM -EventID: 4625
2025-11-27 22:05:01,215 | WARNING | Bad timestamp at line 9: 11/01/2025 09:30:00 AM -EventID: 4625
2025-11-27 22:05:01,215 | WARNING | Bad timestamp at line 10: 11/01/2025 09:33:00 AM -EventID: 4625
2025-11-27 22:05:01,215 | WARNING | Bad timestamp at line 11: 11/01/2025 09:33:00 AM -EventID: 4625
2025-11-27 22:05:01,215 | WARNING | Bad timestamp at line 12: 11/01/2025 09:33:00 AM -EventID: 4625
2025-11-27 22:05:01,215 | WARNING | Bad timestamp at line 13: 11/01/2025 09:36:00 AM -EventID: 4625
2025-11-27 22:05:01,216 | WARNING | Bad timestamp at line 15: 11/01/2025 09:39:00 AM -EventID: 4625
2025-11-27 22:05:01,216 | WARNING | Bad timestamp at line 17: 11/01/2025 09:36:00 AM -EventID: 4625
2025-11-27 22:05:01,216 | WARNING | Bad timestamp at line 19: 11/01/2025 09:36:00 AM -EventID: 4625
2025-11-27 22:05:01,216 | WARNING | Bad timestamp at line 20: 11/01/2025 09:39:00 AM -EventID: 4625
2025-11-27 22:05:01,216 | WARNING | Bad timestamp at line 22: 11/01/2025 09:33:00 AM -EventID: 4625
2025-11-27 22:05:01,216 | WARNING | Bad timestamp at line 23: 11/01/2025 09:30:00 AM -EventID: 4625
2025-11-27 22:05:01,216 | WARNING | Bad timestamp at line 25: 11/01/2025 09:39:00 AM -EventID: 4625
2025-11-27 22:05:01,217 | WARNING | Bad timestamp at line 26: 11/01/2025 09:30:00 AM -EventID: 4625
2025-11-27 22:05:01,217 | WARNING | Bad timestamp at line 27: 11/01/2025 09:33:00 AM -EventID: 4625
2025-11-27 22:05:01,217 | WARNING | Bad timestamp at line 28: 11/01/2025 09:39:00 AM -EventID: 4625
2025-11-27 22:05:01,217 | WARNING | Bad timestamp at line 29: 11/01/2025 09:39:00 AM -EventID: 4625
2025-11-27 22:05:01,217 | WARNING | Bad timestamp at line 30: 11/01/2025 09:42:00 AM -EventID: 4625
2025-11-27 22:05:01,217 | WARNING | Bad timestamp at line 31: 11/01/2025 09:30:00 AM -EventID: 4625
2025-11-27 22:05:01,218 | WARNING | Bad timestamp at line 32: 11/01/2025 09:30:00 AM -EventID: 4625
2025-11-27 22:05:01,218 | WARNING | Bad timestamp at line 33: 11/01/2025 09:42:00 AM -EventID: 4625
2025-11-27 22:05:01,218 | WARNING | Bad timestamp at line 34: 11/01/2025 09:30:00 AM -EventID: 4625
2025-11-27 22:05:01,218 | WARNING | Bad timestamp at line 35: 11/01/2025 09:42:00 AM -EventID: 4625
2025-11-27 22:05:01,218 | WARNING | Bad timestamp at line 36: 11/01/2025 09:30:00 AM -EventID: 4625
2025-11-27 22:05:01,218 | WARNING | Bad timestamp at line 37: 11/01/2025 09:42:00 AM -EventID: 4625
2025-11-27 22:05:01,219 | WARNING | Bad timestamp at line 38: 11/01/2025 09:39:00 AM -EventID: 4625
2025-11-27 22:05:01,219 | WARNING | Bad timestamp at line 39: 11/01/2025 09:33:00 AM -EventID: 4625
2025-11-27 22:05:01,219 | WARNING | Bad timestamp at line 40: 11/01/2025 09:36:00 AM -EventID: 4625
2025-11-27 22:05:01,219 | WARNING | Bad timestamp at line 41: 11/01/2025 09:33:00 AM -EventID: 4625
2025-11-27 22:05:01,219 | WARNING | Bad timestamp at line 42: 11/01/2025 09:42:00 AM -EventID: 4625
2025-11-27 22:05:01,219 | WARNING | Bad timestamp at line 43: 11/01/2025 09:39:00 AM -EventID: 4625
2025-11-27 22:05:01,219 | WARNING | Bad timestamp at line 45: 11/01/2025 09:42:00 AM -EventID: 4625
2025-11-27 22:05:01,220 | WARNING | Bad timestamp at line 46: 11/01/2025 09:42:00 AM -EventID: 4625
2025-11-27 22:05:01,220 | WARNING | Bad timestamp at line 47: 11/01/2025 09:33:00 AM -EventID: 4625
2025-11-27 22:05:01,220 | WARNING | Bad timestamp at line 48: 11/01/2025 09:42:00 AM -EventID: 4625
2025-11-27 22:05:01,220 | WARNING | Bad timestamp at line 49: 11/01/2025 09:36:00 AM -EventID: 4625
2025-11-27 22:05:01,220 | WARNING | Bad timestamp at line 51: 11/01/2025 09:30:00 AM -EventID: 4625
2025-11-27 22:05:01,220 | WARNING | Bad timestamp at line 52: 11/01/2025 09:39:00 AM -EventID: 4625
2025-11-27 22:05:01,220 | WARNING | Bad timestamp at line 53: 11/01/2025 09:36:00 AM -EventID: 4625
2025-11-27 22:05:01,221 | WARNING | Bad timestamp at line 54: 11/01/2025 09:33:00 AM -EventID: 4625
2025-11-27 22:05:01,221 | WARNING | Bad timestamp at line 56: 11/01/2025 09:42:00 AM -EventID: 4625
2025-11-27 22:05:01,221 | WARNING | Bad timestamp at line 57: 11/01/2025 09:36:00 AM -EventID: 4625
2025-11-27 22:05:01,221 | WARNING | Bad timestamp at line 58: 11/01/2025 09:30:00 AM -EventID: 4625
2025-11-27 22:05:01,221 | WARNING | Bad timestamp at line 59: 11/01/2025 09:36:00 AM -EventID: 4625
2025-11-27 22:05:01,221 | WARNING | Bad timestamp at line 60: 11/01/2025 09:39:00 AM -EventID: 4625
2025-11-27 22:05:01,222 | WARNING | Bad timestamp at line 61: 11/01/2025 09:36:00 AM -EventID: 4625
2025-11-27 22:05:01,222 | WARNING | Bad timestamp at line 63: 11/01/2025 09:39:00 AM -EventID: 4625
2025-11-27 22:05:01,222 | WARNING | Bad timestamp at line 64: 11/01/2025 09:30:00 AM -EventID: 4625
2025-11-27 22:05:01,222 | INFO | Parsed 0 failed logins
2025-11-27 22:05:01,222 | INFO | Exported 0 alert(s) to month1/alerts.json
2025-11-27 22:05:01,223 | INFO | No alerts generated.
2025-11-28 11:20:01,497 | INFO | === BRUTE-FORCE DETECTOR STARTED ===
2025-11-28 11:20:01,527 | INFO | Config: {'log_file': 'month1/fake_auth.log', 'output_file': 'month1/alerts.json', 'threshold_count': 3, 'time_window_minutes': 15, 'log_level': 'INFO', 'alert_title': 'BRUTE_FORCE_15MIN', 'smtp_server': 'smtp.gmail.com', 'smtp_port': 587, 'email_from': 'suleephraim1@gmail.com', 'email_to': 'cyberlootkeeper@gmail.com', 'email_password': 'uwijddtfwdtmmony'}
2025-11-28 11:20:01,534 | WARNING | Bad timestamp at line 5: 11/01/2025 09:42:00 AM -EventID: 4625
2025-11-28 11:20:01,535 | WARNING | Bad timestamp at line 7: 11/01/2025 09:33:00 AM -EventID: 4625
2025-11-28 11:20:01,535 | WARNING | Bad timestamp at line 8: 11/01/2025 09:36:00 AM -EventID: 4625
2025-11-28 11:20:01,535 | WARNING | Bad timestamp at line 9: 11/01/2025 09:30:00 AM -EventID: 4625
2025-11-28 11:20:01,535 | WARNING | Bad timestamp at line 10: 11/01/2025 09:33:00 AM -EventID: 4625
2025-11-28 11:20:01,535 | WARNING | Bad timestamp at line 11: 11/01/2025 09:33:00 AM -EventID: 4625
2025-11-28 11:20:01,536 | WARNING | Bad timestamp at line 12: 11/01/2025 09:33:00 AM -EventID: 4625
2025-11-28 11:20:01,536 | WARNING | Bad timestamp at line 13: 11/01/2025 09:36:00 AM -EventID: 4625
2025-11-28 11:20:01,536 | WARNING | Bad timestamp at line 15: 11/01/2025 09:39:00 AM -EventID: 4625
2025-11-28 11:20:01,536 | WARNING | Bad timestamp at line 17: 11/01/2025 09:36:00 AM -EventID: 4625
2025-11-28 11:20:01,536 | WARNING | Bad timestamp at line 19: 11/01/2025 09:36:00 AM -EventID: 4625
2025-11-28 11:20:01,536 | WARNING | Bad timestamp at line 20: 11/01/2025 09:39:00 AM -EventID: 4625
2025-11-28 11:20:01,537 | WARNING | Bad timestamp at line 22: 11/01/2025 09:33:00 AM -EventID: 4625
2025-11-28 11:20:01,537 | WARNING | Bad timestamp at line 23: 11/01/2025 09:30:00 AM -EventID: 4625
2025-11-28 11:20:01,537 | WARNING | Bad timestamp at line 25: 11/01/2025 09:39:00 AM -EventID: 4625
2025-11-28 11:20:01,537 | WARNING | Bad timestamp at line 26: 11/01/2025 09:30:00 AM -EventID: 4625
2025-11-28 11:20:01,537 | WARNING | Bad timestamp at line 27: 11/01/2025 09:33:00 AM -EventID: 4625
2025-11-28 11:20:01,537 | WARNING | Bad timestamp at line 28: 11/01/2025 09:39:00 AM -EventID: 4625
2025-11-28 11:20:01,537 | WARNING | Bad timestamp at line 29: 11/01/2025 09:39:00 AM -EventID: 4625
2025-11-28 11:20:01,538 | WARNING | Bad timestamp at line 30: 11/01/2025 09:42:00 AM -EventID: 4625
2025-11-28 11:20:01,538 | WARNING | Bad timestamp at line 31: 11/01/2025 09:30:00 AM -EventID: 4625
2025-11-28 11:20:01,538 | WARNING | Bad timestamp at line 32: 11/01/2025 09:30:00 AM -EventID: 4625
2025-11-28 11:20:01,538 | WARNING | Bad timestamp at line 33: 11/01/2025 09:42:00 AM -EventID: 4625
2025-11-28 11:20:01,538 | WARNING | Bad timestamp at line 34: 11/01/2025 09:30:00 AM -EventID: 4625
2025-11-28 11:20:01,538 | WARNING | Bad timestamp at line 35: 11/01/2025 09:42:00 AM -EventID: 4625
2025-11-28 11:20:01,538 | WARNING | Bad timestamp at line 36: 11/01/2025 09:30:00 AM -EventID: 4625
2025-11-28 11:20:01,539 | WARNING | Bad timestamp at line 37: 11/01/2025 09:42:00 AM -EventID: 4625
2025-11-28 11:20:01,539 | WARNING | Bad timestamp at line 38: 11/01/2025 09:39:00 AM -EventID: 4625
2025-11-28 11:20:01,539 | WARNING | Bad timestamp at line 39: 11/01/2025 09:33:00 AM -EventID: 4625
2025-11-28 11:20:01,539 | WARNING | Bad timestamp at line 40: 11/01/2025 09:36:00 AM -EventID: 4625
2025-11-28 11:20:01,539 | WARNING | Bad timestamp at line 41: 11/01/2025 09:33:00 AM -EventID: 4625
2025-11-28 11:20:01,539 | WARNING | Bad timestamp at line 42: 11/01/2025 09:42:00 AM -EventID: 4625
2025-11-28 11:20:01,539 | WARNING | Bad timestamp at line 43: 11/01/2025 09:39:00 AM -EventID: 4625
2025-11-28 11:20:01,540 | WARNING | Bad timestamp at line 45: 11/01/2025 09:42:00 AM -EventID: 4625
2025-11-28 11:20:01,540 | WARNING | Bad timestamp at line 46: 11/01/2025 09:42:00 AM -EventID: 4625
2025-11-28 11:20:01,540 | WARNING | Bad timestamp at line 47: 11/01/2025 09:33:00 AM -EventID: 4625
2025-11-28 11:20:01,540 | WARNING | Bad timestamp at line 48: 11/01/2025 09:42:00 AM -EventID: 4625
2025-11-28 11:20:01,540 | WARNING | Bad timestamp at line 49: 11/01/2025 09:36:00 AM -EventID: 4625
2025-11-28 11:20:01,540 | WARNING | Bad timestamp at line 51: 11/01/2025 09:30:00 AM -EventID: 4625
2025-11-28 11:20:01,541 | WARNING | Bad timestamp at line 52: 11/01/2025 09:39:00 AM -EventID: 4625
2025-11-28 11:20:01,541 | WARNING | Bad timestamp at line 53: 11/01/2025 09:36:00 AM -EventID: 4625
2025-11-28 11:20:01,541 | WARNING | Bad timestamp at line 54: 11/01/2025 09:33:00 AM -EventID: 4625
2025-11-28 11:20:01,541 | WARNING | Bad timestamp at line 56: 11/01/2025 09:42:00 AM -EventID: 4625
2025-11-28 11:20:01,541 | WARNING | Bad timestamp at line 57: 11/01/2025 09:36:00 AM -EventID: 4625
2025-11-28 11:20:01,541 | WARNING | Bad timestamp at line 58: 11/01/2025 09:30:00 AM -EventID: 4625
2025-11-28 11:20:01,541 | WARNING | Bad timestamp at line 59: 11/01/2025 09:36:00 AM -EventID: 4625
2025-11-28 11:20:01,542 | WARNING | Bad timestamp at line 60: 11/01/2025 09:39:00 AM -EventID: 4625
2025-11-28 11:20:01,542 | WARNING | Bad timestamp at line 61: 11/01/2025 09:36:00 AM -EventID: 4625
2025-11-28 11:20:01,542 | WARNING | Bad timestamp at line 63: 11/01/2025 09:39:00 AM -EventID: 4625
2025-11-28 11:20:01,542 | WARNING | Bad timestamp at line 64: 11/01/2025 09:30:00 AM -EventID: 4625
2025-11-28 11:20:01,542 | INFO | Parsed 0 failed logins
2025-11-28 11:20:01,553 | INFO | Exported 0 alert(s) to month1/alerts.json
2025-11-28 11:20:01,553 | INFO | No alerts generated.
2025-11-28 11:25:01,132 | INFO | === BRUTE-FORCE DETECTOR STARTED ===
2025-11-28 11:25:01,154 | INFO | Config: {'log_file': 'month1/fake_auth.log', 'output_file': 'month1/alerts.json', 'threshold_count': 3, 'time_window_minutes': 15, 'log_level': 'INFO', 'alert_title': 'BRUTE_FORCE_15MIN', 'smtp_server': 'smtp.gmail.com', 'smtp_port': 587, 'email_from': 'suleephraim1@gmail.com', 'email_to': 'cyberlootkeeper@gmail.com', 'email_password': 'uwijddtfwdtmmony'}
2025-11-28 11:25:01,160 | WARNING | Bad timestamp at line 7: 11/01/2025 09:39:00 AM -EventID: 4625
2025-11-28 11:25:01,160 | WARNING | Bad timestamp at line 11: 11/01/2025 09:33:00 AM -EventID: 4625
2025-11-28 11:25:01,160 | WARNING | Bad timestamp at line 12: 11/01/2025 09:30:00 AM -EventID: 4625
2025-11-28 11:25:01,160 | WARNING | Bad timestamp at line 13: 11/01/2025 09:39:00 AM -EventID: 4625
2025-11-28 11:25:01,160 | WARNING | Bad timestamp at line 14: 11/01/2025 09:36:00 AM -EventID: 4625
2025-11-28 11:25:01,160 | WARNING | Bad timestamp at line 16: 11/01/2025 09:33:00 AM -EventID: 4625
2025-11-28 11:25:01,160 | WARNING | Bad timestamp at line 17: 11/01/2025 09:33:00 AM -EventID: 4625
2025-11-28 11:25:01,161 | WARNING | Bad timestamp at line 18: 11/01/2025 09:30:00 AM -EventID: 4625
2025-11-28 11:25:01,161 | WARNING | Bad timestamp at line 19: 11/01/2025 09:39:00 AM -EventID: 4625
2025-11-28 11:25:01,161 | WARNING | Bad timestamp at line 22: 11/01/2025 09:42:00 AM -EventID: 4625
2025-11-28 11:25:01,161 | WARNING | Bad timestamp at line 23: 11/01/2025 09:42:00 AM -EventID: 4625
2025-11-28 11:25:01,161 | WARNING | Bad timestamp at line 24: 11/01/2025 09:36:00 AM -EventID: 4625
2025-11-28 11:25:01,161 | WARNING | Bad timestamp at line 25: 11/01/2025 09:30:00 AM -EventID: 4625
2025-11-28 11:25:01,161 | WARNING | Bad timestamp at line 26: 11/01/2025 09:36:00 AM -EventID: 4625
2025-11-28 11:25:01,162 | WARNING | Bad timestamp at line 28: 11/01/2025 09:42:00 AM -EventID: 4625
2025-11-28 11:25:01,162 | INFO | Parsed 0 failed logins
2025-11-28 11:25:01,162 | INFO | Exported 0 alert(s) to month1/alerts.json
2025-11-28 11:25:01,162 | INFO | No alerts generated.
2025-11-28 11:30:01,266 | INFO | === BRUTE-FORCE DETECTOR STARTED ===
2025-11-28 11:30:01,267 | INFO | Config: {'log_file': 'month1/fake_auth.log', 'output_file': 'month1/alerts.json', 'threshold_count': 3, 'time_window_minutes': 15, 'log_level': 'INFO', 'alert_title': 'BRUTE_FORCE_15MIN', 'smtp_server': 'smtp.gmail.com', 'smtp_port': 587, 'email_from': 'suleephraim1@gmail.com', 'email_to': 'cyberlootkeeper@gmail.com', 'email_password': 'uwijddtfwdtmmony'}
2025-11-28 11:30:01,272 | WARNING | Bad timestamp at line 5: 11/01/2025 09:30:00 AM -EventID: 4625
2025-11-28 11:30:01,272 | WARNING | Bad timestamp at line 6: 11/01/2025 09:33:00 AM -EventID: 4625
2025-11-28 11:30:01,272 | WARNING | Bad timestamp at line 8: 11/01/2025 09:30:00 AM -EventID: 4625
2025-11-28 11:30:01,272 | WARNING | Bad timestamp at line 9: 11/01/2025 09:30:00 AM -EventID: 4625
2025-11-28 11:30:01,273 | WARNING | Bad timestamp at line 10: 11/01/2025 09:36:00 AM -EventID: 4625
2025-11-28 11:30:01,273 | WARNING | Bad timestamp at line 11: 11/01/2025 09:42:00 AM -EventID: 4625
2025-11-28 11:30:01,273 | WARNING | Bad timestamp at line 12: 11/01/2025 09:33:00 AM -EventID: 4625
2025-11-28 11:30:01,273 | WARNING | Bad timestamp at line 13: 11/01/2025 09:36:00 AM -EventID: 4625
2025-11-28 11:30:01,273 | WARNING | Bad timestamp at line 14: 11/01/2025 09:36:00 AM -EventID: 4625
2025-11-28 11:30:01,273 | WARNING | Bad timestamp at line 15: 11/01/2025 09:39:00 AM -EventID: 4625
2025-11-28 11:30:01,274 | WARNING | Bad timestamp at line 16: 11/01/2025 09:36:00 AM -EventID: 4625
2025-11-28 11:30:01,274 | WARNING | Bad timestamp at line 17: 11/01/2025 09:42:00 AM -EventID: 4625
2025-11-28 11:30:01,274 | WARNING | Bad timestamp at line 18: 11/01/2025 09:30:00 AM -EventID: 4625
2025-11-28 11:30:01,274 | WARNING | Bad timestamp at line 19: 11/01/2025 09:36:00 AM -EventID: 4625
2025-11-28 11:30:01,274 | WARNING | Bad timestamp at line 20: 11/01/2025 09:33:00 AM -EventID: 4625
2025-11-28 11:30:01,274 | WARNING | Bad timestamp at line 21: 11/01/2025 09:36:00 AM -EventID: 4625
2025-11-28 11:30:01,275 | WARNING | Bad timestamp at line 22: 11/01/2025 09:30:00 AM -EventID: 4625
2025-11-28 11:30:01,275 | WARNING | Bad timestamp at line 23: 11/01/2025 09:36:00 AM -EventID: 4625
2025-11-28 11:30:01,275 | WARNING | Bad timestamp at line 24: 11/01/2025 09:39:00 AM -EventID: 4625
2025-11-28 11:30:01,275 | WARNING | Bad timestamp at line 25: 11/01/2025 09:42:00 AM -EventID: 4625
2025-11-28 11:30:01,275 | WARNING | Bad timestamp at line 26: 11/01/2025 09:30:00 AM -EventID: 4625
2025-11-28 11:30:01,275 | WARNING | Bad timestamp at line 27: 11/01/2025 09:33:00 AM -EventID: 4625
2025-11-28 11:30:01,275 | WARNING | Bad timestamp at line 28: 11/01/2025 09:36:00 AM -EventID: 4625
2025-11-28 11:30:01,276 | WARNING | Bad timestamp at line 29: 11/01/2025 09:30:00 AM -EventID: 4625
2025-11-28 11:30:01,276 | WARNING | Bad timestamp at line 30: 11/01/2025 09:39:00 AM -EventID: 4625
2025-11-28 11:30:01,276 | WARNING | Bad timestamp at line 31: 11/01/2025 09:36:00 AM -EventID: 4625
2025-11-28 11:30:01,276 | WARNING | Bad timestamp at line 32: 11/01/2025 09:36:00 AM -EventID: 4625
2025-11-28 11:30:01,276 | WARNING | Bad timestamp at line 33: 11/01/2025 09:33:00 AM -EventID: 4625
2025-11-28 11:30:01,276 | WARNING | Bad timestamp at line 34: 11/01/2025 09:33:00 AM -EventID: 4625
2025-11-28 11:30:01,276 | WARNING | Bad timestamp at line 35: 11/01/2025 09:30:00 AM -EventID: 4625
2025-11-28 11:30:01,277 | WARNING | Bad timestamp at line 36: 11/01/2025 09:33:00 AM -EventID: 4625
2025-11-28 11:30:01,277 | WARNING | Bad timestamp at line 37: 11/01/2025 09:30:00 AM -EventID: 4625
2025-11-28 11:30:01,277 | WARNING | Bad timestamp at line 38: 11/01/2025 09:42:00 AM -EventID: 4625
2025-11-28 11:30:01,277 | WARNING | Bad timestamp at line 39: 11/01/2025 09:36:00 AM -EventID: 4625
2025-11-28 11:30:01,277 | WARNING | Bad timestamp at line 40: 11/01/2025 09:42:00 AM -EventID: 4625
2025-11-28 11:30:01,277 | WARNING | Bad timestamp at line 41: 11/01/2025 09:39:00 AM -EventID: 4625
2025-11-28 11:30:01,277 | WARNING | Bad timestamp at line 43: 11/01/2025 09:33:00 AM -EventID: 4625
2025-11-28 11:30:01,277 | WARNING | Bad timestamp at line 44: 11/01/2025 09:39:00 AM -EventID: 4625
2025-11-28 11:30:01,278 | WARNING | Bad timestamp at line 45: 11/01/2025 09:42:00 AM -EventID: 4625
2025-11-28 11:30:01,278 | WARNING | Bad timestamp at line 46: 11/01/2025 09:33:00 AM -EventID: 4625
2025-11-28 11:30:01,278 | WARNING | Bad timestamp at line 47: 11/01/2025 09:42:00 AM -EventID: 4625
2025-11-28 11:30:01,278 | WARNING | Bad timestamp at line 48: 11/01/2025 09:42:00 AM -EventID: 4625
2025-11-28 11:30:01,278 | WARNING | Bad timestamp at line 49: 11/01/2025 09:30:00 AM -EventID: 4625
2025-11-28 11:30:01,278 | WARNING | Bad timestamp at line 50: 11/01/2025 09:36:00 AM -EventID: 4625
2025-11-28 11:30:01,278 | WARNING | Bad timestamp at line 51: 11/01/2025 09:30:00 AM -EventID: 4625
2025-11-28 11:30:01,278 | WARNING | Bad timestamp at line 52: 11/01/2025 09:42:00 AM -EventID: 4625
2025-11-28 11:30:01,279 | WARNING | Bad timestamp at line 53: 11/01/2025 09:39:00 AM -EventID: 4625
2025-11-28 11:30:01,279 | WARNING | Bad timestamp at line 54: 11/01/2025 09:39:00 AM -EventID: 4625
2025-11-28 11:30:01,279 | WARNING | Bad timestamp at line 55: 11/01/2025 09:42:00 AM -EventID: 4625
2025-11-28 11:30:01,279 | WARNING | Bad timestamp at line 56: 11/01/2025 09:39:00 AM -EventID: 4625
2025-11-28 11:30:01,279 | WARNING | Bad timestamp at line 57: 11/01/2025 09:42:00 AM -EventID: 4625
2025-11-28 11:30:01,279 | WARNING | Bad timestamp at line 59: 11/01/2025 09:30:00 AM -EventID: 4625
2025-11-28 11:30:01,279 | WARNING | Bad timestamp at line 60: 11/01/2025 09:36:00 AM -EventID: 4625
2025-11-28 11:30:01,279 | WARNING | Bad timestamp at line 61: 11/01/2025 09:33:00 AM -EventID: 4625
2025-11-28 11:30:01,280 | WARNING | Bad timestamp at line 62: 11/01/2025 09:30:00 AM -EventID: 4625
2025-11-28 11:30:01,280 | WARNING | Bad timestamp at line 63: 11/01/2025 09:30:00 AM -EventID: 4625
2025-11-28 11:30:01,280 | WARNING | Bad timestamp at line 64: 11/01/2025 09:39:00 AM -EventID: 4625
2025-11-28 11:30:01,280 | WARNING | Bad timestamp at line 65: 11/01/2025 09:30:00 AM -EventID: 4625
2025-11-28 11:30:01,280 | WARNING | Bad timestamp at line 66: 11/01/2025 09:33:00 AM -EventID: 4625
2025-11-28 11:30:01,280 | WARNING | Bad timestamp at line 67: 11/01/2025 09:39:00 AM -EventID: 4625
2025-11-28 11:30:01,280 | WARNING | Bad timestamp at line 68: 11/01/2025 09:30:00 AM -EventID: 4625
2025-11-28 11:30:01,281 | WARNING | Bad timestamp at line 69: 11/01/2025 09:39:00 AM -EventID: 4625
2025-11-28 11:30:01,281 | WARNING | Bad timestamp at line 70: 11/01/2025 09:39:00 AM -EventID: 4625
2025-11-28 11:30:01,281 | WARNING | Bad timestamp at line 71: 11/01/2025 09:42:00 AM -EventID: 4625
2025-11-28 11:30:01,281 | WARNING | Bad timestamp at line 72: 11/01/2025 09:36:00 AM -EventID: 4625
2025-11-28 11:30:01,281 | WARNING | Bad timestamp at line 73: 11/01/2025 09:39:00 AM -EventID: 4625
2025-11-28 11:30:01,281 | WARNING | Bad timestamp at line 74: 11/01/2025 09:36:00 AM -EventID: 4625
2025-11-28 11:30:01,282 | WARNING | Bad timestamp at line 75: 11/01/2025 09:30:00 AM -EventID: 4625
2025-11-28 11:30:01,282 | WARNING | Bad timestamp at line 76: 11/01/2025 09:30:00 AM -EventID: 4625
2025-11-28 11:30:01,282 | WARNING | Bad timestamp at line 77: 11/01/2025 09:36:00 AM -EventID: 4625
2025-11-28 11:30:01,282 | WARNING | Bad timestamp at line 78: 11/01/2025 09:36:00 AM -EventID: 4625
2025-11-28 11:30:01,282 | WARNING | Bad timestamp at line 79: 11/01/2025 09:42:00 AM -EventID: 4625
2025-11-28 11:30:01,282 | WARNING | Bad timestamp at line 80: 11/01/2025 09:30:00 AM -EventID: 4625
2025-11-28 11:30:01,282 | WARNING | Bad timestamp at line 81: 11/01/2025 09:36:00 AM -EventID: 4625
2025-11-28 11:30:01,283 | WARNING | Bad timestamp at line 82: 11/01/2025 09:33:00 AM -EventID: 4625
2025-11-28 11:30:01,283 | WARNING | Bad timestamp at line 83: 11/01/2025 09:42:00 AM -EventID: 4625
2025-11-28 11:30:01,283 | WARNING | Bad timestamp at line 84: 11/01/2025 09:36:00 AM -EventID: 4625
2025-11-28 11:30:01,283 | WARNING | Bad timestamp at line 85: 11/01/2025 09:36:00 AM -EventID: 4625
2025-11-28 11:30:01,283 | WARNING | Bad timestamp at line 86: 11/01/2025 09:39:00 AM -EventID: 4625
2025-11-28 11:30:01,283 | WARNING | Bad timestamp at line 87: 11/01/2025 09:39:00 AM -EventID: 4625
2025-11-28 11:30:01,283 | WARNING | Bad timestamp at line 88: 11/01/2025 09:30:00 AM -EventID: 4625
2025-11-28 11:30:01,284 | WARNING | Bad timestamp at line 89: 11/01/2025 09:30:00 AM -EventID: 4625
2025-11-28 11:30:01,284 | WARNING | Bad timestamp at line 91: 11/01/2025 09:39:00 AM -EventID: 4625
2025-11-28 11:30:01,284 | WARNING | Bad timestamp at line 92: 11/01/2025 09:39:00 AM -EventID: 4625
2025-11-28 11:30:01,284 | WARNING | Bad timestamp at line 93: 11/01/2025 09:33:00 AM -EventID: 4625
2025-11-28 11:30:01,284 | WARNING | Bad timestamp at line 94: 11/01/2025 09:33:00 AM -EventID: 4625
2025-11-28 11:30:01,284 | WARNING | Bad timestamp at line 95: 11/01/2025 09:39:00 AM -EventID: 4625
2025-11-28 11:30:01,285 | WARNING | Bad timestamp at line 96: 11/01/2025 09:33:00 AM -EventID: 4625
2025-11-28 11:30:01,285 | WARNING | Bad timestamp at line 97: 11/01/2025 09:33:00 AM -EventID: 4625
2025-11-28 11:30:01,285 | WARNING | Bad timestamp at line 98: 11/01/2025 09:39:00 AM -EventID: 4625
2025-11-28 11:30:01,285 | WARNING | Bad timestamp at line 99: 11/01/2025 09:39:00 AM -EventID: 4625
2025-11-28 11:30:01,285 | WARNING | Bad timestamp at line 100: 11/01/2025 09:42:00 AM -EventID: 4625
2025-11-28 11:30:01,285 | WARNING | Bad timestamp at line 101: 11/01/2025 09:30:00 AM -EventID: 4625
2025-11-28 11:30:01,285 | WARNING | Bad timestamp at line 102: 11/01/2025 09:30:00 AM -EventID: 4625
2025-11-28 11:30:01,285 | WARNING | Bad timestamp at line 103: 11/01/2025 09:42:00 AM -EventID: 4625
2025-11-28 11:30:01,286 | WARNING | Bad timestamp at line 104: 11/01/2025 09:33:00 AM -EventID: 4625
2025-11-28 11:30:01,286 | WARNING | Bad timestamp at line 105: 11/01/2025 09:42:00 AM -EventID: 4625
2025-11-28 11:30:01,286 | WARNING | Bad timestamp at line 106: 11/01/2025 09:39:00 AM -EventID: 4625
2025-11-28 11:30:01,286 | WARNING | Bad timestamp at line 107: 11/01/2025 09:42:00 AM -EventID: 4625
2025-11-28 11:30:01,286 | WARNING | Bad timestamp at line 108: 11/01/2025 09:42:00 AM -EventID: 4625
2025-11-28 11:30:01,286 | WARNING | Bad timestamp at line 109: 11/01/2025 09:39:00 AM -EventID: 4625
2025-11-28 11:30:01,286 | WARNING | Bad timestamp at line 110: 11/01/2025 09:39:00 AM -EventID: 4625
2025-11-28 11:30:01,286 | WARNING | Bad timestamp at line 111: 11/01/2025 09:42:00 AM -EventID: 4625
2025-11-28 11:30:01,286 | WARNING | Bad timestamp at line 112: 11/01/2025 09:42:00 AM -EventID: 4625
2025-11-28 11:30:01,286 | WARNING | Bad timestamp at line 113: 11/01/2025 09:30:00 AM -EventID: 4625
2025-11-28 11:30:01,286 | WARNING | Bad timestamp at line 114: 11/01/2025 09:42:00 AM -EventID: 4625
2025-11-28 11:30:01,286 | WARNING | Bad timestamp at line 115: 11/01/2025 09:33:00 AM -EventID: 4625
2025-11-28 11:30:01,287 | WARNING | Bad timestamp at line 116: 11/01/2025 09:39:00 AM -EventID: 4625
2025-11-28 11:30:01,287 | WARNING | Bad timestamp at line 117: 11/01/2025 09:30:00 AM -EventID: 4625
2025-11-28 11:30:01,287 | WARNING | Bad timestamp at line 118: 11/01/2025 09:36:00 AM -EventID: 4625
2025-11-28 11:30:01,287 | WARNING | Bad timestamp at line 119: 11/01/2025 09:42:00 AM -EventID: 4625
2025-11-28 11:30:01,287 | WARNING | Bad timestamp at line 120: 11/01/2025 09:36:00 AM -EventID: 4625
2025-11-28 11:30:01,287 | WARNING | Bad timestamp at line 121: 11/01/2025 09:39:00 AM -EventID: 4625
2025-11-28 11:30:01,287 | WARNING | Bad timestamp at line 122: 11/01/2025 09:39:00 AM -EventID: 4625
2025-11-28 11:30:01,288 | WARNING | Bad timestamp at line 123: 11/01/2025 09:30:00 AM -EventID: 4625
2025-11-28 11:30:01,288 | WARNING | Bad timestamp at line 124: 11/01/2025 09:33:00 AM -EventID: 4625
2025-11-28 11:30:01,288 | WARNING | Bad timestamp at line 125: 11/01/2025 09:39:00 AM -EventID: 4625
2025-11-28 11:30:01,288 | WARNING | Bad timestamp at line 127: 11/01/2025 09:39:00 AM -EventID: 4625
2025-11-28 11:30:01,288 | WARNING | Bad timestamp at line 128: 11/01/2025 09:33:00 AM -EventID: 4625
2025-11-28 11:30:01,288 | WARNING | Bad timestamp at line 129: 11/01/2025 09:42:00 AM -EventID: 4625
2025-11-28 11:30:01,288 | WARNING | Bad timestamp at line 130: 11/01/2025 09:30:00 AM -EventID: 4625
2025-11-28 11:30:01,289 | WARNING | Bad timestamp at line 131: 11/01/2025 09:42:00 AM -EventID: 4625
2025-11-28 11:30:01,289 | WARNING | Bad timestamp at line 132: 11/01/2025 09:36:00 AM -EventID: 4625
2025-11-28 11:30:01,289 | WARNING | Bad timestamp at line 133: 11/01/2025 09:42:00 AM -EventID: 4625
2025-11-28 11:30:01,289 | WARNING | Bad timestamp at line 134: 11/01/2025 09:33:00 AM -EventID: 4625
2025-11-28 11:30:01,289 | WARNING | Bad timestamp at line 135: 11/01/2025 09:39:00 AM -EventID: 4625
2025-11-28 11:30:01,289 | WARNING | Bad timestamp at line 136: 11/01/2025 09:30:00 AM -EventID: 4625
2025-11-28 11:30:01,290 | WARNING | Bad timestamp at line 137: 11/01/2025 09:30:00 AM -EventID: 4625
2025-11-28 11:30:01,290 | WARNING | Bad timestamp at line 138: 11/01/2025 09:42:00 AM -EventID: 4625
2025-11-28 11:30:01,290 | WARNING | Bad timestamp at line 139: 11/01/2025 09:39:00 AM -EventID: 4625
2025-11-28 11:30:01,290 | WARNING | Bad timestamp at line 141: 11/01/2025 09:42:00 AM -EventID: 4625
2025-11-28 11:30:01,290 | WARNING | Bad timestamp at line 142: 11/01/2025 09:42:00 AM -EventID: 4625
2025-11-28 11:30:01,290 | WARNING | Bad timestamp at line 143: 11/01/2025 09:33:00 AM -EventID: 4625
2025-11-28 11:30:01,290 | WARNING | Bad timestamp at line 144: 11/01/2025 09:33:00 AM -EventID: 4625
2025-11-28 11:30:01,291 | WARNING | Bad timestamp at line 145: 11/01/2025 09:42:00 AM -EventID: 4625
2025-11-28 11:30:01,291 | WARNING | Bad timestamp at line 146: 11/01/2025 09:36:00 AM -EventID: 4625
2025-11-28 11:30:01,291 | WARNING | Bad timestamp at line 147: 11/01/2025 09:30:00 AM -EventID: 4625
2025-11-28 11:30:01,291 | WARNING | Bad timestamp at line 148: 11/01/2025 09:36:00 AM -EventID: 4625
2025-11-28 11:30:01,291 | WARNING | Bad timestamp at line 149: 11/01/2025 09:42:00 AM -EventID: 4625
2025-11-28 11:30:01,291 | WARNING | Bad timestamp at line 150: 11/01/2025 09:39:00 AM -EventID: 4625
2025-11-28 11:30:01,291 | WARNING | Bad timestamp at line 151: 11/01/2025 09:36:00 AM -EventID: 4625
2025-11-28 11:30:01,292 | WARNING | Bad timestamp at line 152: 11/01/2025 09:39:00 AM -EventID: 4625
2025-11-28 11:30:01,292 | WARNING | Bad timestamp at line 153: 11/01/2025 09:33:00 AM -EventID: 4625
2025-11-28 11:30:01,292 | WARNING | Bad timestamp at line 154: 11/01/2025 09:30:00 AM -EventID: 4625
2025-11-28 11:30:01,292 | WARNING | Bad timestamp at line 156: 11/01/2025 09:42:00 AM -EventID: 4625
2025-11-28 11:30:01,292 | WARNING | Bad timestamp at line 157: 11/01/2025 09:33:00 AM -EventID: 4625
2025-11-28 11:30:01,292 | WARNING | Bad timestamp at line 158: 11/01/2025 09:33:00 AM -EventID: 4625
2025-11-28 11:30:01,292 | WARNING | Bad timestamp at line 159: 11/01/2025 09:30:00 AM -EventID: 4625
2025-11-28 11:30:01,292 | WARNING | Bad timestamp at line 160: 11/01/2025 09:36:00 AM -EventID: 4625
2025-11-28 11:30:01,293 | WARNING | Bad timestamp at line 161: 11/01/2025 09:39:00 AM -EventID: 4625
2025-11-28 11:30:01,293 | WARNING | Bad timestamp at line 162: 11/01/2025 09:36:00 AM -EventID: 4625
2025-11-28 11:30:01,293 | WARNING | Bad timestamp at line 163: 11/01/2025 09:39:00 AM -EventID: 4625
2025-11-28 11:30:01,293 | WARNING | Bad timestamp at line 164: 11/01/2025 09:42:00 AM -EventID: 4625
2025-11-28 11:30:01,293 | WARNING | Bad timestamp at line 165: 11/01/2025 09:36:00 AM -EventID: 4625
2025-11-28 11:30:01,293 | WARNING | Bad timestamp at line 166: 11/01/2025 09:33:00 AM -EventID: 4625
2025-11-28 11:30:01,293 | WARNING | Bad timestamp at line 167: 11/01/2025 09:36:00 AM -EventID: 4625
2025-11-28 11:30:01,293 | WARNING | Bad timestamp at line 168: 11/01/2025 09:39:00 AM -EventID: 4625
2025-11-28 11:30:01,294 | WARNING | Bad timestamp at line 169: 11/01/2025 09:39:00 AM -EventID: 4625
2025-11-28 11:30:01,294 | WARNING | Bad timestamp at line 170: 11/01/2025 09:36:00 AM -EventID: 4625
2025-11-28 11:30:01,294 | WARNING | Bad timestamp at line 171: 11/01/2025 09:33:00 AM -EventID: 4625
2025-11-28 11:30:01,294 | WARNING | Bad timestamp at line 172: 11/01/2025 09:30:00 AM -EventID: 4625
2025-11-28 11:30:01,294 | WARNING | Bad timestamp at line 173: 11/01/2025 09:36:00 AM -EventID: 4625
2025-11-28 11:30:01,294 | WARNING | Bad timestamp at line 174: 11/01/2025 09:42:00 AM -EventID: 4625
2025-11-28 11:30:01,294 | WARNING | Bad timestamp at line 175: 11/01/2025 09:33:00 AM -EventID: 4625
2025-11-28 11:30:01,295 | WARNING | Bad timestamp at line 176: 11/01/2025 09:42:00 AM -EventID: 4625
2025-11-28 11:30:01,295 | WARNING | Bad timestamp at line 177: 11/01/2025 09:39:00 AM -EventID: 4625
2025-11-28 11:30:01,295 | WARNING | Bad timestamp at line 178: 11/01/2025 09:39:00 AM -EventID: 4625
2025-11-28 11:30:01,295 | WARNING | Bad timestamp at line 179: 11/01/2025 09:42:00 AM -EventID: 4625
2025-11-28 11:30:01,295 | WARNING | Bad timestamp at line 180: 11/01/2025 09:42:00 AM -EventID: 4625
2025-11-28 11:30:01,295 | WARNING | Bad timestamp at line 181: 11/01/2025 09:42:00 AM -EventID: 4625
2025-11-28 11:30:01,296 | WARNING | Bad timestamp at line 182: 11/01/2025 09:30:00 AM -EventID: 4625
2025-11-28 11:30:01,296 | WARNING | Bad timestamp at line 184: 11/01/2025 09:30:00 AM -EventID: 4625
2025-11-28 11:30:01,296 | WARNING | Bad timestamp at line 185: 11/01/2025 09:39:00 AM -EventID: 4625
2025-11-28 11:30:01,296 | WARNING | Bad timestamp at line 186: 11/01/2025 09:36:00 AM -EventID: 4625
2025-11-28 11:30:01,296 | WARNING | Bad timestamp at line 187: 11/01/2025 09:33:00 AM -EventID: 4625
2025-11-28 11:30:01,296 | WARNING | Bad timestamp at line 188: 11/01/2025 09:39:00 AM -EventID: 4625
2025-11-28 11:30:01,296 | WARNING | Bad timestamp at line 189: 11/01/2025 09:33:00 AM -EventID: 4625
2025-11-28 11:30:01,297 | WARNING | Bad timestamp at line 190: 11/01/2025 09:33:00 AM -EventID: 4625
2025-11-28 11:30:01,297 | WARNING | Bad timestamp at line 191: 11/01/2025 09:42:00 AM -EventID: 4625
2025-11-28 11:30:01,297 | WARNING | Bad timestamp at line 192: 11/01/2025 09:33:00 AM -EventID: 4625
2025-11-28 11:30:01,297 | WARNING | Bad timestamp at line 193: 11/01/2025 09:36:00 AM -EventID: 4625
2025-11-28 11:30:01,297 | WARNING | Bad timestamp at line 194: 11/01/2025 09:33:00 AM -EventID: 4625
2025-11-28 11:30:01,297 | WARNING | Bad timestamp at line 195: 11/01/2025 09:30:00 AM -EventID: 4625
2025-11-28 11:30:01,297 | WARNING | Bad timestamp at line 196: 11/01/2025 09:33:00 AM -EventID: 4625
2025-11-28 11:30:01,298 | WARNING | Bad timestamp at line 197: 11/01/2025 09:30:00 AM -EventID: 4625
2025-11-28 11:30:01,298 | WARNING | Bad timestamp at line 198: 11/01/2025 09:33:00 AM -EventID: 4625
2025-11-28 11:30:01,298 | WARNING | Bad timestamp at line 199: 11/01/2025 09:33:00 AM -EventID: 4625
2025-11-28 11:30:01,298 | WARNING | Bad timestamp at line 200: 11/01/2025 09:30:00 AM -EventID: 4625
2025-11-28 11:30:01,298 | WARNING | Bad timestamp at line 201: 11/01/2025 09:36:00 AM -EventID: 4625
2025-11-28 11:30:01,298 | WARNING | Bad timestamp at line 202: 11/01/2025 09:39:00 AM -EventID: 4625
2025-11-28 11:30:01,299 | WARNING | Bad timestamp at line 203: 11/01/2025 09:42:00 AM -EventID: 4625
2025-11-28 11:30:01,299 | WARNING | Bad timestamp at line 204: 11/01/2025 09:36:00 AM -EventID: 4625
2025-11-28 11:30:01,299 | WARNING | Bad timestamp at line 205: 11/01/2025 09:30:00 AM -EventID: 4625
2025-11-28 11:30:01,299 | WARNING | Bad timestamp at line 206: 11/01/2025 09:36:00 AM -EventID: 4625
2025-11-28 11:30:01,299 | WARNING | Bad timestamp at line 207: 11/01/2025 09:36:00 AM -EventID: 4625
2025-11-28 11:30:01,299 | WARNING | Bad timestamp at line 208: 11/01/2025 09:33:00 AM -EventID: 4625
2025-11-28 11:30:01,299 | WARNING | Bad timestamp at line 209: 11/01/2025 09:36:00 AM -EventID: 4625
2025-11-28 11:30:01,300 | WARNING | Bad timestamp at line 210: 11/01/2025 09:36:00 AM -EventID: 4625
2025-11-28 11:30:01,300 | WARNING | Bad timestamp at line 211: 11/01/2025 09:42:00 AM -EventID: 4625
2025-11-28 11:30:01,300 | WARNING | Bad timestamp at line 212: 11/01/2025 09:42:00 AM -EventID: 4625
2025-11-28 11:30:01,300 | WARNING | Bad timestamp at line 213: 11/01/2025 09:42:00 AM -EventID: 4625
2025-11-28 11:30:01,300 | WARNING | Bad timestamp at line 214: 11/01/2025 09:36:00 AM -EventID: 4625
2025-11-28 11:30:01,300 | WARNING | Bad timestamp at line 215: 11/01/2025 09:36:00 AM -EventID: 4625
2025-11-28 11:30:01,300 | WARNING | Bad timestamp at line 216: 11/01/2025 09:33:00 AM -EventID: 4625
2025-11-28 11:30:01,301 | WARNING | Bad timestamp at line 217: 11/01/2025 09:42:00 AM -EventID: 4625
2025-11-28 11:30:01,301 | WARNING | Bad timestamp at line 218: 11/01/2025 09:39:00 AM -EventID: 4625
2025-11-28 11:30:01,301 | WARNING | Bad timestamp at line 219: 11/01/2025 09:30:00 AM -EventID: 4625
2025-11-28 11:30:01,301 | WARNING | Bad timestamp at line 220: 11/01/2025 09:30:00 AM -EventID: 4625
2025-11-28 11:30:01,301 | WARNING | Bad timestamp at line 221: 11/01/2025 09:30:00 AM -EventID: 4625
2025-11-28 11:30:01,301 | WARNING | Bad timestamp at line 222: 11/01/2025 09:30:00 AM -EventID: 4625
2025-11-28 11:30:01,301 | WARNING | Bad timestamp at line 223: 11/01/2025 09:33:00 AM -EventID: 4625
2025-11-28 11:30:01,302 | WARNING | Bad timestamp at line 224: 11/01/2025 09:36:00 AM -EventID: 4625
2025-11-28 11:30:01,302 | WARNING | Bad timestamp at line 225: 11/01/2025 09:39:00 AM -EventID: 4625
2025-11-28 11:30:01,302 | WARNING | Bad timestamp at line 226: 11/01/2025 09:39:00 AM -EventID: 4625
2025-11-28 11:30:01,302 | WARNING | Bad timestamp at line 227: 11/01/2025 09:39:00 AM -EventID: 4625
2025-11-28 11:30:01,302 | WARNING | Bad timestamp at line 228: 11/01/2025 09:39:00 AM -EventID: 4625
2025-11-28 11:30:01,302 | WARNING | Bad timestamp at line 229: 11/01/2025 09:33:00 AM -EventID: 4625
2025-11-28 11:30:01,302 | WARNING | Bad timestamp at line 230: 11/01/2025 09:36:00 AM -EventID: 4625
2025-11-28 11:30:01,303 | WARNING | Bad timestamp at line 231: 11/01/2025 09:30:00 AM -EventID: 4625
2025-11-28 11:30:01,303 | WARNING | Bad timestamp at line 232: 11/01/2025 09:33:00 AM -EventID: 4625
2025-11-28 11:30:01,303 | WARNING | Bad timestamp at line 233: 11/01/2025 09:33:00 AM -EventID: 4625
2025-11-28 11:30:01,303 | WARNING | Bad timestamp at line 234: 11/01/2025 09:42:00 AM -EventID: 4625
2025-11-28 11:30:01,303 | WARNING | Bad timestamp at line 235: 11/01/2025 09:39:00 AM -EventID: 4625
2025-11-28 11:30:01,303 | WARNING | Bad timestamp at line 236: 11/01/2025 09:39:00 AM -EventID: 4625
2025-11-28 11:30:01,304 | WARNING | Bad timestamp at line 237: 11/01/2025 09:36:00 AM -EventID: 4625
2025-11-28 11:30:01,304 | WARNING | Bad timestamp at line 238: 11/01/2025 09:36:00 AM -EventID: 4625
2025-11-28 11:30:01,304 | WARNING | Bad timestamp at line 239: 11/01/2025 09:42:00 AM -EventID: 4625
2025-11-28 11:30:01,304 | WARNING | Bad timestamp at line 240: 11/01/2025 09:36:00 AM -EventID: 4625
2025-11-28 11:30:01,304 | WARNING | Bad timestamp at line 241: 11/01/2025 09:33:00 AM -EventID: 4625
2025-11-28 11:30:01,304 | WARNING | Bad timestamp at line 242: 11/01/2025 09:42:00 AM -EventID: 4625
2025-11-28 11:30:01,304 | WARNING | Bad timestamp at line 243: 11/01/2025 09:39:00 AM -EventID: 4625
2025-11-28 11:30:01,305 | WARNING | Bad timestamp at line 244: 11/01/2025 09:42:00 AM -EventID: 4625
2025-11-28 11:30:01,305 | WARNING | Bad timestamp at line 245: 11/01/2025 09:33:00 AM -EventID: 4625
2025-11-28 11:30:01,305 | WARNING | Bad timestamp at line 246: 11/01/2025 09:30:00 AM -EventID: 4625
2025-11-28 11:30:01,305 | WARNING | Bad timestamp at line 247: 11/01/2025 09:33:00 AM -EventID: 4625
2025-11-28 11:30:01,305 | WARNING | Bad timestamp at line 248: 11/01/2025 09:30:00 AM -EventID: 4625
2025-11-28 11:30:01,305 | WARNING | Bad timestamp at line 250: 11/01/2025 09:42:00 AM -EventID: 4625
2025-11-28 11:30:01,305 | WARNING | Bad timestamp at line 251: 11/01/2025 09:30:00 AM -EventID: 4625
2025-11-28 11:30:01,306 | WARNING | Bad timestamp at line 253: 11/01/2025 09:39:00 AM -EventID: 4625
2025-11-28 11:30:01,306 | WARNING | Bad timestamp at line 254: 11/01/2025 09:36:00 AM -EventID: 4625
2025-11-28 11:30:01,306 | WARNING | Bad timestamp at line 255: 11/01/2025 09:42:00 AM -EventID: 4625
2025-11-28 11:30:01,306 | WARNING | Bad timestamp at line 256: 11/01/2025 09:36:00 AM -EventID: 4625
2025-11-28 11:30:01,306 | WARNING | Bad timestamp at line 257: 11/01/2025 09:36:00 AM -EventID: 4625
2025-11-28 11:30:01,306 | WARNING | Bad timestamp at line 258: 11/01/2025 09:33:00 AM -EventID: 4625
2025-11-28 11:30:01,307 | WARNING | Bad timestamp at line 259: 11/01/2025 09:30:00 AM -EventID: 4625
2025-11-28 11:30:01,307 | WARNING | Bad timestamp at line 260: 11/01/2025 09:33:00 AM -EventID: 4625
2025-11-28 11:30:01,307 | WARNING | Bad timestamp at line 261: 11/01/2025 09:30:00 AM -EventID: 4625
2025-11-28 11:30:01,307 | WARNING | Bad timestamp at line 262: 11/01/2025 09:30:00 AM -EventID: 4625
2025-11-28 11:30:01,307 | WARNING | Bad timestamp at line 263: 11/01/2025 09:33:00 AM -EventID: 4625
2025-11-28 11:30:01,307 | WARNING | Bad timestamp at line 264: 11/01/2025 09:33:00 AM -EventID: 4625
2025-11-28 11:30:01,307 | INFO | Parsed 0 failed logins
2025-11-28 11:30:01,308 | INFO | Exported 0 alert(s) to month1/alerts.json
2025-11-28 11:30:01,308 | INFO | No alerts generated.
2025-11-28 11:35:01,426 | INFO | === BRUTE-FORCE DETECTOR STARTED ===
2025-11-28 11:35:01,427 | INFO | Config: {'log_file': 'month1/fake_auth.log', 'output_file': 'month1/alerts.json', 'threshold_count': 3, 'time_window_minutes': 15, 'log_level': 'INFO', 'alert_title': 'BRUTE_FORCE_15MIN', 'smtp_server': 'smtp.gmail.com', 'smtp_port': 587, 'email_from': 'suleephraim1@gmail.com', 'email_to': 'cyberlootkeeper@gmail.com', 'email_password': 'uwijddtfwdtmmony'}
2025-11-28 11:35:01,431 | WARNING | Bad timestamp at line 5: 11/28/2025 01:03:49 PM -EventID: 4625
2025-11-28 11:35:01,432 | WARNING | Bad timestamp at line 6: 11/28/2025 01:12:49 PM -EventID: 4625
2025-11-28 11:35:01,432 | WARNING | Bad timestamp at line 7: 11/28/2025 12:31:49 PM -EventID: 4625
2025-11-28 11:35:01,432 | WARNING | Bad timestamp at line 8: 11/28/2025 12:55:49 PM -EventID: 4625
2025-11-28 11:35:01,432 | WARNING | Bad timestamp at line 9: 11/28/2025 12:24:49 PM -EventID: 4625
2025-11-28 11:35:01,432 | WARNING | Bad timestamp at line 10: 11/28/2025 12:14:49 PM -EventID: 4625
2025-11-28 11:35:01,433 | WARNING | Bad timestamp at line 11: 11/28/2025 12:56:49 PM -EventID: 4625
2025-11-28 11:35:01,433 | WARNING | Bad timestamp at line 12: 11/28/2025 12:19:49 PM -EventID: 4625
2025-11-28 11:35:01,433 | WARNING | Bad timestamp at line 13: 11/28/2025 12:16:49 PM -EventID: 4625
2025-11-28 11:35:01,433 | WARNING | Bad timestamp at line 14: 11/28/2025 01:08:49 PM -EventID: 4625
2025-11-28 11:35:01,433 | WARNING | Bad timestamp at line 15: 11/28/2025 01:16:49 PM -EventID: 4625
2025-11-28 11:35:01,433 | WARNING | Bad timestamp at line 16: 11/28/2025 12:39:49 PM -EventID: 4625
2025-11-28 11:35:01,434 | WARNING | Bad timestamp at line 17: 11/28/2025 01:15:49 PM -EventID: 4625
2025-11-28 11:35:01,434 | WARNING | Bad timestamp at line 18: 11/28/2025 12:06:49 PM -EventID: 4625
2025-11-28 11:35:01,434 | WARNING | Bad timestamp at line 19: 11/28/2025 12:28:49 PM -EventID: 4625
2025-11-28 11:35:01,434 | WARNING | Bad timestamp at line 20: 11/28/2025 11:56:49 AM -EventID: 4625
2025-11-28 11:35:01,434 | WARNING | Bad timestamp at line 21: 11/28/2025 12:19:49 PM -EventID: 4625
2025-11-28 11:35:01,435 | WARNING | Bad timestamp at line 22: 11/28/2025 12:42:49 PM -EventID: 4625
2025-11-28 11:35:01,435 | WARNING | Bad timestamp at line 23: 11/28/2025 12:54:49 PM -EventID: 4625
2025-11-28 11:35:01,435 | WARNING | Bad timestamp at line 24: 11/28/2025 01:18:49 PM -EventID: 4625
2025-11-28 11:35:01,435 | WARNING | Bad timestamp at line 25: 11/28/2025 12:21:49 PM -EventID: 4625
2025-11-28 11:35:01,435 | WARNING | Bad timestamp at line 26: 11/28/2025 11:43:49 AM -EventID: 4625
2025-11-28 11:35:01,435 | WARNING | Bad timestamp at line 27: 11/28/2025 12:27:49 PM -EventID: 4625
2025-11-28 11:35:01,436 | WARNING | Bad timestamp at line 28: 11/28/2025 12:48:49 PM -EventID: 4625
2025-11-28 11:35:01,436 | WARNING | Bad timestamp at line 30: 11/28/2025 11:42:49 AM -EventID: 4625
2025-11-28 11:35:01,436 | WARNING | Bad timestamp at line 31: 11/28/2025 01:12:49 PM -EventID: 4625
2025-11-28 11:35:01,436 | WARNING | Bad timestamp at line 33: 11/28/2025 11:59:49 AM -EventID: 4625
2025-11-28 11:35:01,436 | WARNING | Bad timestamp at line 34: 11/28/2025 01:07:49 PM -EventID: 4625
2025-11-28 11:35:01,436 | WARNING | Bad timestamp at line 35: 11/28/2025 11:54:49 AM -EventID: 4625
2025-11-28 11:35:01,437 | WARNING | Bad timestamp at line 36: 11/28/2025 12:21:49 PM -EventID: 4625
2025-11-28 11:35:01,437 | WARNING | Bad timestamp at line 37: 11/28/2025 12:28:49 PM -EventID: 4625
2025-11-28 11:35:01,437 | WARNING | Bad timestamp at line 38: 11/28/2025 12:40:49 PM -EventID: 4625
2025-11-28 11:35:01,437 | WARNING | Bad timestamp at line 39: 11/28/2025 12:01:49 PM -EventID: 4625
2025-11-28 11:35:01,437 | WARNING | Bad timestamp at line 40: 11/28/2025 12:12:49 PM -EventID: 4625
2025-11-28 11:35:01,437 | WARNING | Bad timestamp at line 41: 11/28/2025 11:53:49 AM -EventID: 4625
2025-11-28 11:35:01,437 | WARNING | Bad timestamp at line 42: 11/28/2025 11:41:49 AM -EventID: 4625
2025-11-28 11:35:01,438 | WARNING | Bad timestamp at line 43: 11/28/2025 11:56:49 AM -EventID: 4625
2025-11-28 11:35:01,438 | WARNING | Bad timestamp at line 44: 11/28/2025 11:55:49 AM -EventID: 4625
2025-11-28 11:35:01,438 | WARNING | Bad timestamp at line 45: 11/28/2025 12:10:49 PM -EventID: 4625
2025-11-28 11:35:01,438 | WARNING | Bad timestamp at line 46: 11/28/2025 11:46:49 AM -EventID: 4625
2025-11-28 11:35:01,438 | WARNING | Bad timestamp at line 47: 11/28/2025 12:22:49 PM -EventID: 4625
2025-11-28 11:35:01,438 | WARNING | Bad timestamp at line 48: 11/28/2025 12:35:49 PM -EventID: 4625
2025-11-28 11:35:01,438 | WARNING | Bad timestamp at line 49: 11/28/2025 01:18:49 PM -EventID: 4625
2025-11-28 11:35:01,439 | WARNING | Bad timestamp at line 50: 11/28/2025 11:52:49 AM -EventID: 4625
2025-11-28 11:35:01,439 | WARNING | Bad timestamp at line 51: 11/28/2025 11:47:49 AM -EventID: 4625
2025-11-28 11:35:01,439 | WARNING | Bad timestamp at line 52: 11/28/2025 12:18:49 PM -EventID: 4625
2025-11-28 11:35:01,439 | WARNING | Bad timestamp at line 53: 11/28/2025 12:14:49 PM -EventID: 4625
2025-11-28 11:35:01,439 | WARNING | Bad timestamp at line 54: 11/28/2025 12:50:49 PM -EventID: 4625
2025-11-28 11:35:01,439 | WARNING | Bad timestamp at line 55: 11/28/2025 12:46:49 PM -EventID: 4625
2025-11-28 11:35:01,440 | WARNING | Bad timestamp at line 56: 11/28/2025 11:34:49 AM -EventID: 4625
2025-11-28 11:35:01,440 | WARNING | Bad timestamp at line 57: 11/28/2025 01:02:49 PM -EventID: 4625
2025-11-28 11:35:01,440 | WARNING | Bad timestamp at line 58: 11/28/2025 12:29:49 PM -EventID: 4625
2025-11-28 11:35:01,440 | WARNING | Bad timestamp at line 59: 11/28/2025 12:25:49 PM -EventID: 4625
2025-11-28 11:35:01,441 | WARNING | Bad timestamp at line 60: 11/28/2025 12:18:49 PM -EventID: 4625
2025-11-28 11:35:01,441 | WARNING | Bad timestamp at line 61: 11/28/2025 01:08:49 PM -EventID: 4625
2025-11-28 11:35:01,442 | WARNING | Bad timestamp at line 62: 11/28/2025 11:53:49 AM -EventID: 4625
2025-11-28 11:35:01,442 | WARNING | Bad timestamp at line 63: 11/28/2025 11:52:49 AM -EventID: 4625
2025-11-28 11:35:01,442 | WARNING | Bad timestamp at line 64: 11/28/2025 11:49:49 AM -EventID: 4625
2025-11-28 11:35:01,442 | WARNING | Bad timestamp at line 65: 11/28/2025 12:10:49 PM -EventID: 4625
2025-11-28 11:35:01,442 | WARNING | Bad timestamp at line 66: 11/28/2025 12:58:49 PM -EventID: 4625
2025-11-28 11:35:01,442 | WARNING | Bad timestamp at line 67: 11/28/2025 12:36:49 PM -EventID: 4625
2025-11-28 11:35:01,443 | WARNING | Bad timestamp at line 68: 11/28/2025 12:32:49 PM -EventID: 4625
2025-11-28 11:35:01,443 | WARNING | Bad timestamp at line 69: 11/28/2025 01:00:49 PM -EventID: 4625
2025-11-28 11:35:01,443 | WARNING | Bad timestamp at line 70: 11/28/2025 12:12:49 PM -EventID: 4625
2025-11-28 11:35:01,443 | WARNING | Bad timestamp at line 71: 11/28/2025 12:28:49 PM -EventID: 4625
2025-11-28 11:35:01,443 | WARNING | Bad timestamp at line 72: 11/28/2025 01:06:49 PM -EventID: 4625
2025-11-28 11:35:01,444 | WARNING | Bad timestamp at line 73: 11/28/2025 11:38:49 AM -EventID: 4625
2025-11-28 11:35:01,444 | WARNING | Bad timestamp at line 74: 11/28/2025 11:48:49 AM -EventID: 4625
2025-11-28 11:35:01,444 | WARNING | Bad timestamp at line 75: 11/28/2025 12:09:49 PM -EventID: 4625
2025-11-28 11:35:01,444 | WARNING | Bad timestamp at line 76: 11/28/2025 11:44:49 AM -EventID: 4625
2025-11-28 11:35:01,444 | WARNING | Bad timestamp at line 77: 11/28/2025 11:37:49 AM -EventID: 4625
2025-11-28 11:35:01,444 | WARNING | Bad timestamp at line 78: 11/28/2025 12:40:49 PM -EventID: 4625
2025-11-28 11:35:01,445 | WARNING | Bad timestamp at line 79: 11/28/2025 12:50:49 PM -EventID: 4625
2025-11-28 11:35:01,445 | WARNING | Bad timestamp at line 80: 11/28/2025 12:33:49 PM -EventID: 4625
2025-11-28 11:35:01,445 | WARNING | Bad timestamp at line 81: 11/28/2025 12:39:49 PM -EventID: 4625
2025-11-28 11:35:01,445 | WARNING | Bad timestamp at line 82: 11/28/2025 12:00:49 PM -EventID: 4625
2025-11-28 11:35:01,445 | WARNING | Bad timestamp at line 83: 11/28/2025 01:10:49 PM -EventID: 4625
2025-11-28 11:35:01,446 | WARNING | Bad timestamp at line 84: 11/28/2025 12:01:49 PM -EventID: 4625
2025-11-28 11:35:01,446 | WARNING | Bad timestamp at line 85: 11/28/2025 12:34:49 PM -EventID: 4625
2025-11-28 11:35:01,446 | WARNING | Bad timestamp at line 86: 11/28/2025 01:05:49 PM -EventID: 4625
2025-11-28 11:35:01,446 | WARNING | Bad timestamp at line 87: 11/28/2025 12:51:49 PM -EventID: 4625
2025-11-28 11:35:01,446 | WARNING | Bad timestamp at line 88: 11/28/2025 12:38:49 PM -EventID: 4625
2025-11-28 11:35:01,446 | WARNING | Bad timestamp at line 89: 11/28/2025 12:59:49 PM -EventID: 4625
2025-11-28 11:35:01,447 | WARNING | Bad timestamp at line 90: 11/28/2025 12:52:49 PM -EventID: 4625
2025-11-28 11:35:01,447 | WARNING | Bad timestamp at line 91: 11/28/2025 01:10:49 PM -EventID: 4625
2025-11-28 11:35:01,447 | WARNING | Bad timestamp at line 92: 11/28/2025 11:43:49 AM -EventID: 4625
2025-11-28 11:35:01,447 | WARNING | Bad timestamp at line 94: 11/28/2025 11:48:49 AM -EventID: 4625
2025-11-28 11:35:01,447 | WARNING | Bad timestamp at line 95: 11/28/2025 12:26:49 PM -EventID: 4625
2025-11-28 11:35:01,447 | WARNING | Bad timestamp at line 96: 11/28/2025 12:52:49 PM -EventID: 4625
2025-11-28 11:35:01,448 | WARNING | Bad timestamp at line 98: 11/28/2025 12:20:49 PM -EventID: 4625
2025-11-28 11:35:01,448 | WARNING | Bad timestamp at line 99: 11/28/2025 11:49:49 AM -EventID: 4625
2025-11-28 11:35:01,448 | WARNING | Bad timestamp at line 100: 11/28/2025 12:15:49 PM -EventID: 4625
2025-11-28 11:35:01,448 | WARNING | Bad timestamp at line 101: 11/28/2025 12:49:49 PM -EventID: 4625
2025-11-28 11:35:01,449 | WARNING | Bad timestamp at line 102: 11/28/2025 12:54:49 PM -EventID: 4625
2025-11-28 11:35:01,449 | WARNING | Bad timestamp at line 103: 11/28/2025 01:06:49 PM -EventID: 4625
2025-11-28 11:35:01,449 | WARNING | Bad timestamp at line 104: 11/28/2025 11:40:49 AM -EventID: 4625
2025-11-28 11:35:01,449 | WARNING | Bad timestamp at line 105: 11/28/2025 11:58:49 AM -EventID: 4625
2025-11-28 11:35:01,449 | WARNING | Bad timestamp at line 106: 11/28/2025 12:32:49 PM -EventID: 4625
2025-11-28 11:35:01,449 | WARNING | Bad timestamp at line 107: 11/28/2025 12:02:49 PM -EventID: 4625
2025-11-28 11:35:01,449 | WARNING | Bad timestamp at line 108: 11/28/2025 11:40:49 AM -EventID: 4625
2025-11-28 11:35:01,450 | WARNING | Bad timestamp at line 109: 11/28/2025 11:48:49 AM -EventID: 4625
2025-11-28 11:35:01,450 | WARNING | Bad timestamp at line 110: 11/28/2025 12:43:49 PM -EventID: 4625
2025-11-28 11:35:01,450 | WARNING | Bad timestamp at line 111: 11/28/2025 01:15:49 PM -EventID: 4625
2025-11-28 11:35:01,450 | WARNING | Bad timestamp at line 112: 11/28/2025 12:25:49 PM -EventID: 4625
2025-11-28 11:35:01,450 | WARNING | Bad timestamp at line 113: 11/28/2025 12:05:49 PM -EventID: 4625
2025-11-28 11:35:01,450 | WARNING | Bad timestamp at line 114: 11/28/2025 01:03:49 PM -EventID: 4625
2025-11-28 11:35:01,451 | WARNING | Bad timestamp at line 115: 11/28/2025 11:52:49 AM -EventID: 4625
2025-11-28 11:35:01,451 | WARNING | Bad timestamp at line 116: 11/28/2025 12:42:49 PM -EventID: 4625
2025-11-28 11:35:01,451 | WARNING | Bad timestamp at line 117: 11/28/2025 12:20:49 PM -EventID: 4625
2025-11-28 11:35:01,451 | WARNING | Bad timestamp at line 118: 11/28/2025 11:42:49 AM -EventID: 4625
2025-11-28 11:35:01,451 | WARNING | Bad timestamp at line 119: 11/28/2025 12:08:49 PM -EventID: 4625
2025-11-28 11:35:01,451 | WARNING | Bad timestamp at line 120: 11/28/2025 12:23:49 PM -EventID: 4625
2025-11-28 11:35:01,452 | WARNING | Bad timestamp at line 121: 11/28/2025 12:30:49 PM -EventID: 4625
2025-11-28 11:35:01,452 | WARNING | Bad timestamp at line 122: 11/28/2025 12:58:49 PM -EventID: 4625
2025-11-28 11:35:01,452 | WARNING | Bad timestamp at line 123: 11/28/2025 11:47:49 AM -EventID: 4625
2025-11-28 11:35:01,452 | WARNING | Bad timestamp at line 124: 11/28/2025 12:56:49 PM -EventID: 4625
2025-11-28 11:35:01,452 | WARNING | Bad timestamp at line 125: 11/28/2025 12:03:49 PM -EventID: 4625
2025-11-28 11:35:01,452 | WARNING | Bad timestamp at line 127: 11/28/2025 01:09:49 PM -EventID: 4625
2025-11-28 11:35:01,453 | WARNING | Bad timestamp at line 128: 11/28/2025 01:13:49 PM -EventID: 4625
2025-11-28 11:35:01,453 | WARNING | Bad timestamp at line 129: 11/28/2025 01:04:49 PM -EventID: 4625
2025-11-28 11:35:01,453 | WARNING | Bad timestamp at line 130: 11/28/2025 01:19:49 PM -EventID: 4625
2025-11-28 11:35:01,453 | WARNING | Bad timestamp at line 131: 11/28/2025 12:08:49 PM -EventID: 4625
2025-11-28 11:35:01,453 | WARNING | Bad timestamp at line 132: 11/28/2025 12:46:49 PM -EventID: 4625
2025-11-28 11:35:01,453 | WARNING | Bad timestamp at line 133: 11/28/2025 12:36:49 PM -EventID: 4625
2025-11-28 11:35:01,453 | WARNING | Bad timestamp at line 134: 11/28/2025 12:53:49 PM -EventID: 4625
2025-11-28 11:35:01,454 | WARNING | Bad timestamp at line 135: 11/28/2025 12:00:49 PM -EventID: 4625
2025-11-28 11:35:01,454 | WARNING | Bad timestamp at line 136: 11/28/2025 01:14:49 PM -EventID: 4625
2025-11-28 11:35:01,454 | WARNING | Bad timestamp at line 137: 11/28/2025 11:39:49 AM -EventID: 4625
2025-11-28 11:35:01,454 | WARNING | Bad timestamp at line 138: 11/28/2025 01:14:49 PM -EventID: 4625
2025-11-28 11:35:01,454 | WARNING | Bad timestamp at line 139: 11/28/2025 11:54:49 AM -EventID: 4625
2025-11-28 11:35:01,454 | WARNING | Bad timestamp at line 140: 11/28/2025 12:34:49 PM -EventID: 4625
2025-11-28 11:35:01,455 | WARNING | Bad timestamp at line 141: 11/28/2025 12:49:49 PM -EventID: 4625
2025-11-28 11:35:01,455 | WARNING | Bad timestamp at line 142: 11/28/2025 12:30:49 PM -EventID: 4625
2025-11-28 11:35:01,455 | WARNING | Bad timestamp at line 143: 11/28/2025 12:42:49 PM -EventID: 4625
2025-11-28 11:35:01,455 | WARNING | Bad timestamp at line 144: 11/28/2025 12:31:49 PM -EventID: 4625
2025-11-28 11:35:01,455 | WARNING | Bad timestamp at line 145: 11/28/2025 12:57:49 PM -EventID: 4625
2025-11-28 11:35:01,455 | WARNING | Bad timestamp at line 146: 11/28/2025 11:45:49 AM -EventID: 4625
2025-11-28 11:35:01,455 | WARNING | Bad timestamp at line 147: 11/28/2025 12:06:49 PM -EventID: 4625
2025-11-28 11:35:01,456 | WARNING | Bad timestamp at line 148: 11/28/2025 12:52:49 PM -EventID: 4625
2025-11-28 11:35:01,457 | WARNING | Bad timestamp at line 149: 11/28/2025 12:47:49 PM -EventID: 4625
2025-11-28 11:35:01,457 | WARNING | Bad timestamp at line 150: 11/28/2025 12:59:49 PM -EventID: 4625
2025-11-28 11:35:01,457 | WARNING | Bad timestamp at line 151: 11/28/2025 12:22:49 PM -EventID: 4625
2025-11-28 11:35:01,457 | WARNING | Bad timestamp at line 152: 11/28/2025 11:44:49 AM -EventID: 4625
2025-11-28 11:35:01,458 | WARNING | Bad timestamp at line 153: 11/28/2025 12:08:49 PM -EventID: 4625
2025-11-28 11:35:01,458 | WARNING | Bad timestamp at line 154: 11/28/2025 01:04:49 PM -EventID: 4625
2025-11-28 11:35:01,458 | WARNING | Bad timestamp at line 155: 11/28/2025 12:58:49 PM -EventID: 4625
2025-11-28 11:35:01,458 | WARNING | Bad timestamp at line 156: 11/28/2025 01:00:49 PM -EventID: 4625
2025-11-28 11:35:01,458 | WARNING | Bad timestamp at line 157: 11/28/2025 12:02:49 PM -EventID: 4625
2025-11-28 11:35:01,459 | WARNING | Bad timestamp at line 158: 11/28/2025 12:54:49 PM -EventID: 4625
2025-11-28 11:35:01,459 | WARNING | Bad timestamp at line 159: 11/28/2025 12:07:49 PM -EventID: 4625
2025-11-28 11:35:01,459 | WARNING | Bad timestamp at line 161: 11/28/2025 12:44:49 PM -EventID: 4625
2025-11-28 11:35:01,459 | WARNING | Bad timestamp at line 162: 11/28/2025 12:22:49 PM -EventID: 4625
2025-11-28 11:35:01,460 | WARNING | Bad timestamp at line 163: 11/28/2025 11:46:49 AM -EventID: 4625
2025-11-28 11:35:01,460 | WARNING | Bad timestamp at line 164: 11/28/2025 11:57:49 AM -EventID: 4625
2025-11-28 11:35:01,460 | WARNING | Bad timestamp at line 165: 11/28/2025 01:13:49 PM -EventID: 4625
2025-11-28 11:35:01,460 | WARNING | Bad timestamp at line 166: 11/28/2025 12:34:49 PM -EventID: 4625
2025-11-28 11:35:01,460 | WARNING | Bad timestamp at line 168: 11/28/2025 12:17:49 PM -EventID: 4625
2025-11-28 11:35:01,461 | WARNING | Bad timestamp at line 169: 11/28/2025 12:53:49 PM -EventID: 4625
2025-11-28 11:35:01,461 | WARNING | Bad timestamp at line 170: 11/28/2025 11:45:49 AM -EventID: 4625
2025-11-28 11:35:01,461 | WARNING | Bad timestamp at line 171: 11/28/2025 01:04:49 PM -EventID: 4625
2025-11-28 11:35:01,461 | WARNING | Bad timestamp at line 172: 11/28/2025 11:57:49 AM -EventID: 4625
2025-11-28 11:35:01,461 | WARNING | Bad timestamp at line 173: 11/28/2025 12:02:49 PM -EventID: 4625
2025-11-28 11:35:01,461 | WARNING | Bad timestamp at line 174: 11/28/2025 11:54:49 AM -EventID: 4625
2025-11-28 11:35:01,462 | WARNING | Bad timestamp at line 175: 11/28/2025 01:11:49 PM -EventID: 4625
2025-11-28 11:35:01,462 | WARNING | Bad timestamp at line 177: 11/28/2025 12:35:49 PM -EventID: 4625
2025-11-28 11:35:01,462 | WARNING | Bad timestamp at line 178: 11/28/2025 12:29:49 PM -EventID: 4625
2025-11-28 11:35:01,462 | WARNING | Bad timestamp at line 179: 11/28/2025 12:33:49 PM -EventID: 4625
2025-11-28 11:35:01,462 | WARNING | Bad timestamp at line 180: 11/28/2025 01:11:49 PM -EventID: 4625
2025-11-28 11:35:01,463 | WARNING | Bad timestamp at line 181: 11/28/2025 12:24:49 PM -EventID: 4625
2025-11-28 11:35:01,463 | WARNING | Bad timestamp at line 182: 11/28/2025 01:12:49 PM -EventID: 4625
2025-11-28 11:35:01,463 | WARNING | Bad timestamp at line 183: 11/28/2025 12:45:49 PM -EventID: 4625
2025-11-28 11:35:01,463 | WARNING | Bad timestamp at line 184: 11/28/2025 11:58:49 AM -EventID: 4625
2025-11-28 11:35:01,463 | WARNING | Bad timestamp at line 185: 11/28/2025 12:16:49 PM -EventID: 4625
2025-11-28 11:35:01,463 | WARNING | Bad timestamp at line 186: 11/28/2025 11:50:49 AM -EventID: 4625
2025-11-28 11:35:01,464 | WARNING | Bad timestamp at line 187: 11/28/2025 01:21:49 PM -EventID: 4625
2025-11-28 11:35:01,464 | WARNING | Bad timestamp at line 188: 11/28/2025 11:51:49 AM -EventID: 4625
2025-11-28 11:35:01,464 | WARNING | Bad timestamp at line 189: 11/28/2025 12:46:49 PM -EventID: 4625
2025-11-28 11:35:01,464 | WARNING | Bad timestamp at line 190: 11/28/2025 12:04:49 PM -EventID: 4625
2025-11-28 11:35:01,464 | WARNING | Bad timestamp at line 192: 11/28/2025 12:16:49 PM -EventID: 4625
2025-11-28 11:35:01,464 | WARNING | Bad timestamp at line 193: 11/28/2025 12:23:49 PM -EventID: 4625
2025-11-28 11:35:01,465 | WARNING | Bad timestamp at line 194: 11/28/2025 12:51:49 PM -EventID: 4625
2025-11-28 11:35:01,465 | WARNING | Bad timestamp at line 195: 11/28/2025 12:41:49 PM -EventID: 4625
2025-11-28 11:35:01,465 | WARNING | Bad timestamp at line 196: 11/28/2025 01:05:49 PM -EventID: 4625
2025-11-28 11:35:01,465 | WARNING | Bad timestamp at line 197: 11/28/2025 01:22:49 PM -EventID: 4625
2025-11-28 11:35:01,465 | WARNING | Bad timestamp at line 198: 11/28/2025 01:20:49 PM -EventID: 4625
2025-11-28 11:35:01,465 | WARNING | Bad timestamp at line 199: 11/28/2025 12:14:49 PM -EventID: 4625
2025-11-28 11:35:01,465 | WARNING | Bad timestamp at line 200: 11/28/2025 11:46:49 AM -EventID: 4625
2025-11-28 11:35:01,466 | WARNING | Bad timestamp at line 201: 11/28/2025 12:45:49 PM -EventID: 4625
2025-11-28 11:35:01,466 | WARNING | Bad timestamp at line 202: 11/28/2025 12:04:49 PM -EventID: 4625
2025-11-28 11:35:01,466 | WARNING | Bad timestamp at line 203: 11/28/2025 01:00:49 PM -EventID: 4625
2025-11-28 11:35:01,466 | WARNING | Bad timestamp at line 204: 11/28/2025 12:00:49 PM -EventID: 4625
2025-11-28 11:35:01,466 | WARNING | Bad timestamp at line 205: 11/28/2025 12:05:49 PM -EventID: 4625
2025-11-28 11:35:01,466 | WARNING | Bad timestamp at line 206: 11/28/2025 01:01:49 PM -EventID: 4625
2025-11-28 11:35:01,467 | WARNING | Bad timestamp at line 207: 11/28/2025 11:36:49 AM -EventID: 4625
2025-11-28 11:35:01,467 | WARNING | Bad timestamp at line 208: 11/28/2025 01:17:49 PM -EventID: 4625
2025-11-28 11:35:01,467 | WARNING | Bad timestamp at line 209: 11/28/2025 12:41:49 PM -EventID: 4625
2025-11-28 11:35:01,467 | WARNING | Bad timestamp at line 210: 11/28/2025 12:56:49 PM -EventID: 4625
2025-11-28 11:35:01,467 | WARNING | Bad timestamp at line 211: 11/28/2025 01:07:49 PM -EventID: 4625
2025-11-28 11:35:01,467 | WARNING | Bad timestamp at line 212: 11/28/2025 12:38:49 PM -EventID: 4625
2025-11-28 11:35:01,468 | WARNING | Bad timestamp at line 213: 11/28/2025 11:51:49 AM -EventID: 4625
2025-11-28 11:35:01,468 | WARNING | Bad timestamp at line 214: 11/28/2025 01:09:49 PM -EventID: 4625
2025-11-28 11:35:01,468 | WARNING | Bad timestamp at line 215: 11/28/2025 12:37:49 PM -EventID: 4625
2025-11-28 11:35:01,468 | WARNING | Bad timestamp at line 216: 11/28/2025 12:03:49 PM -EventID: 4625
2025-11-28 11:35:01,468 | WARNING | Bad timestamp at line 217: 11/28/2025 12:12:49 PM -EventID: 4625
2025-11-28 11:35:01,468 | WARNING | Bad timestamp at line 218: 11/28/2025 12:44:49 PM -EventID: 4625
2025-11-28 11:35:01,468 | WARNING | Bad timestamp at line 219: 11/28/2025 01:06:49 PM -EventID: 4625
2025-11-28 11:35:01,469 | WARNING | Bad timestamp at line 220: 11/28/2025 11:50:49 AM -EventID: 4625
2025-11-28 11:35:01,469 | WARNING | Bad timestamp at line 221: 11/28/2025 12:27:49 PM -EventID: 4625
2025-11-28 11:35:01,469 | WARNING | Bad timestamp at line 222: 11/28/2025 01:24:49 PM -EventID: 4625
2025-11-28 11:35:01,469 | WARNING | Bad timestamp at line 223: 11/28/2025 12:11:49 PM -EventID: 4625
2025-11-28 11:35:01,469 | WARNING | Bad timestamp at line 224: 11/28/2025 12:17:49 PM -EventID: 4625
2025-11-28 11:35:01,469 | WARNING | Bad timestamp at line 225: 11/28/2025 01:08:49 PM -EventID: 4625
2025-11-28 11:35:01,470 | WARNING | Bad timestamp at line 227: 11/28/2025 12:13:49 PM -EventID: 4625
2025-11-28 11:35:01,470 | WARNING | Bad timestamp at line 228: 11/28/2025 01:02:49 PM -EventID: 4625
2025-11-28 11:35:01,470 | WARNING | Bad timestamp at line 229: 11/28/2025 12:26:49 PM -EventID: 4625
2025-11-28 11:35:01,470 | WARNING | Bad timestamp at line 230: 11/28/2025 12:07:49 PM -EventID: 4625
2025-11-28 11:35:01,470 | WARNING | Bad timestamp at line 231: 11/28/2025 12:18:49 PM -EventID: 4625
2025-11-28 11:35:01,470 | WARNING | Bad timestamp at line 232: 11/28/2025 12:30:49 PM -EventID: 4625
2025-11-28 11:35:01,470 | WARNING | Bad timestamp at line 233: 11/28/2025 01:10:49 PM -EventID: 4625
2025-11-28 11:35:01,470 | WARNING | Bad timestamp at line 234: 11/28/2025 12:36:49 PM -EventID: 4625
2025-11-28 11:35:01,471 | WARNING | Bad timestamp at line 235: 11/28/2025 12:09:49 PM -EventID: 4625
2025-11-28 11:35:01,471 | WARNING | Bad timestamp at line 236: 11/28/2025 11:55:49 AM -EventID: 4625
2025-11-28 11:35:01,471 | WARNING | Bad timestamp at line 237: 11/28/2025 12:11:49 PM -EventID: 4625
2025-11-28 11:35:01,471 | WARNING | Bad timestamp at line 238: 11/28/2025 12:15:49 PM -EventID: 4625
2025-11-28 11:35:01,471 | WARNING | Bad timestamp at line 239: 11/28/2025 12:57:49 PM -EventID: 4625
2025-11-28 11:35:01,471 | WARNING | Bad timestamp at line 240: 11/28/2025 12:40:49 PM -EventID: 4625
2025-11-28 11:35:01,472 | WARNING | Bad timestamp at line 241: 11/28/2025 11:58:49 AM -EventID: 4625
2025-11-28 11:35:01,472 | WARNING | Bad timestamp at line 242: 11/28/2025 12:32:49 PM -EventID: 4625
2025-11-28 11:35:01,472 | WARNING | Bad timestamp at line 243: 11/28/2025 12:37:49 PM -EventID: 4625
2025-11-28 11:35:01,472 | WARNING | Bad timestamp at line 244: 11/28/2025 11:59:49 AM -EventID: 4625
2025-11-28 11:35:01,472 | WARNING | Bad timestamp at line 245: 11/28/2025 11:50:49 AM -EventID: 4625
2025-11-28 11:35:01,472 | WARNING | Bad timestamp at line 246: 11/28/2025 12:04:49 PM -EventID: 4625
2025-11-28 11:35:01,472 | WARNING | Bad timestamp at line 247: 11/28/2025 12:43:49 PM -EventID: 4625
2025-11-28 11:35:01,473 | WARNING | Bad timestamp at line 248: 11/28/2025 01:02:49 PM -EventID: 4625
2025-11-28 11:35:01,473 | WARNING | Bad timestamp at line 249: 11/28/2025 01:16:49 PM -EventID: 4625
2025-11-28 11:35:01,473 | WARNING | Bad timestamp at line 250: 11/28/2025 12:44:49 PM -EventID: 4625
2025-11-28 11:35:01,473 | WARNING | Bad timestamp at line 251: 11/28/2025 12:38:49 PM -EventID: 4625
2025-11-28 11:35:01,473 | WARNING | Bad timestamp at line 252: 11/28/2025 12:26:49 PM -EventID: 4625
2025-11-28 11:35:01,474 | WARNING | Bad timestamp at line 253: 11/28/2025 12:48:49 PM -EventID: 4625
2025-11-28 11:35:01,474 | WARNING | Bad timestamp at line 254: 11/28/2025 12:06:49 PM -EventID: 4625
2025-11-28 11:35:01,474 | WARNING | Bad timestamp at line 255: 11/28/2025 12:20:49 PM -EventID: 4625
2025-11-28 11:35:01,474 | WARNING | Bad timestamp at line 256: 11/28/2025 12:47:49 PM -EventID: 4625
2025-11-28 11:35:01,474 | WARNING | Bad timestamp at line 257: 11/28/2025 11:56:49 AM -EventID: 4625
2025-11-28 11:35:01,474 | WARNING | Bad timestamp at line 258: 11/28/2025 12:10:49 PM -EventID: 4625
2025-11-28 11:35:01,475 | WARNING | Bad timestamp at line 259: 11/28/2025 12:13:49 PM -EventID: 4625
2025-11-28 11:35:01,475 | WARNING | Bad timestamp at line 260: 11/28/2025 12:24:49 PM -EventID: 4625
2025-11-28 11:35:01,475 | WARNING | Bad timestamp at line 261: 11/28/2025 12:55:49 PM -EventID: 4625
2025-11-28 11:35:01,475 | WARNING | Bad timestamp at line 262: 11/28/2025 12:50:49 PM -EventID: 4625
2025-11-28 11:35:01,475 | WARNING | Bad timestamp at line 263: 11/28/2025 01:01:49 PM -EventID: 4625
2025-11-28 11:35:01,475 | WARNING | Bad timestamp at line 264: 11/28/2025 12:48:49 PM -EventID: 4625
2025-11-28 11:35:01,476 | INFO | Parsed 0 failed logins
2025-11-28 11:35:01,476 | INFO | Exported 0 alert(s) to month1/alerts.json
2025-11-28 11:35:01,476 | INFO | No alerts generated.
2025-11-28 11:40:01,594 | INFO | === BRUTE-FORCE DETECTOR STARTED ===
2025-11-28 11:40:01,594 | INFO | Config: {'log_file': 'month1/fake_auth.log', 'output_file': 'month1/alerts.json', 'threshold_count': 3, 'time_window_minutes': 15, 'log_level': 'INFO', 'alert_title': 'BRUTE_FORCE_15MIN', 'smtp_server': 'smtp.gmail.com', 'smtp_port': 587, 'email_from': 'suleephraim1@gmail.com', 'email_to': 'cyberlootkeeper@gmail.com', 'email_password': 'uwijddtfwdtmmony'}
2025-11-28 11:40:01,600 | WARNING | Bad timestamp at line 5: 11/28/2025 01:03:49 PM -EventID: 4625
2025-11-28 11:40:01,600 | WARNING | Bad timestamp at line 6: 11/28/2025 01:12:49 PM -EventID: 4625
2025-11-28 11:40:01,600 | WARNING | Bad timestamp at line 7: 11/28/2025 12:31:49 PM -EventID: 4625
2025-11-28 11:40:01,600 | WARNING | Bad timestamp at line 8: 11/28/2025 12:55:49 PM -EventID: 4625
2025-11-28 11:40:01,601 | WARNING | Bad timestamp at line 9: 11/28/2025 12:24:49 PM -EventID: 4625
2025-11-28 11:40:01,601 | WARNING | Bad timestamp at line 10: 11/28/2025 12:14:49 PM -EventID: 4625
2025-11-28 11:40:01,601 | WARNING | Bad timestamp at line 11: 11/28/2025 12:56:49 PM -EventID: 4625
2025-11-28 11:40:01,601 | WARNING | Bad timestamp at line 12: 11/28/2025 12:19:49 PM -EventID: 4625
2025-11-28 11:40:01,601 | WARNING | Bad timestamp at line 13: 11/28/2025 12:16:49 PM -EventID: 4625
2025-11-28 11:40:01,601 | WARNING | Bad timestamp at line 14: 11/28/2025 01:08:49 PM -EventID: 4625
2025-11-28 11:40:01,602 | WARNING | Bad timestamp at line 15: 11/28/2025 01:16:49 PM -EventID: 4625
2025-11-28 11:40:01,602 | WARNING | Bad timestamp at line 16: 11/28/2025 12:39:49 PM -EventID: 4625
2025-11-28 11:40:01,602 | WARNING | Bad timestamp at line 17: 11/28/2025 01:15:49 PM -EventID: 4625
2025-11-28 11:40:01,602 | WARNING | Bad timestamp at line 18: 11/28/2025 12:06:49 PM -EventID: 4625
2025-11-28 11:40:01,602 | WARNING | Bad timestamp at line 19: 11/28/2025 12:28:49 PM -EventID: 4625
2025-11-28 11:40:01,602 | WARNING | Bad timestamp at line 20: 11/28/2025 11:56:49 AM -EventID: 4625
2025-11-28 11:40:01,602 | WARNING | Bad timestamp at line 21: 11/28/2025 12:19:49 PM -EventID: 4625
2025-11-28 11:40:01,603 | WARNING | Bad timestamp at line 22: 11/28/2025 12:42:49 PM -EventID: 4625
2025-11-28 11:40:01,603 | WARNING | Bad timestamp at line 23: 11/28/2025 12:54:49 PM -EventID: 4625
2025-11-28 11:40:01,603 | WARNING | Bad timestamp at line 24: 11/28/2025 01:18:49 PM -EventID: 4625
2025-11-28 11:40:01,603 | WARNING | Bad timestamp at line 25: 11/28/2025 12:21:49 PM -EventID: 4625
2025-11-28 11:40:01,603 | WARNING | Bad timestamp at line 26: 11/28/2025 11:43:49 AM -EventID: 4625
2025-11-28 11:40:01,603 | WARNING | Bad timestamp at line 27: 11/28/2025 12:27:49 PM -EventID: 4625
2025-11-28 11:40:01,604 | WARNING | Bad timestamp at line 28: 11/28/2025 12:48:49 PM -EventID: 4625
2025-11-28 11:40:01,604 | WARNING | Bad timestamp at line 30: 11/28/2025 11:42:49 AM -EventID: 4625
2025-11-28 11:40:01,604 | WARNING | Bad timestamp at line 31: 11/28/2025 01:12:49 PM -EventID: 4625
2025-11-28 11:40:01,604 | WARNING | Bad timestamp at line 33: 11/28/2025 11:59:49 AM -EventID: 4625
2025-11-28 11:40:01,604 | WARNING | Bad timestamp at line 34: 11/28/2025 01:07:49 PM -EventID: 4625
2025-11-28 11:40:01,604 | WARNING | Bad timestamp at line 35: 11/28/2025 11:54:49 AM -EventID: 4625
2025-11-28 11:40:01,604 | WARNING | Bad timestamp at line 36: 11/28/2025 12:21:49 PM -EventID: 4625
2025-11-28 11:40:01,605 | WARNING | Bad timestamp at line 37: 11/28/2025 12:28:49 PM -EventID: 4625
2025-11-28 11:40:01,605 | WARNING | Bad timestamp at line 38: 11/28/2025 12:40:49 PM -EventID: 4625
2025-11-28 11:40:01,605 | WARNING | Bad timestamp at line 39: 11/28/2025 12:01:49 PM -EventID: 4625
2025-11-28 11:40:01,605 | WARNING | Bad timestamp at line 40: 11/28/2025 12:12:49 PM -EventID: 4625
2025-11-28 11:40:01,605 | WARNING | Bad timestamp at line 41: 11/28/2025 11:53:49 AM -EventID: 4625
2025-11-28 11:40:01,605 | WARNING | Bad timestamp at line 42: 11/28/2025 11:41:49 AM -EventID: 4625
2025-11-28 11:40:01,606 | WARNING | Bad timestamp at line 43: 11/28/2025 11:56:49 AM -EventID: 4625
2025-11-28 11:40:01,606 | WARNING | Bad timestamp at line 44: 11/28/2025 11:55:49 AM -EventID: 4625
2025-11-28 11:40:01,606 | WARNING | Bad timestamp at line 45: 11/28/2025 12:10:49 PM -EventID: 4625
2025-11-28 11:40:01,606 | WARNING | Bad timestamp at line 46: 11/28/2025 11:46:49 AM -EventID: 4625
2025-11-28 11:40:01,606 | WARNING | Bad timestamp at line 47: 11/28/2025 12:22:49 PM -EventID: 4625
2025-11-28 11:40:01,606 | WARNING | Bad timestamp at line 48: 11/28/2025 12:35:49 PM -EventID: 4625
2025-11-28 11:40:01,606 | WARNING | Bad timestamp at line 49: 11/28/2025 01:18:49 PM -EventID: 4625
2025-11-28 11:40:01,606 | WARNING | Bad timestamp at line 50: 11/28/2025 11:52:49 AM -EventID: 4625
2025-11-28 11:40:01,607 | WARNING | Bad timestamp at line 51: 11/28/2025 11:47:49 AM -EventID: 4625
2025-11-28 11:40:01,607 | WARNING | Bad timestamp at line 52: 11/28/2025 12:18:49 PM -EventID: 4625
2025-11-28 11:40:01,607 | WARNING | Bad timestamp at line 53: 11/28/2025 12:14:49 PM -EventID: 4625
2025-11-28 11:40:01,607 | WARNING | Bad timestamp at line 54: 11/28/2025 12:50:49 PM -EventID: 4625
2025-11-28 11:40:01,607 | WARNING | Bad timestamp at line 55: 11/28/2025 12:46:49 PM -EventID: 4625
2025-11-28 11:40:01,607 | WARNING | Bad timestamp at line 56: 11/28/2025 11:34:49 AM -EventID: 4625
2025-11-28 11:40:01,607 | WARNING | Bad timestamp at line 57: 11/28/2025 01:02:49 PM -EventID: 4625
2025-11-28 11:40:01,607 | WARNING | Bad timestamp at line 58: 11/28/2025 12:29:49 PM -EventID: 4625
2025-11-28 11:40:01,607 | WARNING | Bad timestamp at line 59: 11/28/2025 12:25:49 PM -EventID: 4625
2025-11-28 11:40:01,607 | WARNING | Bad timestamp at line 60: 11/28/2025 12:18:49 PM -EventID: 4625
2025-11-28 11:40:01,608 | WARNING | Bad timestamp at line 61: 11/28/2025 01:08:49 PM -EventID: 4625
2025-11-28 11:40:01,608 | WARNING | Bad timestamp at line 62: 11/28/2025 11:53:49 AM -EventID: 4625
2025-11-28 11:40:01,608 | WARNING | Bad timestamp at line 63: 11/28/2025 11:52:49 AM -EventID: 4625
2025-11-28 11:40:01,608 | WARNING | Bad timestamp at line 64: 11/28/2025 11:49:49 AM -EventID: 4625
2025-11-28 11:40:01,608 | WARNING | Bad timestamp at line 65: 11/28/2025 12:10:49 PM -EventID: 4625
2025-11-28 11:40:01,608 | WARNING | Bad timestamp at line 66: 11/28/2025 12:58:49 PM -EventID: 4625
2025-11-28 11:40:01,608 | WARNING | Bad timestamp at line 67: 11/28/2025 12:36:49 PM -EventID: 4625
2025-11-28 11:40:01,608 | WARNING | Bad timestamp at line 68: 11/28/2025 12:32:49 PM -EventID: 4625
2025-11-28 11:40:01,608 | WARNING | Bad timestamp at line 69: 11/28/2025 01:00:49 PM -EventID: 4625
2025-11-28 11:40:01,608 | WARNING | Bad timestamp at line 70: 11/28/2025 12:12:49 PM -EventID: 4625
2025-11-28 11:40:01,608 | WARNING | Bad timestamp at line 71: 11/28/2025 12:28:49 PM -EventID: 4625
2025-11-28 11:40:01,608 | WARNING | Bad timestamp at line 72: 11/28/2025 01:06:49 PM -EventID: 4625
2025-11-28 11:40:01,609 | WARNING | Bad timestamp at line 73: 11/28/2025 11:38:49 AM -EventID: 4625
2025-11-28 11:40:01,609 | WARNING | Bad timestamp at line 74: 11/28/2025 11:48:49 AM -EventID: 4625
2025-11-28 11:40:01,609 | WARNING | Bad timestamp at line 75: 11/28/2025 12:09:49 PM -EventID: 4625
2025-11-28 11:40:01,609 | WARNING | Bad timestamp at line 76: 11/28/2025 11:44:49 AM -EventID: 4625
2025-11-28 11:40:01,609 | WARNING | Bad timestamp at line 77: 11/28/2025 11:37:49 AM -EventID: 4625
2025-11-28 11:40:01,609 | WARNING | Bad timestamp at line 78: 11/28/2025 12:40:49 PM -EventID: 4625
2025-11-28 11:40:01,609 | WARNING | Bad timestamp at line 79: 11/28/2025 12:50:49 PM -EventID: 4625
2025-11-28 11:40:01,609 | WARNING | Bad timestamp at line 80: 11/28/2025 12:33:49 PM -EventID: 4625
2025-11-28 11:40:01,609 | WARNING | Bad timestamp at line 81: 11/28/2025 12:39:49 PM -EventID: 4625
2025-11-28 11:40:01,609 | WARNING | Bad timestamp at line 82: 11/28/2025 12:00:49 PM -EventID: 4625
2025-11-28 11:40:01,609 | WARNING | Bad timestamp at line 83: 11/28/2025 01:10:49 PM -EventID: 4625
2025-11-28 11:40:01,609 | WARNING | Bad timestamp at line 84: 11/28/2025 12:01:49 PM -EventID: 4625
2025-11-28 11:40:01,610 | WARNING | Bad timestamp at line 85: 11/28/2025 12:34:49 PM -EventID: 4625
2025-11-28 11:40:01,610 | WARNING | Bad timestamp at line 86: 11/28/2025 01:05:49 PM -EventID: 4625
2025-11-28 11:40:01,610 | WARNING | Bad timestamp at line 87: 11/28/2025 12:51:49 PM -EventID: 4625
2025-11-28 11:40:01,610 | WARNING | Bad timestamp at line 88: 11/28/2025 12:38:49 PM -EventID: 4625
2025-11-28 11:40:01,610 | WARNING | Bad timestamp at line 89: 11/28/2025 12:59:49 PM -EventID: 4625
2025-11-28 11:40:01,610 | WARNING | Bad timestamp at line 90: 11/28/2025 12:52:49 PM -EventID: 4625
2025-11-28 11:40:01,610 | WARNING | Bad timestamp at line 91: 11/28/2025 01:10:49 PM -EventID: 4625
2025-11-28 11:40:01,610 | WARNING | Bad timestamp at line 92: 11/28/2025 11:43:49 AM -EventID: 4625
2025-11-28 11:40:01,610 | WARNING | Bad timestamp at line 94: 11/28/2025 11:48:49 AM -EventID: 4625
2025-11-28 11:40:01,610 | WARNING | Bad timestamp at line 95: 11/28/2025 12:26:49 PM -EventID: 4625
2025-11-28 11:40:01,610 | WARNING | Bad timestamp at line 96: 11/28/2025 12:52:49 PM -EventID: 4625
2025-11-28 11:40:01,610 | WARNING | Bad timestamp at line 98: 11/28/2025 12:20:49 PM -EventID: 4625
2025-11-28 11:40:01,611 | WARNING | Bad timestamp at line 99: 11/28/2025 11:49:49 AM -EventID: 4625
2025-11-28 11:40:01,611 | WARNING | Bad timestamp at line 100: 11/28/2025 12:15:49 PM -EventID: 4625
2025-11-28 11:40:01,611 | WARNING | Bad timestamp at line 101: 11/28/2025 12:49:49 PM -EventID: 4625
2025-11-28 11:40:01,611 | WARNING | Bad timestamp at line 102: 11/28/2025 12:54:49 PM -EventID: 4625
2025-11-28 11:40:01,611 | WARNING | Bad timestamp at line 103: 11/28/2025 01:06:49 PM -EventID: 4625
2025-11-28 11:40:01,611 | WARNING | Bad timestamp at line 104: 11/28/2025 11:40:49 AM -EventID: 4625
2025-11-28 11:40:01,611 | WARNING | Bad timestamp at line 105: 11/28/2025 11:58:49 AM -EventID: 4625
2025-11-28 11:40:01,611 | WARNING | Bad timestamp at line 106: 11/28/2025 12:32:49 PM -EventID: 4625
2025-11-28 11:40:01,611 | WARNING | Bad timestamp at line 107: 11/28/2025 12:02:49 PM -EventID: 4625
2025-11-28 11:40:01,611 | WARNING | Bad timestamp at line 108: 11/28/2025 11:40:49 AM -EventID: 4625
2025-11-28 11:40:01,611 | WARNING | Bad timestamp at line 109: 11/28/2025 11:48:49 AM -EventID: 4625
2025-11-28 11:40:01,612 | WARNING | Bad timestamp at line 110: 11/28/2025 12:43:49 PM -EventID: 4625
2025-11-28 11:40:01,612 | WARNING | Bad timestamp at line 111: 11/28/2025 01:15:49 PM -EventID: 4625
2025-11-28 11:40:01,612 | WARNING | Bad timestamp at line 112: 11/28/2025 12:25:49 PM -EventID: 4625
2025-11-28 11:40:01,612 | WARNING | Bad timestamp at line 113: 11/28/2025 12:05:49 PM -EventID: 4625
2025-11-28 11:40:01,612 | WARNING | Bad timestamp at line 114: 11/28/2025 01:03:49 PM -EventID: 4625
2025-11-28 11:40:01,612 | WARNING | Bad timestamp at line 115: 11/28/2025 11:52:49 AM -EventID: 4625
2025-11-28 11:40:01,612 | WARNING | Bad timestamp at line 116: 11/28/2025 12:42:49 PM -EventID: 4625
2025-11-28 11:40:01,613 | WARNING | Bad timestamp at line 117: 11/28/2025 12:20:49 PM -EventID: 4625
2025-11-28 11:40:01,613 | WARNING | Bad timestamp at line 118: 11/28/2025 11:42:49 AM -EventID: 4625
2025-11-28 11:40:01,613 | WARNING | Bad timestamp at line 119: 11/28/2025 12:08:49 PM -EventID: 4625
2025-11-28 11:40:01,613 | WARNING | Bad timestamp at line 120: 11/28/2025 12:23:49 PM -EventID: 4625
2025-11-28 11:40:01,613 | WARNING | Bad timestamp at line 121: 11/28/2025 12:30:49 PM -EventID: 4625
2025-11-28 11:40:01,613 | WARNING | Bad timestamp at line 122: 11/28/2025 12:58:49 PM -EventID: 4625
2025-11-28 11:40:01,613 | WARNING | Bad timestamp at line 123: 11/28/2025 11:47:49 AM -EventID: 4625
2025-11-28 11:40:01,614 | WARNING | Bad timestamp at line 124: 11/28/2025 12:56:49 PM -EventID: 4625
2025-11-28 11:40:01,614 | WARNING | Bad timestamp at line 125: 11/28/2025 12:03:49 PM -EventID: 4625
2025-11-28 11:40:01,614 | WARNING | Bad timestamp at line 127: 11/28/2025 01:09:49 PM -EventID: 4625
2025-11-28 11:40:01,614 | WARNING | Bad timestamp at line 128: 11/28/2025 01:13:49 PM -EventID: 4625
2025-11-28 11:40:01,614 | WARNING | Bad timestamp at line 129: 11/28/2025 01:04:49 PM -EventID: 4625
2025-11-28 11:40:01,614 | WARNING | Bad timestamp at line 130: 11/28/2025 01:19:49 PM -EventID: 4625
2025-11-28 11:40:01,615 | WARNING | Bad timestamp at line 131: 11/28/2025 12:08:49 PM -EventID: 4625
2025-11-28 11:40:01,615 | WARNING | Bad timestamp at line 132: 11/28/2025 12:46:49 PM -EventID: 4625
2025-11-28 11:40:01,615 | WARNING | Bad timestamp at line 133: 11/28/2025 12:36:49 PM -EventID: 4625
2025-11-28 11:40:01,615 | WARNING | Bad timestamp at line 134: 11/28/2025 12:53:49 PM -EventID: 4625
2025-11-28 11:40:01,615 | WARNING | Bad timestamp at line 135: 11/28/2025 12:00:49 PM -EventID: 4625
2025-11-28 11:40:01,615 | WARNING | Bad timestamp at line 136: 11/28/2025 01:14:49 PM -EventID: 4625
2025-11-28 11:40:01,615 | WARNING | Bad timestamp at line 137: 11/28/2025 11:39:49 AM -EventID: 4625
2025-11-28 11:40:01,616 | WARNING | Bad timestamp at line 138: 11/28/2025 01:14:49 PM -EventID: 4625
2025-11-28 11:40:01,616 | WARNING | Bad timestamp at line 139: 11/28/2025 11:54:49 AM -EventID: 4625
2025-11-28 11:40:01,616 | WARNING | Bad timestamp at line 140: 11/28/2025 12:34:49 PM -EventID: 4625
2025-11-28 11:40:01,616 | WARNING | Bad timestamp at line 141: 11/28/2025 12:49:49 PM -EventID: 4625
2025-11-28 11:40:01,616 | WARNING | Bad timestamp at line 142: 11/28/2025 12:30:49 PM -EventID: 4625
2025-11-28 11:40:01,616 | WARNING | Bad timestamp at line 143: 11/28/2025 12:42:49 PM -EventID: 4625
2025-11-28 11:40:01,617 | WARNING | Bad timestamp at line 144: 11/28/2025 12:31:49 PM -EventID: 4625
2025-11-28 11:40:01,617 | WARNING | Bad timestamp at line 145: 11/28/2025 12:57:49 PM -EventID: 4625
2025-11-28 11:40:01,617 | WARNING | Bad timestamp at line 146: 11/28/2025 11:45:49 AM -EventID: 4625
2025-11-28 11:40:01,617 | WARNING | Bad timestamp at line 147: 11/28/2025 12:06:49 PM -EventID: 4625
2025-11-28 11:40:01,617 | WARNING | Bad timestamp at line 148: 11/28/2025 12:52:49 PM -EventID: 4625
2025-11-28 11:40:01,617 | WARNING | Bad timestamp at line 149: 11/28/2025 12:47:49 PM -EventID: 4625
2025-11-28 11:40:01,617 | WARNING | Bad timestamp at line 150: 11/28/2025 12:59:49 PM -EventID: 4625
2025-11-28 11:40:01,617 | WARNING | Bad timestamp at line 151: 11/28/2025 12:22:49 PM -EventID: 4625
2025-11-28 11:40:01,618 | WARNING | Bad timestamp at line 152: 11/28/2025 11:44:49 AM -EventID: 4625
2025-11-28 11:40:01,618 | WARNING | Bad timestamp at line 153: 11/28/2025 12:08:49 PM -EventID: 4625
2025-11-28 11:40:01,618 | WARNING | Bad timestamp at line 154: 11/28/2025 01:04:49 PM -EventID: 4625
2025-11-28 11:40:01,618 | WARNING | Bad timestamp at line 155: 11/28/2025 12:58:49 PM -EventID: 4625
2025-11-28 11:40:01,618 | WARNING | Bad timestamp at line 156: 11/28/2025 01:00:49 PM -EventID: 4625
2025-11-28 11:40:01,618 | WARNING | Bad timestamp at line 157: 11/28/2025 12:02:49 PM -EventID: 4625
2025-11-28 11:40:01,618 | WARNING | Bad timestamp at line 158: 11/28/2025 12:54:49 PM -EventID: 4625
2025-11-28 11:40:01,618 | WARNING | Bad timestamp at line 159: 11/28/2025 12:07:49 PM -EventID: 4625
2025-11-28 11:40:01,618 | WARNING | Bad timestamp at line 161: 11/28/2025 12:44:49 PM -EventID: 4625
2025-11-28 11:40:01,618 | WARNING | Bad timestamp at line 162: 11/28/2025 12:22:49 PM -EventID: 4625
2025-11-28 11:40:01,619 | WARNING | Bad timestamp at line 163: 11/28/2025 11:46:49 AM -EventID: 4625
2025-11-28 11:40:01,619 | WARNING | Bad timestamp at line 164: 11/28/2025 11:57:49 AM -EventID: 4625
2025-11-28 11:40:01,619 | WARNING | Bad timestamp at line 165: 11/28/2025 01:13:49 PM -EventID: 4625
2025-11-28 11:40:01,619 | WARNING | Bad timestamp at line 166: 11/28/2025 12:34:49 PM -EventID: 4625
2025-11-28 11:40:01,619 | WARNING | Bad timestamp at line 168: 11/28/2025 12:17:49 PM -EventID: 4625
2025-11-28 11:40:01,619 | WARNING | Bad timestamp at line 169: 11/28/2025 12:53:49 PM -EventID: 4625
2025-11-28 11:40:01,619 | WARNING | Bad timestamp at line 170: 11/28/2025 11:45:49 AM -EventID: 4625
2025-11-28 11:40:01,619 | WARNING | Bad timestamp at line 171: 11/28/2025 01:04:49 PM -EventID: 4625
2025-11-28 11:40:01,620 | WARNING | Bad timestamp at line 172: 11/28/2025 11:57:49 AM -EventID: 4625
2025-11-28 11:40:01,620 | WARNING | Bad timestamp at line 173: 11/28/2025 12:02:49 PM -EventID: 4625
2025-11-28 11:40:01,620 | WARNING | Bad timestamp at line 174: 11/28/2025 11:54:49 AM -EventID: 4625
2025-11-28 11:40:01,620 | WARNING | Bad timestamp at line 175: 11/28/2025 01:11:49 PM -EventID: 4625
2025-11-28 11:40:01,620 | WARNING | Bad timestamp at line 177: 11/28/2025 12:35:49 PM -EventID: 4625
2025-11-28 11:40:01,620 | WARNING | Bad timestamp at line 178: 11/28/2025 12:29:49 PM -EventID: 4625
2025-11-28 11:40:01,620 | WARNING | Bad timestamp at line 179: 11/28/2025 12:33:49 PM -EventID: 4625
2025-11-28 11:40:01,621 | WARNING | Bad timestamp at line 180: 11/28/2025 01:11:49 PM -EventID: 4625
2025-11-28 11:40:01,621 | WARNING | Bad timestamp at line 181: 11/28/2025 12:24:49 PM -EventID: 4625
2025-11-28 11:40:01,621 | WARNING | Bad timestamp at line 182: 11/28/2025 01:12:49 PM -EventID: 4625
2025-11-28 11:40:01,621 | WARNING | Bad timestamp at line 183: 11/28/2025 12:45:49 PM -EventID: 4625
2025-11-28 11:40:01,621 | WARNING | Bad timestamp at line 184: 11/28/2025 11:58:49 AM -EventID: 4625
2025-11-28 11:40:01,621 | WARNING | Bad timestamp at line 185: 11/28/2025 12:16:49 PM -EventID: 4625
2025-11-28 11:40:01,621 | WARNING | Bad timestamp at line 186: 11/28/2025 11:50:49 AM -EventID: 4625
2025-11-28 11:40:01,622 | WARNING | Bad timestamp at line 187: 11/28/2025 01:21:49 PM -EventID: 4625
2025-11-28 11:40:01,622 | WARNING | Bad timestamp at line 188: 11/28/2025 11:51:49 AM -EventID: 4625
2025-11-28 11:40:01,622 | WARNING | Bad timestamp at line 189: 11/28/2025 12:46:49 PM -EventID: 4625
2025-11-28 11:40:01,622 | WARNING | Bad timestamp at line 190: 11/28/2025 12:04:49 PM -EventID: 4625
2025-11-28 11:40:01,622 | WARNING | Bad timestamp at line 192: 11/28/2025 12:16:49 PM -EventID: 4625
2025-11-28 11:40:01,622 | WARNING | Bad timestamp at line 193: 11/28/2025 12:23:49 PM -EventID: 4625
2025-11-28 11:40:01,623 | WARNING | Bad timestamp at line 194: 11/28/2025 12:51:49 PM -EventID: 4625
2025-11-28 11:40:01,623 | WARNING | Bad timestamp at line 195: 11/28/2025 12:41:49 PM -EventID: 4625
2025-11-28 11:40:01,623 | WARNING | Bad timestamp at line 196: 11/28/2025 01:05:49 PM -EventID: 4625
2025-11-28 11:40:01,623 | WARNING | Bad timestamp at line 197: 11/28/2025 01:22:49 PM -EventID: 4625
2025-11-28 11:40:01,623 | WARNING | Bad timestamp at line 198: 11/28/2025 01:20:49 PM -EventID: 4625
2025-11-28 11:40:01,623 | WARNING | Bad timestamp at line 199: 11/28/2025 12:14:49 PM -EventID: 4625
2025-11-28 11:40:01,623 | WARNING | Bad timestamp at line 200: 11/28/2025 11:46:49 AM -EventID: 4625
2025-11-28 11:40:01,624 | WARNING | Bad timestamp at line 201: 11/28/2025 12:45:49 PM -EventID: 4625
2025-11-28 11:40:01,624 | WARNING | Bad timestamp at line 202: 11/28/2025 12:04:49 PM -EventID: 4625
2025-11-28 11:40:01,624 | WARNING | Bad timestamp at line 203: 11/28/2025 01:00:49 PM -EventID: 4625
2025-11-28 11:40:01,624 | WARNING | Bad timestamp at line 204: 11/28/2025 12:00:49 PM -EventID: 4625
2025-11-28 11:40:01,624 | WARNING | Bad timestamp at line 205: 11/28/2025 12:05:49 PM -EventID: 4625
2025-11-28 11:40:01,624 | WARNING | Bad timestamp at line 206: 11/28/2025 01:01:49 PM -EventID: 4625
2025-11-28 11:40:01,624 | WARNING | Bad timestamp at line 207: 11/28/2025 11:36:49 AM -EventID: 4625
2025-11-28 11:40:01,624 | WARNING | Bad timestamp at line 208: 11/28/2025 01:17:49 PM -EventID: 4625
2025-11-28 11:40:01,625 | WARNING | Bad timestamp at line 209: 11/28/2025 12:41:49 PM -EventID: 4625
2025-11-28 11:40:01,625 | WARNING | Bad timestamp at line 210: 11/28/2025 12:56:49 PM -EventID: 4625
2025-11-28 11:40:01,625 | WARNING | Bad timestamp at line 211: 11/28/2025 01:07:49 PM -EventID: 4625
2025-11-28 11:40:01,625 | WARNING | Bad timestamp at line 212: 11/28/2025 12:38:49 PM -EventID: 4625
2025-11-28 11:40:01,625 | WARNING | Bad timestamp at line 213: 11/28/2025 11:51:49 AM -EventID: 4625
2025-11-28 11:40:01,625 | WARNING | Bad timestamp at line 214: 11/28/2025 01:09:49 PM -EventID: 4625
2025-11-28 11:40:01,625 | WARNING | Bad timestamp at line 215: 11/28/2025 12:37:49 PM -EventID: 4625
2025-11-28 11:40:01,625 | WARNING | Bad timestamp at line 216: 11/28/2025 12:03:49 PM -EventID: 4625
2025-11-28 11:40:01,625 | WARNING | Bad timestamp at line 217: 11/28/2025 12:12:49 PM -EventID: 4625
2025-11-28 11:40:01,625 | WARNING | Bad timestamp at line 218: 11/28/2025 12:44:49 PM -EventID: 4625
2025-11-28 11:40:01,626 | WARNING | Bad timestamp at line 219: 11/28/2025 01:06:49 PM -EventID: 4625
2025-11-28 11:40:01,626 | WARNING | Bad timestamp at line 220: 11/28/2025 11:50:49 AM -EventID: 4625
2025-11-28 11:40:01,626 | WARNING | Bad timestamp at line 221: 11/28/2025 12:27:49 PM -EventID: 4625
2025-11-28 11:40:01,626 | WARNING | Bad timestamp at line 222: 11/28/2025 01:24:49 PM -EventID: 4625
2025-11-28 11:40:01,626 | WARNING | Bad timestamp at line 223: 11/28/2025 12:11:49 PM -EventID: 4625
2025-11-28 11:40:01,626 | WARNING | Bad timestamp at line 224: 11/28/2025 12:17:49 PM -EventID: 4625
2025-11-28 11:40:01,626 | WARNING | Bad timestamp at line 225: 11/28/2025 01:08:49 PM -EventID: 4625
2025-11-28 11:40:01,626 | WARNING | Bad timestamp at line 227: 11/28/2025 12:13:49 PM -EventID: 4625
2025-11-28 11:40:01,627 | WARNING | Bad timestamp at line 228: 11/28/2025 01:02:49 PM -EventID: 4625
2025-11-28 11:40:01,627 | WARNING | Bad timestamp at line 229: 11/28/2025 12:26:49 PM -EventID: 4625
2025-11-28 11:40:01,627 | WARNING | Bad timestamp at line 230: 11/28/2025 12:07:49 PM -EventID: 4625
2025-11-28 11:40:01,627 | WARNING | Bad timestamp at line 231: 11/28/2025 12:18:49 PM -EventID: 4625
2025-11-28 11:40:01,627 | WARNING | Bad timestamp at line 232: 11/28/2025 12:30:49 PM -EventID: 4625
2025-11-28 11:40:01,627 | WARNING | Bad timestamp at line 233: 11/28/2025 01:10:49 PM -EventID: 4625
2025-11-28 11:40:01,628 | WARNING | Bad timestamp at line 234: 11/28/2025 12:36:49 PM -EventID: 4625
2025-11-28 11:40:01,628 | WARNING | Bad timestamp at line 235: 11/28/2025 12:09:49 PM -EventID: 4625
2025-11-28 11:40:01,628 | WARNING | Bad timestamp at line 236: 11/28/2025 11:55:49 AM -EventID: 4625
2025-11-28 11:40:01,628 | WARNING | Bad timestamp at line 237: 11/28/2025 12:11:49 PM -EventID: 4625
2025-11-28 11:40:01,628 | WARNING | Bad timestamp at line 238: 11/28/2025 12:15:49 PM -EventID: 4625
2025-11-28 11:40:01,628 | WARNING | Bad timestamp at line 239: 11/28/2025 12:57:49 PM -EventID: 4625
2025-11-28 11:40:01,628 | WARNING | Bad timestamp at line 240: 11/28/2025 12:40:49 PM -EventID: 4625
2025-11-28 11:40:01,629 | WARNING | Bad timestamp at line 241: 11/28/2025 11:58:49 AM -EventID: 4625
2025-11-28 11:40:01,629 | WARNING | Bad timestamp at line 242: 11/28/2025 12:32:49 PM -EventID: 4625
2025-11-28 11:40:01,629 | WARNING | Bad timestamp at line 243: 11/28/2025 12:37:49 PM -EventID: 4625
2025-11-28 11:40:01,629 | WARNING | Bad timestamp at line 244: 11/28/2025 11:59:49 AM -EventID: 4625
2025-11-28 11:40:01,629 | WARNING | Bad timestamp at line 245: 11/28/2025 11:50:49 AM -EventID: 4625
2025-11-28 11:40:01,629 | WARNING | Bad timestamp at line 246: 11/28/2025 12:04:49 PM -EventID: 4625
2025-11-28 11:40:01,630 | WARNING | Bad timestamp at line 247: 11/28/2025 12:43:49 PM -EventID: 4625
2025-11-28 11:40:01,630 | WARNING | Bad timestamp at line 248: 11/28/2025 01:02:49 PM -EventID: 4625
2025-11-28 11:40:01,630 | WARNING | Bad timestamp at line 249: 11/28/2025 01:16:49 PM -EventID: 4625
2025-11-28 11:40:01,630 | WARNING | Bad timestamp at line 250: 11/28/2025 12:44:49 PM -EventID: 4625
2025-11-28 11:40:01,630 | WARNING | Bad timestamp at line 251: 11/28/2025 12:38:49 PM -EventID: 4625
2025-11-28 11:40:01,630 | WARNING | Bad timestamp at line 252: 11/28/2025 12:26:49 PM -EventID: 4625
2025-11-28 11:40:01,630 | WARNING | Bad timestamp at line 253: 11/28/2025 12:48:49 PM -EventID: 4625
2025-11-28 11:40:01,631 | WARNING | Bad timestamp at line 254: 11/28/2025 12:06:49 PM -EventID: 4625
2025-11-28 11:40:01,631 | WARNING | Bad timestamp at line 255: 11/28/2025 12:20:49 PM -EventID: 4625
2025-11-28 11:40:01,631 | WARNING | Bad timestamp at line 256: 11/28/2025 12:47:49 PM -EventID: 4625
2025-11-28 11:40:01,631 | WARNING | Bad timestamp at line 257: 11/28/2025 11:56:49 AM -EventID: 4625
2025-11-28 11:40:01,631 | WARNING | Bad timestamp at line 258: 11/28/2025 12:10:49 PM -EventID: 4625
2025-11-28 11:40:01,631 | WARNING | Bad timestamp at line 259: 11/28/2025 12:13:49 PM -EventID: 4625
2025-11-28 11:40:01,631 | WARNING | Bad timestamp at line 260: 11/28/2025 12:24:49 PM -EventID: 4625
2025-11-28 11:40:01,631 | WARNING | Bad timestamp at line 261: 11/28/2025 12:55:49 PM -EventID: 4625
2025-11-28 11:40:01,631 | WARNING | Bad timestamp at line 262: 11/28/2025 12:50:49 PM -EventID: 4625
2025-11-28 11:40:01,632 | WARNING | Bad timestamp at line 263: 11/28/2025 01:01:49 PM -EventID: 4625
2025-11-28 11:40:01,632 | WARNING | Bad timestamp at line 264: 11/28/2025 12:48:49 PM -EventID: 4625
2025-11-28 11:40:01,632 | INFO | Parsed 0 failed logins
2025-11-28 11:40:01,632 | INFO | Exported 0 alert(s) to month1/alerts.json
2025-11-28 11:40:01,632 | INFO | No alerts generated.
2025-11-28 11:45:01,743 | INFO | === BRUTE-FORCE DETECTOR STARTED ===
2025-11-28 11:45:01,743 | INFO | Config: {'log_file': 'month1/fake_auth.log', 'output_file': 'month1/alerts.json', 'threshold_count': 3, 'time_window_minutes': 15, 'log_level': 'INFO', 'alert_title': 'BRUTE_FORCE_15MIN', 'smtp_server': 'smtp.gmail.com', 'smtp_port': 587, 'email_from': 'suleephraim1@gmail.com', 'email_to': 'cyberlootkeeper@gmail.com', 'email_password': 'uwijddtfwdtmmony'}
2025-11-28 11:45:01,748 | WARNING | Bad timestamp at line 5: 11/28/2025 01:03:49 PM -EventID: 4625
2025-11-28 11:45:01,748 | WARNING | Bad timestamp at line 6: 11/28/2025 01:12:49 PM -EventID: 4625
2025-11-28 11:45:01,748 | WARNING | Bad timestamp at line 7: 11/28/2025 12:31:49 PM -EventID: 4625
2025-11-28 11:45:01,748 | WARNING | Bad timestamp at line 8: 11/28/2025 12:55:49 PM -EventID: 4625
2025-11-28 11:45:01,748 | WARNING | Bad timestamp at line 9: 11/28/2025 12:24:49 PM -EventID: 4625
2025-11-28 11:45:01,748 | WARNING | Bad timestamp at line 10: 11/28/2025 12:14:49 PM -EventID: 4625
2025-11-28 11:45:01,749 | WARNING | Bad timestamp at line 11: 11/28/2025 12:56:49 PM -EventID: 4625
2025-11-28 11:45:01,749 | WARNING | Bad timestamp at line 12: 11/28/2025 12:19:49 PM -EventID: 4625
2025-11-28 11:45:01,749 | WARNING | Bad timestamp at line 13: 11/28/2025 12:16:49 PM -EventID: 4625
2025-11-28 11:45:01,749 | WARNING | Bad timestamp at line 14: 11/28/2025 01:08:49 PM -EventID: 4625
2025-11-28 11:45:01,749 | WARNING | Bad timestamp at line 15: 11/28/2025 01:16:49 PM -EventID: 4625
2025-11-28 11:45:01,749 | WARNING | Bad timestamp at line 16: 11/28/2025 12:39:49 PM -EventID: 4625
2025-11-28 11:45:01,749 | WARNING | Bad timestamp at line 17: 11/28/2025 01:15:49 PM -EventID: 4625
2025-11-28 11:45:01,750 | WARNING | Bad timestamp at line 18: 11/28/2025 12:06:49 PM -EventID: 4625
2025-11-28 11:45:01,750 | WARNING | Bad timestamp at line 19: 11/28/2025 12:28:49 PM -EventID: 4625
2025-11-28 11:45:01,750 | WARNING | Bad timestamp at line 20: 11/28/2025 11:56:49 AM -EventID: 4625
2025-11-28 11:45:01,750 | WARNING | Bad timestamp at line 21: 11/28/2025 12:19:49 PM -EventID: 4625
2025-11-28 11:45:01,750 | WARNING | Bad timestamp at line 22: 11/28/2025 12:42:49 PM -EventID: 4625
2025-11-28 11:45:01,750 | WARNING | Bad timestamp at line 23: 11/28/2025 12:54:49 PM -EventID: 4625
2025-11-28 11:45:01,750 | WARNING | Bad timestamp at line 24: 11/28/2025 01:18:49 PM -EventID: 4625
2025-11-28 11:45:01,750 | WARNING | Bad timestamp at line 25: 11/28/2025 12:21:49 PM -EventID: 4625
2025-11-28 11:45:01,751 | WARNING | Bad timestamp at line 26: 11/28/2025 11:43:49 AM -EventID: 4625
2025-11-28 11:45:01,751 | WARNING | Bad timestamp at line 27: 11/28/2025 12:27:49 PM -EventID: 4625
2025-11-28 11:45:01,751 | WARNING | Bad timestamp at line 28: 11/28/2025 12:48:49 PM -EventID: 4625
2025-11-28 11:45:01,751 | WARNING | Bad timestamp at line 30: 11/28/2025 11:42:49 AM -EventID: 4625
2025-11-28 11:45:01,751 | WARNING | Bad timestamp at line 31: 11/28/2025 01:12:49 PM -EventID: 4625
2025-11-28 11:45:01,751 | WARNING | Bad timestamp at line 33: 11/28/2025 11:59:49 AM -EventID: 4625
2025-11-28 11:45:01,751 | WARNING | Bad timestamp at line 34: 11/28/2025 01:07:49 PM -EventID: 4625
2025-11-28 11:45:01,752 | WARNING | Bad timestamp at line 35: 11/28/2025 11:54:49 AM -EventID: 4625
2025-11-28 11:45:01,752 | WARNING | Bad timestamp at line 36: 11/28/2025 12:21:49 PM -EventID: 4625
2025-11-28 11:45:01,752 | WARNING | Bad timestamp at line 37: 11/28/2025 12:28:49 PM -EventID: 4625
2025-11-28 11:45:01,752 | WARNING | Bad timestamp at line 38: 11/28/2025 12:40:49 PM -EventID: 4625
2025-11-28 11:45:01,752 | WARNING | Bad timestamp at line 39: 11/28/2025 12:01:49 PM -EventID: 4625
2025-11-28 11:45:01,752 | WARNING | Bad timestamp at line 40: 11/28/2025 12:12:49 PM -EventID: 4625
2025-11-28 11:45:01,752 | WARNING | Bad timestamp at line 41: 11/28/2025 11:53:49 AM -EventID: 4625
2025-11-28 11:45:01,752 | WARNING | Bad timestamp at line 42: 11/28/2025 11:41:49 AM -EventID: 4625
2025-11-28 11:45:01,753 | WARNING | Bad timestamp at line 43: 11/28/2025 11:56:49 AM -EventID: 4625
2025-11-28 11:45:01,753 | WARNING | Bad timestamp at line 44: 11/28/2025 11:55:49 AM -EventID: 4625
2025-11-28 11:45:01,753 | WARNING | Bad timestamp at line 45: 11/28/2025 12:10:49 PM -EventID: 4625
2025-11-28 11:45:01,753 | WARNING | Bad timestamp at line 46: 11/28/2025 11:46:49 AM -EventID: 4625
2025-11-28 11:45:01,753 | WARNING | Bad timestamp at line 47: 11/28/2025 12:22:49 PM -EventID: 4625
2025-11-28 11:45:01,753 | WARNING | Bad timestamp at line 48: 11/28/2025 12:35:49 PM -EventID: 4625
2025-11-28 11:45:01,753 | WARNING | Bad timestamp at line 49: 11/28/2025 01:18:49 PM -EventID: 4625
2025-11-28 11:45:01,753 | WARNING | Bad timestamp at line 50: 11/28/2025 11:52:49 AM -EventID: 4625
2025-11-28 11:45:01,754 | WARNING | Bad timestamp at line 51: 11/28/2025 11:47:49 AM -EventID: 4625
2025-11-28 11:45:01,754 | WARNING | Bad timestamp at line 52: 11/28/2025 12:18:49 PM -EventID: 4625
2025-11-28 11:45:01,754 | WARNING | Bad timestamp at line 53: 11/28/2025 12:14:49 PM -EventID: 4625
2025-11-28 11:45:01,754 | WARNING | Bad timestamp at line 54: 11/28/2025 12:50:49 PM -EventID: 4625
2025-11-28 11:45:01,754 | WARNING | Bad timestamp at line 55: 11/28/2025 12:46:49 PM -EventID: 4625
2025-11-28 11:45:01,754 | WARNING | Bad timestamp at line 56: 11/28/2025 11:34:49 AM -EventID: 4625
2025-11-28 11:45:01,754 | WARNING | Bad timestamp at line 57: 11/28/2025 01:02:49 PM -EventID: 4625
2025-11-28 11:45:01,755 | WARNING | Bad timestamp at line 58: 11/28/2025 12:29:49 PM -EventID: 4625
2025-11-28 11:45:01,755 | WARNING | Bad timestamp at line 59: 11/28/2025 12:25:49 PM -EventID: 4625
2025-11-28 11:45:01,755 | WARNING | Bad timestamp at line 60: 11/28/2025 12:18:49 PM -EventID: 4625
2025-11-28 11:45:01,755 | WARNING | Bad timestamp at line 61: 11/28/2025 01:08:49 PM -EventID: 4625
2025-11-28 11:45:01,755 | WARNING | Bad timestamp at line 62: 11/28/2025 11:53:49 AM -EventID: 4625
2025-11-28 11:45:01,755 | WARNING | Bad timestamp at line 63: 11/28/2025 11:52:49 AM -EventID: 4625
2025-11-28 11:45:01,755 | WARNING | Bad timestamp at line 64: 11/28/2025 11:49:49 AM -EventID: 4625
2025-11-28 11:45:01,756 | WARNING | Bad timestamp at line 65: 11/28/2025 12:10:49 PM -EventID: 4625
2025-11-28 11:45:01,756 | WARNING | Bad timestamp at line 66: 11/28/2025 12:58:49 PM -EventID: 4625
2025-11-28 11:45:01,756 | WARNING | Bad timestamp at line 67: 11/28/2025 12:36:49 PM -EventID: 4625
2025-11-28 11:45:01,756 | WARNING | Bad timestamp at line 68: 11/28/2025 12:32:49 PM -EventID: 4625
2025-11-28 11:45:01,756 | WARNING | Bad timestamp at line 69: 11/28/2025 01:00:49 PM -EventID: 4625
2025-11-28 11:45:01,756 | WARNING | Bad timestamp at line 70: 11/28/2025 12:12:49 PM -EventID: 4625
2025-11-28 11:45:01,757 | WARNING | Bad timestamp at line 71: 11/28/2025 12:28:49 PM -EventID: 4625
2025-11-28 11:45:01,757 | WARNING | Bad timestamp at line 72: 11/28/2025 01:06:49 PM -EventID: 4625
2025-11-28 11:45:01,757 | WARNING | Bad timestamp at line 73: 11/28/2025 11:38:49 AM -EventID: 4625
2025-11-28 11:45:01,757 | WARNING | Bad timestamp at line 74: 11/28/2025 11:48:49 AM -EventID: 4625
2025-11-28 11:45:01,757 | WARNING | Bad timestamp at line 75: 11/28/2025 12:09:49 PM -EventID: 4625
2025-11-28 11:45:01,757 | WARNING | Bad timestamp at line 76: 11/28/2025 11:44:49 AM -EventID: 4625
2025-11-28 11:45:01,757 | WARNING | Bad timestamp at line 77: 11/28/2025 11:37:49 AM -EventID: 4625
2025-11-28 11:45:01,758 | WARNING | Bad timestamp at line 78: 11/28/2025 12:40:49 PM -EventID: 4625
2025-11-28 11:45:01,758 | WARNING | Bad timestamp at line 79: 11/28/2025 12:50:49 PM -EventID: 4625
2025-11-28 11:45:01,758 | WARNING | Bad timestamp at line 80: 11/28/2025 12:33:49 PM -EventID: 4625
2025-11-28 11:45:01,758 | WARNING | Bad timestamp at line 81: 11/28/2025 12:39:49 PM -EventID: 4625
2025-11-28 11:45:01,758 | WARNING | Bad timestamp at line 82: 11/28/2025 12:00:49 PM -EventID: 4625
2025-11-28 11:45:01,758 | WARNING | Bad timestamp at line 83: 11/28/2025 01:10:49 PM -EventID: 4625
2025-11-28 11:45:01,758 | WARNING | Bad timestamp at line 84: 11/28/2025 12:01:49 PM -EventID: 4625
2025-11-28 11:45:01,759 | WARNING | Bad timestamp at line 85: 11/28/2025 12:34:49 PM -EventID: 4625
2025-11-28 11:45:01,759 | WARNING | Bad timestamp at line 86: 11/28/2025 01:05:49 PM -EventID: 4625
2025-11-28 11:45:01,759 | WARNING | Bad timestamp at line 87: 11/28/2025 12:51:49 PM -EventID: 4625
2025-11-28 11:45:01,759 | WARNING | Bad timestamp at line 88: 11/28/2025 12:38:49 PM -EventID: 4625
2025-11-28 11:45:01,759 | WARNING | Bad timestamp at line 89: 11/28/2025 12:59:49 PM -EventID: 4625
2025-11-28 11:45:01,759 | WARNING | Bad timestamp at line 90: 11/28/2025 12:52:49 PM -EventID: 4625
2025-11-28 11:45:01,759 | WARNING | Bad timestamp at line 91: 11/28/2025 01:10:49 PM -EventID: 4625
2025-11-28 11:45:01,759 | WARNING | Bad timestamp at line 92: 11/28/2025 11:43:49 AM -EventID: 4625
2025-11-28 11:45:01,759 | WARNING | Bad timestamp at line 94: 11/28/2025 11:48:49 AM -EventID: 4625
2025-11-28 11:45:01,760 | WARNING | Bad timestamp at line 95: 11/28/2025 12:26:49 PM -EventID: 4625
2025-11-28 11:45:01,760 | WARNING | Bad timestamp at line 96: 11/28/2025 12:52:49 PM -EventID: 4625
2025-11-28 11:45:01,760 | WARNING | Bad timestamp at line 98: 11/28/2025 12:20:49 PM -EventID: 4625
2025-11-28 11:45:01,760 | WARNING | Bad timestamp at line 99: 11/28/2025 11:49:49 AM -EventID: 4625
2025-11-28 11:45:01,760 | WARNING | Bad timestamp at line 100: 11/28/2025 12:15:49 PM -EventID: 4625
2025-11-28 11:45:01,760 | WARNING | Bad timestamp at line 101: 11/28/2025 12:49:49 PM -EventID: 4625
2025-11-28 11:45:01,761 | WARNING | Bad timestamp at line 102: 11/28/2025 12:54:49 PM -EventID: 4625
2025-11-28 11:45:01,761 | WARNING | Bad timestamp at line 103: 11/28/2025 01:06:49 PM -EventID: 4625
2025-11-28 11:45:01,761 | WARNING | Bad timestamp at line 104: 11/28/2025 11:40:49 AM -EventID: 4625
2025-11-28 11:45:01,761 | WARNING | Bad timestamp at line 105: 11/28/2025 11:58:49 AM -EventID: 4625
2025-11-28 11:45:01,761 | WARNING | Bad timestamp at line 106: 11/28/2025 12:32:49 PM -EventID: 4625
2025-11-28 11:45:01,761 | WARNING | Bad timestamp at line 107: 11/28/2025 12:02:49 PM -EventID: 4625
2025-11-28 11:45:01,761 | WARNING | Bad timestamp at line 108: 11/28/2025 11:40:49 AM -EventID: 4625
2025-11-28 11:45:01,762 | WARNING | Bad timestamp at line 109: 11/28/2025 11:48:49 AM -EventID: 4625
2025-11-28 11:45:01,762 | WARNING | Bad timestamp at line 110: 11/28/2025 12:43:49 PM -EventID: 4625
2025-11-28 11:45:01,762 | WARNING | Bad timestamp at line 111: 11/28/2025 01:15:49 PM -EventID: 4625
2025-11-28 11:45:01,762 | WARNING | Bad timestamp at line 112: 11/28/2025 12:25:49 PM -EventID: 4625
2025-11-28 11:45:01,762 | WARNING | Bad timestamp at line 113: 11/28/2025 12:05:49 PM -EventID: 4625
2025-11-28 11:45:01,762 | WARNING | Bad timestamp at line 114: 11/28/2025 01:03:49 PM -EventID: 4625
2025-11-28 11:45:01,762 | WARNING | Bad timestamp at line 115: 11/28/2025 11:52:49 AM -EventID: 4625
2025-11-28 11:45:01,763 | WARNING | Bad timestamp at line 116: 11/28/2025 12:42:49 PM -EventID: 4625
2025-11-28 11:45:01,763 | WARNING | Bad timestamp at line 117: 11/28/2025 12:20:49 PM -EventID: 4625
2025-11-28 11:45:01,763 | WARNING | Bad timestamp at line 118: 11/28/2025 11:42:49 AM -EventID: 4625
2025-11-28 11:45:01,763 | WARNING | Bad timestamp at line 119: 11/28/2025 12:08:49 PM -EventID: 4625
2025-11-28 11:45:01,763 | WARNING | Bad timestamp at line 120: 11/28/2025 12:23:49 PM -EventID: 4625
2025-11-28 11:45:01,763 | WARNING | Bad timestamp at line 121: 11/28/2025 12:30:49 PM -EventID: 4625
2025-11-28 11:45:01,763 | WARNING | Bad timestamp at line 122: 11/28/2025 12:58:49 PM -EventID: 4625
2025-11-28 11:45:01,764 | WARNING | Bad timestamp at line 123: 11/28/2025 11:47:49 AM -EventID: 4625
2025-11-28 11:45:01,764 | WARNING | Bad timestamp at line 124: 11/28/2025 12:56:49 PM -EventID: 4625
2025-11-28 11:45:01,764 | WARNING | Bad timestamp at line 125: 11/28/2025 12:03:49 PM -EventID: 4625
2025-11-28 11:45:01,764 | WARNING | Bad timestamp at line 127: 11/28/2025 01:09:49 PM -EventID: 4625
2025-11-28 11:45:01,764 | WARNING | Bad timestamp at line 128: 11/28/2025 01:13:49 PM -EventID: 4625
2025-11-28 11:45:01,764 | WARNING | Bad timestamp at line 129: 11/28/2025 01:04:49 PM -EventID: 4625
2025-11-28 11:45:01,764 | WARNING | Bad timestamp at line 130: 11/28/2025 01:19:49 PM -EventID: 4625
2025-11-28 11:45:01,765 | WARNING | Bad timestamp at line 131: 11/28/2025 12:08:49 PM -EventID: 4625
2025-11-28 11:45:01,765 | WARNING | Bad timestamp at line 132: 11/28/2025 12:46:49 PM -EventID: 4625
2025-11-28 11:45:01,765 | WARNING | Bad timestamp at line 133: 11/28/2025 12:36:49 PM -EventID: 4625
2025-11-28 11:45:01,765 | WARNING | Bad timestamp at line 134: 11/28/2025 12:53:49 PM -EventID: 4625
2025-11-28 11:45:01,765 | WARNING | Bad timestamp at line 135: 11/28/2025 12:00:49 PM -EventID: 4625
2025-11-28 11:45:01,765 | WARNING | Bad timestamp at line 136: 11/28/2025 01:14:49 PM -EventID: 4625
2025-11-28 11:45:01,766 | WARNING | Bad timestamp at line 137: 11/28/2025 11:39:49 AM -EventID: 4625
2025-11-28 11:45:01,766 | WARNING | Bad timestamp at line 138: 11/28/2025 01:14:49 PM -EventID: 4625
2025-11-28 11:45:01,766 | WARNING | Bad timestamp at line 139: 11/28/2025 11:54:49 AM -EventID: 4625
2025-11-28 11:45:01,766 | WARNING | Bad timestamp at line 140: 11/28/2025 12:34:49 PM -EventID: 4625
2025-11-28 11:45:01,766 | WARNING | Bad timestamp at line 141: 11/28/2025 12:49:49 PM -EventID: 4625
2025-11-28 11:45:01,766 | WARNING | Bad timestamp at line 142: 11/28/2025 12:30:49 PM -EventID: 4625
2025-11-28 11:45:01,766 | WARNING | Bad timestamp at line 143: 11/28/2025 12:42:49 PM -EventID: 4625
2025-11-28 11:45:01,766 | WARNING | Bad timestamp at line 144: 11/28/2025 12:31:49 PM -EventID: 4625
2025-11-28 11:45:01,767 | WARNING | Bad timestamp at line 145: 11/28/2025 12:57:49 PM -EventID: 4625
2025-11-28 11:45:01,767 | WARNING | Bad timestamp at line 146: 11/28/2025 11:45:49 AM -EventID: 4625
2025-11-28 11:45:01,767 | WARNING | Bad timestamp at line 147: 11/28/2025 12:06:49 PM -EventID: 4625
2025-11-28 11:45:01,767 | WARNING | Bad timestamp at line 148: 11/28/2025 12:52:49 PM -EventID: 4625
2025-11-28 11:45:01,767 | WARNING | Bad timestamp at line 149: 11/28/2025 12:47:49 PM -EventID: 4625
2025-11-28 11:45:01,767 | WARNING | Bad timestamp at line 150: 11/28/2025 12:59:49 PM -EventID: 4625
2025-11-28 11:45:01,767 | WARNING | Bad timestamp at line 151: 11/28/2025 12:22:49 PM -EventID: 4625
2025-11-28 11:45:01,767 | WARNING | Bad timestamp at line 152: 11/28/2025 11:44:49 AM -EventID: 4625
2025-11-28 11:45:01,767 | WARNING | Bad timestamp at line 153: 11/28/2025 12:08:49 PM -EventID: 4625
2025-11-28 11:45:01,767 | WARNING | Bad timestamp at line 154: 11/28/2025 01:04:49 PM -EventID: 4625
2025-11-28 11:45:01,767 | WARNING | Bad timestamp at line 155: 11/28/2025 12:58:49 PM -EventID: 4625
2025-11-28 11:45:01,768 | WARNING | Bad timestamp at line 156: 11/28/2025 01:00:49 PM -EventID: 4625
2025-11-28 11:45:01,768 | WARNING | Bad timestamp at line 157: 11/28/2025 12:02:49 PM -EventID: 4625
2025-11-28 11:45:01,768 | WARNING | Bad timestamp at line 158: 11/28/2025 12:54:49 PM -EventID: 4625
2025-11-28 11:45:01,768 | WARNING | Bad timestamp at line 159: 11/28/2025 12:07:49 PM -EventID: 4625
2025-11-28 11:45:01,768 | WARNING | Bad timestamp at line 161: 11/28/2025 12:44:49 PM -EventID: 4625
2025-11-28 11:45:01,768 | WARNING | Bad timestamp at line 162: 11/28/2025 12:22:49 PM -EventID: 4625
2025-11-28 11:45:01,768 | WARNING | Bad timestamp at line 163: 11/28/2025 11:46:49 AM -EventID: 4625
2025-11-28 11:45:01,768 | WARNING | Bad timestamp at line 164: 11/28/2025 11:57:49 AM -EventID: 4625
2025-11-28 11:45:01,769 | WARNING | Bad timestamp at line 165: 11/28/2025 01:13:49 PM -EventID: 4625
2025-11-28 11:45:01,769 | WARNING | Bad timestamp at line 166: 11/28/2025 12:34:49 PM -EventID: 4625
2025-11-28 11:45:01,769 | WARNING | Bad timestamp at line 168: 11/28/2025 12:17:49 PM -EventID: 4625
2025-11-28 11:45:01,769 | WARNING | Bad timestamp at line 169: 11/28/2025 12:53:49 PM -EventID: 4625
2025-11-28 11:45:01,769 | WARNING | Bad timestamp at line 170: 11/28/2025 11:45:49 AM -EventID: 4625
2025-11-28 11:45:01,769 | WARNING | Bad timestamp at line 171: 11/28/2025 01:04:49 PM -EventID: 4625
2025-11-28 11:45:01,769 | WARNING | Bad timestamp at line 172: 11/28/2025 11:57:49 AM -EventID: 4625
2025-11-28 11:45:01,769 | WARNING | Bad timestamp at line 173: 11/28/2025 12:02:49 PM -EventID: 4625
2025-11-28 11:45:01,770 | WARNING | Bad timestamp at line 174: 11/28/2025 11:54:49 AM -EventID: 4625
2025-11-28 11:45:01,770 | WARNING | Bad timestamp at line 175: 11/28/2025 01:11:49 PM -EventID: 4625
2025-11-28 11:45:01,770 | WARNING | Bad timestamp at line 177: 11/28/2025 12:35:49 PM -EventID: 4625
2025-11-28 11:45:01,770 | WARNING | Bad timestamp at line 178: 11/28/2025 12:29:49 PM -EventID: 4625
2025-11-28 11:45:01,770 | WARNING | Bad timestamp at line 179: 11/28/2025 12:33:49 PM -EventID: 4625
2025-11-28 11:45:01,770 | WARNING | Bad timestamp at line 180: 11/28/2025 01:11:49 PM -EventID: 4625
2025-11-28 11:45:01,770 | WARNING | Bad timestamp at line 181: 11/28/2025 12:24:49 PM -EventID: 4625
2025-11-28 11:45:01,770 | WARNING | Bad timestamp at line 182: 11/28/2025 01:12:49 PM -EventID: 4625
2025-11-28 11:45:01,771 | WARNING | Bad timestamp at line 183: 11/28/2025 12:45:49 PM -EventID: 4625
2025-11-28 11:45:01,771 | WARNING | Bad timestamp at line 184: 11/28/2025 11:58:49 AM -EventID: 4625
2025-11-28 11:45:01,771 | WARNING | Bad timestamp at line 185: 11/28/2025 12:16:49 PM -EventID: 4625
2025-11-28 11:45:01,771 | WARNING | Bad timestamp at line 186: 11/28/2025 11:50:49 AM -EventID: 4625
2025-11-28 11:45:01,771 | WARNING | Bad timestamp at line 187: 11/28/2025 01:21:49 PM -EventID: 4625
2025-11-28 11:45:01,771 | WARNING | Bad timestamp at line 188: 11/28/2025 11:51:49 AM -EventID: 4625
2025-11-28 11:45:01,771 | WARNING | Bad timestamp at line 189: 11/28/2025 12:46:49 PM -EventID: 4625
2025-11-28 11:45:01,771 | WARNING | Bad timestamp at line 190: 11/28/2025 12:04:49 PM -EventID: 4625
2025-11-28 11:45:01,772 | WARNING | Bad timestamp at line 192: 11/28/2025 12:16:49 PM -EventID: 4625
2025-11-28 11:45:01,772 | WARNING | Bad timestamp at line 193: 11/28/2025 12:23:49 PM -EventID: 4625
2025-11-28 11:45:01,772 | WARNING | Bad timestamp at line 194: 11/28/2025 12:51:49 PM -EventID: 4625
2025-11-28 11:45:01,772 | WARNING | Bad timestamp at line 195: 11/28/2025 12:41:49 PM -EventID: 4625
2025-11-28 11:45:01,772 | WARNING | Bad timestamp at line 196: 11/28/2025 01:05:49 PM -EventID: 4625
2025-11-28 11:45:01,772 | WARNING | Bad timestamp at line 197: 11/28/2025 01:22:49 PM -EventID: 4625
2025-11-28 11:45:01,772 | WARNING | Bad timestamp at line 198: 11/28/2025 01:20:49 PM -EventID: 4625
2025-11-28 11:45:01,772 | WARNING | Bad timestamp at line 199: 11/28/2025 12:14:49 PM -EventID: 4625
2025-11-28 11:45:01,773 | WARNING | Bad timestamp at line 200: 11/28/2025 11:46:49 AM -EventID: 4625
2025-11-28 11:45:01,773 | WARNING | Bad timestamp at line 201: 11/28/2025 12:45:49 PM -EventID: 4625
2025-11-28 11:45:01,773 | WARNING | Bad timestamp at line 202: 11/28/2025 12:04:49 PM -EventID: 4625
2025-11-28 11:45:01,773 | WARNING | Bad timestamp at line 203: 11/28/2025 01:00:49 PM -EventID: 4625
2025-11-28 11:45:01,773 | WARNING | Bad timestamp at line 204: 11/28/2025 12:00:49 PM -EventID: 4625
2025-11-28 11:45:01,773 | WARNING | Bad timestamp at line 205: 11/28/2025 12:05:49 PM -EventID: 4625
2025-11-28 11:45:01,773 | WARNING | Bad timestamp at line 206: 11/28/2025 01:01:49 PM -EventID: 4625
2025-11-28 11:45:01,773 | WARNING | Bad timestamp at line 207: 11/28/2025 11:36:49 AM -EventID: 4625
2025-11-28 11:45:01,774 | WARNING | Bad timestamp at line 208: 11/28/2025 01:17:49 PM -EventID: 4625
2025-11-28 11:45:01,774 | WARNING | Bad timestamp at line 209: 11/28/2025 12:41:49 PM -EventID: 4625
2025-11-28 11:45:01,774 | WARNING | Bad timestamp at line 210: 11/28/2025 12:56:49 PM -EventID: 4625
2025-11-28 11:45:01,774 | WARNING | Bad timestamp at line 211: 11/28/2025 01:07:49 PM -EventID: 4625
2025-11-28 11:45:01,774 | WARNING | Bad timestamp at line 212: 11/28/2025 12:38:49 PM -EventID: 4625
2025-11-28 11:45:01,774 | WARNING | Bad timestamp at line 213: 11/28/2025 11:51:49 AM -EventID: 4625
2025-11-28 11:45:01,774 | WARNING | Bad timestamp at line 214: 11/28/2025 01:09:49 PM -EventID: 4625
2025-11-28 11:45:01,774 | WARNING | Bad timestamp at line 215: 11/28/2025 12:37:49 PM -EventID: 4625
2025-11-28 11:45:01,775 | WARNING | Bad timestamp at line 216: 11/28/2025 12:03:49 PM -EventID: 4625
2025-11-28 11:45:01,775 | WARNING | Bad timestamp at line 217: 11/28/2025 12:12:49 PM -EventID: 4625
2025-11-28 11:45:01,775 | WARNING | Bad timestamp at line 218: 11/28/2025 12:44:49 PM -EventID: 4625
2025-11-28 11:45:01,775 | WARNING | Bad timestamp at line 219: 11/28/2025 01:06:49 PM -EventID: 4625
2025-11-28 11:45:01,775 | WARNING | Bad timestamp at line 220: 11/28/2025 11:50:49 AM -EventID: 4625
2025-11-28 11:45:01,775 | WARNING | Bad timestamp at line 221: 11/28/2025 12:27:49 PM -EventID: 4625
2025-11-28 11:45:01,775 | WARNING | Bad timestamp at line 222: 11/28/2025 01:24:49 PM -EventID: 4625
2025-11-28 11:45:01,775 | WARNING | Bad timestamp at line 223: 11/28/2025 12:11:49 PM -EventID: 4625
2025-11-28 11:45:01,776 | WARNING | Bad timestamp at line 224: 11/28/2025 12:17:49 PM -EventID: 4625
2025-11-28 11:45:01,776 | WARNING | Bad timestamp at line 225: 11/28/2025 01:08:49 PM -EventID: 4625
2025-11-28 11:45:01,776 | WARNING | Bad timestamp at line 227: 11/28/2025 12:13:49 PM -EventID: 4625
2025-11-28 11:45:01,776 | WARNING | Bad timestamp at line 228: 11/28/2025 01:02:49 PM -EventID: 4625
2025-11-28 11:45:01,776 | WARNING | Bad timestamp at line 229: 11/28/2025 12:26:49 PM -EventID: 4625
2025-11-28 11:45:01,776 | WARNING | Bad timestamp at line 230: 11/28/2025 12:07:49 PM -EventID: 4625
2025-11-28 11:45:01,776 | WARNING | Bad timestamp at line 231: 11/28/2025 12:18:49 PM -EventID: 4625
2025-11-28 11:45:01,776 | WARNING | Bad timestamp at line 232: 11/28/2025 12:30:49 PM -EventID: 4625
2025-11-28 11:45:01,777 | WARNING | Bad timestamp at line 233: 11/28/2025 01:10:49 PM -EventID: 4625
2025-11-28 11:45:01,777 | WARNING | Bad timestamp at line 234: 11/28/2025 12:36:49 PM -EventID: 4625
2025-11-28 11:45:01,777 | WARNING | Bad timestamp at line 235: 11/28/2025 12:09:49 PM -EventID: 4625
2025-11-28 11:45:01,777 | WARNING | Bad timestamp at line 236: 11/28/2025 11:55:49 AM -EventID: 4625
2025-11-28 11:45:01,777 | WARNING | Bad timestamp at line 237: 11/28/2025 12:11:49 PM -EventID: 4625
2025-11-28 11:45:01,777 | WARNING | Bad timestamp at line 238: 11/28/2025 12:15:49 PM -EventID: 4625
2025-11-28 11:45:01,777 | WARNING | Bad timestamp at line 239: 11/28/2025 12:57:49 PM -EventID: 4625
2025-11-28 11:45:01,777 | WARNING | Bad timestamp at line 240: 11/28/2025 12:40:49 PM -EventID: 4625
2025-11-28 11:45:01,778 | WARNING | Bad timestamp at line 241: 11/28/2025 11:58:49 AM -EventID: 4625
2025-11-28 11:45:01,778 | WARNING | Bad timestamp at line 242: 11/28/2025 12:32:49 PM -EventID: 4625
2025-11-28 11:45:01,778 | WARNING | Bad timestamp at line 243: 11/28/2025 12:37:49 PM -EventID: 4625
2025-11-28 11:45:01,778 | WARNING | Bad timestamp at line 244: 11/28/2025 11:59:49 AM -EventID: 4625
2025-11-28 11:45:01,778 | WARNING | Bad timestamp at line 245: 11/28/2025 11:50:49 AM -EventID: 4625
2025-11-28 11:45:01,778 | WARNING | Bad timestamp at line 246: 11/28/2025 12:04:49 PM -EventID: 4625
2025-11-28 11:45:01,778 | WARNING | Bad timestamp at line 247: 11/28/2025 12:43:49 PM -EventID: 4625
2025-11-28 11:45:01,778 | WARNING | Bad timestamp at line 248: 11/28/2025 01:02:49 PM -EventID: 4625
2025-11-28 11:45:01,779 | WARNING | Bad timestamp at line 249: 11/28/2025 01:16:49 PM -EventID: 4625
2025-11-28 11:45:01,779 | WARNING | Bad timestamp at line 250: 11/28/2025 12:44:49 PM -EventID: 4625
2025-11-28 11:45:01,779 | WARNING | Bad timestamp at line 251: 11/28/2025 12:38:49 PM -EventID: 4625
2025-11-28 11:45:01,779 | WARNING | Bad timestamp at line 252: 11/28/2025 12:26:49 PM -EventID: 4625
2025-11-28 11:45:01,779 | WARNING | Bad timestamp at line 253: 11/28/2025 12:48:49 PM -EventID: 4625
2025-11-28 11:45:01,779 | WARNING | Bad timestamp at line 254: 11/28/2025 12:06:49 PM -EventID: 4625
2025-11-28 11:45:01,779 | WARNING | Bad timestamp at line 255: 11/28/2025 12:20:49 PM -EventID: 4625
2025-11-28 11:45:01,779 | WARNING | Bad timestamp at line 256: 11/28/2025 12:47:49 PM -EventID: 4625
2025-11-28 11:45:01,780 | WARNING | Bad timestamp at line 257: 11/28/2025 11:56:49 AM -EventID: 4625
2025-11-28 11:45:01,780 | WARNING | Bad timestamp at line 258: 11/28/2025 12:10:49 PM -EventID: 4625
2025-11-28 11:45:01,780 | WARNING | Bad timestamp at line 259: 11/28/2025 12:13:49 PM -EventID: 4625
2025-11-28 11:45:01,780 | WARNING | Bad timestamp at line 260: 11/28/2025 12:24:49 PM -EventID: 4625
2025-11-28 11:45:01,780 | WARNING | Bad timestamp at line 261: 11/28/2025 12:55:49 PM -EventID: 4625
2025-11-28 11:45:01,780 | WARNING | Bad timestamp at line 262: 11/28/2025 12:50:49 PM -EventID: 4625
2025-11-28 11:45:01,780 | WARNING | Bad timestamp at line 263: 11/28/2025 01:01:49 PM -EventID: 4625
2025-11-28 11:45:01,780 | WARNING | Bad timestamp at line 264: 11/28/2025 12:48:49 PM -EventID: 4625
2025-11-28 11:45:01,781 | INFO | Parsed 0 failed logins
2025-11-28 11:45:01,781 | INFO | Exported 0 alert(s) to month1/alerts.json
2025-11-28 11:45:01,781 | INFO | No alerts generated.
2025-11-28 11:50:01,906 | INFO | === BRUTE-FORCE DETECTOR STARTED ===
2025-11-28 11:50:01,906 | INFO | Config: {'log_file': 'month1/fake_auth.log', 'output_file': 'month1/alerts.json', 'threshold_count': 3, 'time_window_minutes': 15, 'log_level': 'INFO', 'alert_title': 'BRUTE_FORCE_15MIN', 'smtp_server': 'smtp.gmail.com', 'smtp_port': 587, 'email_from': 'suleephraim1@gmail.com', 'email_to': 'cyberlootkeeper@gmail.com', 'email_password': 'uwijddtfwdtmmony'}
2025-11-28 11:50:01,911 | WARNING | Bad timestamp at line 5: 11/28/2025 01:03:49 PM -EventID: 4625
2025-11-28 11:50:01,911 | WARNING | Bad timestamp at line 6: 11/28/2025 01:12:49 PM -EventID: 4625
2025-11-28 11:50:01,911 | WARNING | Bad timestamp at line 7: 11/28/2025 12:31:49 PM -EventID: 4625
2025-11-28 11:50:01,911 | WARNING | Bad timestamp at line 8: 11/28/2025 12:55:49 PM -EventID: 4625
2025-11-28 11:50:01,912 | WARNING | Bad timestamp at line 9: 11/28/2025 12:24:49 PM -EventID: 4625
2025-11-28 11:50:01,912 | WARNING | Bad timestamp at line 10: 11/28/2025 12:14:49 PM -EventID: 4625
2025-11-28 11:50:01,912 | WARNING | Bad timestamp at line 11: 11/28/2025 12:56:49 PM -EventID: 4625
2025-11-28 11:50:01,912 | WARNING | Bad timestamp at line 12: 11/28/2025 12:19:49 PM -EventID: 4625
2025-11-28 11:50:01,912 | WARNING | Bad timestamp at line 13: 11/28/2025 12:16:49 PM -EventID: 4625
2025-11-28 11:50:01,912 | WARNING | Bad timestamp at line 14: 11/28/2025 01:08:49 PM -EventID: 4625
2025-11-28 11:50:01,913 | WARNING | Bad timestamp at line 15: 11/28/2025 01:16:49 PM -EventID: 4625
2025-11-28 11:50:01,913 | WARNING | Bad timestamp at line 16: 11/28/2025 12:39:49 PM -EventID: 4625
2025-11-28 11:50:01,913 | WARNING | Bad timestamp at line 17: 11/28/2025 01:15:49 PM -EventID: 4625
2025-11-28 11:50:01,913 | WARNING | Bad timestamp at line 18: 11/28/2025 12:06:49 PM -EventID: 4625
2025-11-28 11:50:01,913 | WARNING | Bad timestamp at line 19: 11/28/2025 12:28:49 PM -EventID: 4625
2025-11-28 11:50:01,913 | WARNING | Bad timestamp at line 20: 11/28/2025 11:56:49 AM -EventID: 4625
2025-11-28 11:50:01,913 | WARNING | Bad timestamp at line 21: 11/28/2025 12:19:49 PM -EventID: 4625
2025-11-28 11:50:01,914 | WARNING | Bad timestamp at line 22: 11/28/2025 12:42:49 PM -EventID: 4625
2025-11-28 11:50:01,914 | WARNING | Bad timestamp at line 23: 11/28/2025 12:54:49 PM -EventID: 4625
2025-11-28 11:50:01,914 | WARNING | Bad timestamp at line 24: 11/28/2025 01:18:49 PM -EventID: 4625
2025-11-28 11:50:01,914 | WARNING | Bad timestamp at line 25: 11/28/2025 12:21:49 PM -EventID: 4625
2025-11-28 11:50:01,914 | WARNING | Bad timestamp at line 26: 11/28/2025 11:43:49 AM -EventID: 4625
2025-11-28 11:50:01,914 | WARNING | Bad timestamp at line 27: 11/28/2025 12:27:49 PM -EventID: 4625
2025-11-28 11:50:01,914 | WARNING | Bad timestamp at line 28: 11/28/2025 12:48:49 PM -EventID: 4625
2025-11-28 11:50:01,915 | WARNING | Bad timestamp at line 30: 11/28/2025 11:42:49 AM -EventID: 4625
2025-11-28 11:50:01,915 | WARNING | Bad timestamp at line 31: 11/28/2025 01:12:49 PM -EventID: 4625
2025-11-28 11:50:01,915 | WARNING | Bad timestamp at line 33: 11/28/2025 11:59:49 AM -EventID: 4625
2025-11-28 11:50:01,915 | WARNING | Bad timestamp at line 34: 11/28/2025 01:07:49 PM -EventID: 4625
2025-11-28 11:50:01,915 | WARNING | Bad timestamp at line 35: 11/28/2025 11:54:49 AM -EventID: 4625
2025-11-28 11:50:01,915 | WARNING | Bad timestamp at line 36: 11/28/2025 12:21:49 PM -EventID: 4625
2025-11-28 11:50:01,916 | WARNING | Bad timestamp at line 37: 11/28/2025 12:28:49 PM -EventID: 4625
2025-11-28 11:50:01,916 | WARNING | Bad timestamp at line 38: 11/28/2025 12:40:49 PM -EventID: 4625
2025-11-28 11:50:01,916 | WARNING | Bad timestamp at line 39: 11/28/2025 12:01:49 PM -EventID: 4625
2025-11-28 11:50:01,916 | WARNING | Bad timestamp at line 40: 11/28/2025 12:12:49 PM -EventID: 4625
2025-11-28 11:50:01,916 | WARNING | Bad timestamp at line 41: 11/28/2025 11:53:49 AM -EventID: 4625
2025-11-28 11:50:01,916 | WARNING | Bad timestamp at line 42: 11/28/2025 11:41:49 AM -EventID: 4625
2025-11-28 11:50:01,916 | WARNING | Bad timestamp at line 43: 11/28/2025 11:56:49 AM -EventID: 4625
2025-11-28 11:50:01,917 | WARNING | Bad timestamp at line 44: 11/28/2025 11:55:49 AM -EventID: 4625
2025-11-28 11:50:01,917 | WARNING | Bad timestamp at line 45: 11/28/2025 12:10:49 PM -EventID: 4625
2025-11-28 11:50:01,917 | WARNING | Bad timestamp at line 46: 11/28/2025 11:46:49 AM -EventID: 4625
2025-11-28 11:50:01,917 | WARNING | Bad timestamp at line 47: 11/28/2025 12:22:49 PM -EventID: 4625
2025-11-28 11:50:01,917 | WARNING | Bad timestamp at line 48: 11/28/2025 12:35:49 PM -EventID: 4625
2025-11-28 11:50:01,917 | WARNING | Bad timestamp at line 49: 11/28/2025 01:18:49 PM -EventID: 4625
2025-11-28 11:50:01,918 | WARNING | Bad timestamp at line 50: 11/28/2025 11:52:49 AM -EventID: 4625
2025-11-28 11:50:01,918 | WARNING | Bad timestamp at line 51: 11/28/2025 11:47:49 AM -EventID: 4625
2025-11-28 11:50:01,918 | WARNING | Bad timestamp at line 52: 11/28/2025 12:18:49 PM -EventID: 4625
2025-11-28 11:50:01,918 | WARNING | Bad timestamp at line 53: 11/28/2025 12:14:49 PM -EventID: 4625
2025-11-28 11:50:01,918 | WARNING | Bad timestamp at line 54: 11/28/2025 12:50:49 PM -EventID: 4625
2025-11-28 11:50:01,918 | WARNING | Bad timestamp at line 55: 11/28/2025 12:46:49 PM -EventID: 4625
2025-11-28 11:50:01,918 | WARNING | Bad timestamp at line 56: 11/28/2025 11:34:49 AM -EventID: 4625
2025-11-28 11:50:01,919 | WARNING | Bad timestamp at line 57: 11/28/2025 01:02:49 PM -EventID: 4625
2025-11-28 11:50:01,919 | WARNING | Bad timestamp at line 58: 11/28/2025 12:29:49 PM -EventID: 4625
2025-11-28 11:50:01,919 | WARNING | Bad timestamp at line 59: 11/28/2025 12:25:49 PM -EventID: 4625
2025-11-28 11:50:01,919 | WARNING | Bad timestamp at line 60: 11/28/2025 12:18:49 PM -EventID: 4625
2025-11-28 11:50:01,919 | WARNING | Bad timestamp at line 61: 11/28/2025 01:08:49 PM -EventID: 4625
2025-11-28 11:50:01,919 | WARNING | Bad timestamp at line 62: 11/28/2025 11:53:49 AM -EventID: 4625
2025-11-28 11:50:01,919 | WARNING | Bad timestamp at line 63: 11/28/2025 11:52:49 AM -EventID: 4625
2025-11-28 11:50:01,920 | WARNING | Bad timestamp at line 64: 11/28/2025 11:49:49 AM -EventID: 4625
2025-11-28 11:50:01,920 | WARNING | Bad timestamp at line 65: 11/28/2025 12:10:49 PM -EventID: 4625
2025-11-28 11:50:01,920 | WARNING | Bad timestamp at line 66: 11/28/2025 12:58:49 PM -EventID: 4625
2025-11-28 11:50:01,920 | WARNING | Bad timestamp at line 67: 11/28/2025 12:36:49 PM -EventID: 4625
2025-11-28 11:50:01,920 | WARNING | Bad timestamp at line 68: 11/28/2025 12:32:49 PM -EventID: 4625
2025-11-28 11:50:01,920 | WARNING | Bad timestamp at line 69: 11/28/2025 01:00:49 PM -EventID: 4625
2025-11-28 11:50:01,921 | WARNING | Bad timestamp at line 70: 11/28/2025 12:12:49 PM -EventID: 4625
2025-11-28 11:50:01,921 | WARNING | Bad timestamp at line 71: 11/28/2025 12:28:49 PM -EventID: 4625
2025-11-28 11:50:01,921 | WARNING | Bad timestamp at line 72: 11/28/2025 01:06:49 PM -EventID: 4625
2025-11-28 11:50:01,921 | WARNING | Bad timestamp at line 73: 11/28/2025 11:38:49 AM -EventID: 4625
2025-11-28 11:50:01,921 | WARNING | Bad timestamp at line 74: 11/28/2025 11:48:49 AM -EventID: 4625
2025-11-28 11:50:01,921 | WARNING | Bad timestamp at line 75: 11/28/2025 12:09:49 PM -EventID: 4625
2025-11-28 11:50:01,921 | WARNING | Bad timestamp at line 76: 11/28/2025 11:44:49 AM -EventID: 4625
2025-11-28 11:50:01,922 | WARNING | Bad timestamp at line 77: 11/28/2025 11:37:49 AM -EventID: 4625
2025-11-28 11:50:01,922 | WARNING | Bad timestamp at line 78: 11/28/2025 12:40:49 PM -EventID: 4625
2025-11-28 11:50:01,922 | WARNING | Bad timestamp at line 79: 11/28/2025 12:50:49 PM -EventID: 4625
2025-11-28 11:50:01,922 | WARNING | Bad timestamp at line 80: 11/28/2025 12:33:49 PM -EventID: 4625
2025-11-28 11:50:01,922 | WARNING | Bad timestamp at line 81: 11/28/2025 12:39:49 PM -EventID: 4625
2025-11-28 11:50:01,922 | WARNING | Bad timestamp at line 82: 11/28/2025 12:00:49 PM -EventID: 4625
2025-11-28 11:50:01,922 | WARNING | Bad timestamp at line 83: 11/28/2025 01:10:49 PM -EventID: 4625
2025-11-28 11:50:01,923 | WARNING | Bad timestamp at line 84: 11/28/2025 12:01:49 PM -EventID: 4625
2025-11-28 11:50:01,923 | WARNING | Bad timestamp at line 85: 11/28/2025 12:34:49 PM -EventID: 4625
2025-11-28 11:50:01,923 | WARNING | Bad timestamp at line 86: 11/28/2025 01:05:49 PM -EventID: 4625
2025-11-28 11:50:01,923 | WARNING | Bad timestamp at line 87: 11/28/2025 12:51:49 PM -EventID: 4625
2025-11-28 11:50:01,923 | WARNING | Bad timestamp at line 88: 11/28/2025 12:38:49 PM -EventID: 4625
2025-11-28 11:50:01,923 | WARNING | Bad timestamp at line 89: 11/28/2025 12:59:49 PM -EventID: 4625
2025-11-28 11:50:01,923 | WARNING | Bad timestamp at line 90: 11/28/2025 12:52:49 PM -EventID: 4625
2025-11-28 11:50:01,924 | WARNING | Bad timestamp at line 91: 11/28/2025 01:10:49 PM -EventID: 4625
2025-11-28 11:50:01,924 | WARNING | Bad timestamp at line 92: 11/28/2025 11:43:49 AM -EventID: 4625
2025-11-28 11:50:01,924 | WARNING | Bad timestamp at line 94: 11/28/2025 11:48:49 AM -EventID: 4625
2025-11-28 11:50:01,924 | WARNING | Bad timestamp at line 95: 11/28/2025 12:26:49 PM -EventID: 4625
2025-11-28 11:50:01,924 | WARNING | Bad timestamp at line 96: 11/28/2025 12:52:49 PM -EventID: 4625
2025-11-28 11:50:01,924 | WARNING | Bad timestamp at line 98: 11/28/2025 12:20:49 PM -EventID: 4625
2025-11-28 11:50:01,925 | WARNING | Bad timestamp at line 99: 11/28/2025 11:49:49 AM -EventID: 4625
2025-11-28 11:50:01,925 | WARNING | Bad timestamp at line 100: 11/28/2025 12:15:49 PM -EventID: 4625
2025-11-28 11:50:01,925 | WARNING | Bad timestamp at line 101: 11/28/2025 12:49:49 PM -EventID: 4625
2025-11-28 11:50:01,925 | WARNING | Bad timestamp at line 102: 11/28/2025 12:54:49 PM -EventID: 4625
2025-11-28 11:50:01,925 | WARNING | Bad timestamp at line 103: 11/28/2025 01:06:49 PM -EventID: 4625
2025-11-28 11:50:01,925 | WARNING | Bad timestamp at line 104: 11/28/2025 11:40:49 AM -EventID: 4625
2025-11-28 11:50:01,925 | WARNING | Bad timestamp at line 105: 11/28/2025 11:58:49 AM -EventID: 4625
2025-11-28 11:50:01,926 | WARNING | Bad timestamp at line 106: 11/28/2025 12:32:49 PM -EventID: 4625
2025-11-28 11:50:01,926 | WARNING | Bad timestamp at line 107: 11/28/2025 12:02:49 PM -EventID: 4625
2025-11-28 11:50:01,926 | WARNING | Bad timestamp at line 108: 11/28/2025 11:40:49 AM -EventID: 4625
2025-11-28 11:50:01,926 | WARNING | Bad timestamp at line 109: 11/28/2025 11:48:49 AM -EventID: 4625
2025-11-28 11:50:01,926 | WARNING | Bad timestamp at line 110: 11/28/2025 12:43:49 PM -EventID: 4625
2025-11-28 11:50:01,926 | WARNING | Bad timestamp at line 111: 11/28/2025 01:15:49 PM -EventID: 4625
2025-11-28 11:50:01,927 | WARNING | Bad timestamp at line 112: 11/28/2025 12:25:49 PM -EventID: 4625
2025-11-28 11:50:01,927 | WARNING | Bad timestamp at line 113: 11/28/2025 12:05:49 PM -EventID: 4625
2025-11-28 11:50:01,927 | WARNING | Bad timestamp at line 114: 11/28/2025 01:03:49 PM -EventID: 4625
2025-11-28 11:50:01,927 | WARNING | Bad timestamp at line 115: 11/28/2025 11:52:49 AM -EventID: 4625
2025-11-28 11:50:01,927 | WARNING | Bad timestamp at line 116: 11/28/2025 12:42:49 PM -EventID: 4625
2025-11-28 11:50:01,927 | WARNING | Bad timestamp at line 117: 11/28/2025 12:20:49 PM -EventID: 4625
2025-11-28 11:50:01,927 | WARNING | Bad timestamp at line 118: 11/28/2025 11:42:49 AM -EventID: 4625
2025-11-28 11:50:01,928 | WARNING | Bad timestamp at line 119: 11/28/2025 12:08:49 PM -EventID: 4625
2025-11-28 11:50:01,928 | WARNING | Bad timestamp at line 120: 11/28/2025 12:23:49 PM -EventID: 4625
2025-11-28 11:50:01,928 | WARNING | Bad timestamp at line 121: 11/28/2025 12:30:49 PM -EventID: 4625
2025-11-28 11:50:01,928 | WARNING | Bad timestamp at line 122: 11/28/2025 12:58:49 PM -EventID: 4625
2025-11-28 11:50:01,928 | WARNING | Bad timestamp at line 123: 11/28/2025 11:47:49 AM -EventID: 4625
2025-11-28 11:50:01,928 | WARNING | Bad timestamp at line 124: 11/28/2025 12:56:49 PM -EventID: 4625
2025-11-28 11:50:01,928 | WARNING | Bad timestamp at line 125: 11/28/2025 12:03:49 PM -EventID: 4625
2025-11-28 11:50:01,929 | WARNING | Bad timestamp at line 127: 11/28/2025 01:09:49 PM -EventID: 4625
2025-11-28 11:50:01,929 | WARNING | Bad timestamp at line 128: 11/28/2025 01:13:49 PM -EventID: 4625
2025-11-28 11:50:01,929 | WARNING | Bad timestamp at line 129: 11/28/2025 01:04:49 PM -EventID: 4625
2025-11-28 11:50:01,929 | WARNING | Bad timestamp at line 130: 11/28/2025 01:19:49 PM -EventID: 4625
2025-11-28 11:50:01,929 | WARNING | Bad timestamp at line 131: 11/28/2025 12:08:49 PM -EventID: 4625
2025-11-28 11:50:01,929 | WARNING | Bad timestamp at line 132: 11/28/2025 12:46:49 PM -EventID: 4625
2025-11-28 11:50:01,929 | WARNING | Bad timestamp at line 133: 11/28/2025 12:36:49 PM -EventID: 4625
2025-11-28 11:50:01,929 | WARNING | Bad timestamp at line 134: 11/28/2025 12:53:49 PM -EventID: 4625
2025-11-28 11:50:01,930 | WARNING | Bad timestamp at line 135: 11/28/2025 12:00:49 PM -EventID: 4625
2025-11-28 11:50:01,930 | WARNING | Bad timestamp at line 136: 11/28/2025 01:14:49 PM -EventID: 4625
2025-11-28 11:50:01,930 | WARNING | Bad timestamp at line 137: 11/28/2025 11:39:49 AM -EventID: 4625
2025-11-28 11:50:01,930 | WARNING | Bad timestamp at line 138: 11/28/2025 01:14:49 PM -EventID: 4625
2025-11-28 11:50:01,930 | WARNING | Bad timestamp at line 139: 11/28/2025 11:54:49 AM -EventID: 4625
2025-11-28 11:50:01,930 | WARNING | Bad timestamp at line 140: 11/28/2025 12:34:49 PM -EventID: 4625
2025-11-28 11:50:01,930 | WARNING | Bad timestamp at line 141: 11/28/2025 12:49:49 PM -EventID: 4625
2025-11-28 11:50:01,931 | WARNING | Bad timestamp at line 142: 11/28/2025 12:30:49 PM -EventID: 4625
2025-11-28 11:50:01,931 | WARNING | Bad timestamp at line 143: 11/28/2025 12:42:49 PM -EventID: 4625
2025-11-28 11:50:01,931 | WARNING | Bad timestamp at line 144: 11/28/2025 12:31:49 PM -EventID: 4625
2025-11-28 11:50:01,931 | WARNING | Bad timestamp at line 145: 11/28/2025 12:57:49 PM -EventID: 4625
2025-11-28 11:50:01,931 | WARNING | Bad timestamp at line 146: 11/28/2025 11:45:49 AM -EventID: 4625
2025-11-28 11:50:01,931 | WARNING | Bad timestamp at line 147: 11/28/2025 12:06:49 PM -EventID: 4625
2025-11-28 11:50:01,931 | WARNING | Bad timestamp at line 148: 11/28/2025 12:52:49 PM -EventID: 4625
2025-11-28 11:50:01,932 | WARNING | Bad timestamp at line 149: 11/28/2025 12:47:49 PM -EventID: 4625
2025-11-28 11:50:01,932 | WARNING | Bad timestamp at line 150: 11/28/2025 12:59:49 PM -EventID: 4625
2025-11-28 11:50:01,932 | WARNING | Bad timestamp at line 151: 11/28/2025 12:22:49 PM -EventID: 4625
2025-11-28 11:50:01,932 | WARNING | Bad timestamp at line 152: 11/28/2025 11:44:49 AM -EventID: 4625
2025-11-28 11:50:01,932 | WARNING | Bad timestamp at line 153: 11/28/2025 12:08:49 PM -EventID: 4625
2025-11-28 11:50:01,932 | WARNING | Bad timestamp at line 154: 11/28/2025 01:04:49 PM -EventID: 4625
2025-11-28 11:50:01,933 | WARNING | Bad timestamp at line 155: 11/28/2025 12:58:49 PM -EventID: 4625
2025-11-28 11:50:01,933 | WARNING | Bad timestamp at line 156: 11/28/2025 01:00:49 PM -EventID: 4625
2025-11-28 11:50:01,933 | WARNING | Bad timestamp at line 157: 11/28/2025 12:02:49 PM -EventID: 4625
2025-11-28 11:50:01,933 | WARNING | Bad timestamp at line 158: 11/28/2025 12:54:49 PM -EventID: 4625
2025-11-28 11:50:01,933 | WARNING | Bad timestamp at line 159: 11/28/2025 12:07:49 PM -EventID: 4625
2025-11-28 11:50:01,933 | WARNING | Bad timestamp at line 161: 11/28/2025 12:44:49 PM -EventID: 4625
2025-11-28 11:50:01,933 | WARNING | Bad timestamp at line 162: 11/28/2025 12:22:49 PM -EventID: 4625
2025-11-28 11:50:01,934 | WARNING | Bad timestamp at line 163: 11/28/2025 11:46:49 AM -EventID: 4625
2025-11-28 11:50:01,934 | WARNING | Bad timestamp at line 164: 11/28/2025 11:57:49 AM -EventID: 4625
2025-11-28 11:50:01,934 | WARNING | Bad timestamp at line 165: 11/28/2025 01:13:49 PM -EventID: 4625
2025-11-28 11:50:01,934 | WARNING | Bad timestamp at line 166: 11/28/2025 12:34:49 PM -EventID: 4625
2025-11-28 11:50:01,934 | WARNING | Bad timestamp at line 168: 11/28/2025 12:17:49 PM -EventID: 4625
2025-11-28 11:50:01,934 | WARNING | Bad timestamp at line 169: 11/28/2025 12:53:49 PM -EventID: 4625
2025-11-28 11:50:01,934 | WARNING | Bad timestamp at line 170: 11/28/2025 11:45:49 AM -EventID: 4625
2025-11-28 11:50:01,935 | WARNING | Bad timestamp at line 171: 11/28/2025 01:04:49 PM -EventID: 4625
2025-11-28 11:50:01,935 | WARNING | Bad timestamp at line 172: 11/28/2025 11:57:49 AM -EventID: 4625
2025-11-28 11:50:01,935 | WARNING | Bad timestamp at line 173: 11/28/2025 12:02:49 PM -EventID: 4625
2025-11-28 11:50:01,935 | WARNING | Bad timestamp at line 174: 11/28/2025 11:54:49 AM -EventID: 4625
2025-11-28 11:50:01,935 | WARNING | Bad timestamp at line 175: 11/28/2025 01:11:49 PM -EventID: 4625
2025-11-28 11:50:01,935 | WARNING | Bad timestamp at line 177: 11/28/2025 12:35:49 PM -EventID: 4625
2025-11-28 11:50:01,936 | WARNING | Bad timestamp at line 178: 11/28/2025 12:29:49 PM -EventID: 4625
2025-11-28 11:50:01,936 | WARNING | Bad timestamp at line 179: 11/28/2025 12:33:49 PM -EventID: 4625
2025-11-28 11:50:01,936 | WARNING | Bad timestamp at line 180: 11/28/2025 01:11:49 PM -EventID: 4625
2025-11-28 11:50:01,936 | WARNING | Bad timestamp at line 181: 11/28/2025 12:24:49 PM -EventID: 4625
2025-11-28 11:50:01,936 | WARNING | Bad timestamp at line 182: 11/28/2025 01:12:49 PM -EventID: 4625
2025-11-28 11:50:01,936 | WARNING | Bad timestamp at line 183: 11/28/2025 12:45:49 PM -EventID: 4625
2025-11-28 11:50:01,936 | WARNING | Bad timestamp at line 184: 11/28/2025 11:58:49 AM -EventID: 4625
2025-11-28 11:50:01,937 | WARNING | Bad timestamp at line 185: 11/28/2025 12:16:49 PM -EventID: 4625
2025-11-28 11:50:01,937 | WARNING | Bad timestamp at line 186: 11/28/2025 11:50:49 AM -EventID: 4625
2025-11-28 11:50:01,937 | WARNING | Bad timestamp at line 187: 11/28/2025 01:21:49 PM -EventID: 4625
2025-11-28 11:50:01,937 | WARNING | Bad timestamp at line 188: 11/28/2025 11:51:49 AM -EventID: 4625
2025-11-28 11:50:01,937 | WARNING | Bad timestamp at line 189: 11/28/2025 12:46:49 PM -EventID: 4625
2025-11-28 11:50:01,937 | WARNING | Bad timestamp at line 190: 11/28/2025 12:04:49 PM -EventID: 4625
2025-11-28 11:50:01,938 | WARNING | Bad timestamp at line 192: 11/28/2025 12:16:49 PM -EventID: 4625
2025-11-28 11:50:01,938 | WARNING | Bad timestamp at line 193: 11/28/2025 12:23:49 PM -EventID: 4625
2025-11-28 11:50:01,938 | WARNING | Bad timestamp at line 194: 11/28/2025 12:51:49 PM -EventID: 4625
2025-11-28 11:50:01,938 | WARNING | Bad timestamp at line 195: 11/28/2025 12:41:49 PM -EventID: 4625
2025-11-28 11:50:01,938 | WARNING | Bad timestamp at line 196: 11/28/2025 01:05:49 PM -EventID: 4625
2025-11-28 11:50:01,938 | WARNING | Bad timestamp at line 197: 11/28/2025 01:22:49 PM -EventID: 4625
2025-11-28 11:50:01,938 | WARNING | Bad timestamp at line 198: 11/28/2025 01:20:49 PM -EventID: 4625
2025-11-28 11:50:01,939 | WARNING | Bad timestamp at line 199: 11/28/2025 12:14:49 PM -EventID: 4625
2025-11-28 11:50:01,939 | WARNING | Bad timestamp at line 200: 11/28/2025 11:46:49 AM -EventID: 4625
2025-11-28 11:50:01,939 | WARNING | Bad timestamp at line 201: 11/28/2025 12:45:49 PM -EventID: 4625
2025-11-28 11:50:01,939 | WARNING | Bad timestamp at line 202: 11/28/2025 12:04:49 PM -EventID: 4625
2025-11-28 11:50:01,939 | WARNING | Bad timestamp at line 203: 11/28/2025 01:00:49 PM -EventID: 4625
2025-11-28 11:50:01,939 | WARNING | Bad timestamp at line 204: 11/28/2025 12:00:49 PM -EventID: 4625
2025-11-28 11:50:01,939 | WARNING | Bad timestamp at line 205: 11/28/2025 12:05:49 PM -EventID: 4625
2025-11-28 11:50:01,940 | WARNING | Bad timestamp at line 206: 11/28/2025 01:01:49 PM -EventID: 4625
2025-11-28 11:50:01,940 | WARNING | Bad timestamp at line 207: 11/28/2025 11:36:49 AM -EventID: 4625
2025-11-28 11:50:01,940 | WARNING | Bad timestamp at line 208: 11/28/2025 01:17:49 PM -EventID: 4625
2025-11-28 11:50:01,940 | WARNING | Bad timestamp at line 209: 11/28/2025 12:41:49 PM -EventID: 4625
2025-11-28 11:50:01,940 | WARNING | Bad timestamp at line 210: 11/28/2025 12:56:49 PM -EventID: 4625
2025-11-28 11:50:01,940 | WARNING | Bad timestamp at line 211: 11/28/2025 01:07:49 PM -EventID: 4625
2025-11-28 11:50:01,941 | WARNING | Bad timestamp at line 212: 11/28/2025 12:38:49 PM -EventID: 4625
2025-11-28 11:50:01,941 | WARNING | Bad timestamp at line 213: 11/28/2025 11:51:49 AM -EventID: 4625
2025-11-28 11:50:01,941 | WARNING | Bad timestamp at line 214: 11/28/2025 01:09:49 PM -EventID: 4625
2025-11-28 11:50:01,941 | WARNING | Bad timestamp at line 215: 11/28/2025 12:37:49 PM -EventID: 4625
2025-11-28 11:50:01,941 | WARNING | Bad timestamp at line 216: 11/28/2025 12:03:49 PM -EventID: 4625
2025-11-28 11:50:01,941 | WARNING | Bad timestamp at line 217: 11/28/2025 12:12:49 PM -EventID: 4625
2025-11-28 11:50:01,941 | WARNING | Bad timestamp at line 218: 11/28/2025 12:44:49 PM -EventID: 4625
2025-11-28 11:50:01,942 | WARNING | Bad timestamp at line 219: 11/28/2025 01:06:49 PM -EventID: 4625
2025-11-28 11:50:01,942 | WARNING | Bad timestamp at line 220: 11/28/2025 11:50:49 AM -EventID: 4625
2025-11-28 11:50:01,942 | WARNING | Bad timestamp at line 221: 11/28/2025 12:27:49 PM -EventID: 4625
2025-11-28 11:50:01,942 | WARNING | Bad timestamp at line 222: 11/28/2025 01:24:49 PM -EventID: 4625
2025-11-28 11:50:01,942 | WARNING | Bad timestamp at line 223: 11/28/2025 12:11:49 PM -EventID: 4625
2025-11-28 11:50:01,942 | WARNING | Bad timestamp at line 224: 11/28/2025 12:17:49 PM -EventID: 4625
2025-11-28 11:50:01,942 | WARNING | Bad timestamp at line 225: 11/28/2025 01:08:49 PM -EventID: 4625
2025-11-28 11:50:01,943 | WARNING | Bad timestamp at line 227: 11/28/2025 12:13:49 PM -EventID: 4625
2025-11-28 11:50:01,943 | WARNING | Bad timestamp at line 228: 11/28/2025 01:02:49 PM -EventID: 4625
2025-11-28 11:50:01,943 | WARNING | Bad timestamp at line 229: 11/28/2025 12:26:49 PM -EventID: 4625
2025-11-28 11:50:01,943 | WARNING | Bad timestamp at line 230: 11/28/2025 12:07:49 PM -EventID: 4625
2025-11-28 11:50:01,943 | WARNING | Bad timestamp at line 231: 11/28/2025 12:18:49 PM -EventID: 4625
2025-11-28 11:50:01,943 | WARNING | Bad timestamp at line 232: 11/28/2025 12:30:49 PM -EventID: 4625
2025-11-28 11:50:01,944 | WARNING | Bad timestamp at line 233: 11/28/2025 01:10:49 PM -EventID: 4625
2025-11-28 11:50:01,944 | WARNING | Bad timestamp at line 234: 11/28/2025 12:36:49 PM -EventID: 4625
2025-11-28 11:50:01,944 | WARNING | Bad timestamp at line 235: 11/28/2025 12:09:49 PM -EventID: 4625
2025-11-28 11:50:01,944 | WARNING | Bad timestamp at line 236: 11/28/2025 11:55:49 AM -EventID: 4625
2025-11-28 11:50:01,944 | WARNING | Bad timestamp at line 237: 11/28/2025 12:11:49 PM -EventID: 4625
2025-11-28 11:50:01,944 | WARNING | Bad timestamp at line 238: 11/28/2025 12:15:49 PM -EventID: 4625
2025-11-28 11:50:01,944 | WARNING | Bad timestamp at line 239: 11/28/2025 12:57:49 PM -EventID: 4625
2025-11-28 11:50:01,944 | WARNING | Bad timestamp at line 240: 11/28/2025 12:40:49 PM -EventID: 4625
2025-11-28 11:50:01,944 | WARNING | Bad timestamp at line 241: 11/28/2025 11:58:49 AM -EventID: 4625
2025-11-28 11:50:01,945 | WARNING | Bad timestamp at line 242: 11/28/2025 12:32:49 PM -EventID: 4625
2025-11-28 11:50:01,945 | WARNING | Bad timestamp at line 243: 11/28/2025 12:37:49 PM -EventID: 4625
2025-11-28 11:50:01,945 | WARNING | Bad timestamp at line 244: 11/28/2025 11:59:49 AM -EventID: 4625
2025-11-28 11:50:01,945 | WARNING | Bad timestamp at line 245: 11/28/2025 11:50:49 AM -EventID: 4625
2025-11-28 11:50:01,945 | WARNING | Bad timestamp at line 246: 11/28/2025 12:04:49 PM -EventID: 4625
2025-11-28 11:50:01,945 | WARNING | Bad timestamp at line 247: 11/28/2025 12:43:49 PM -EventID: 4625
2025-11-28 11:50:01,945 | WARNING | Bad timestamp at line 248: 11/28/2025 01:02:49 PM -EventID: 4625
2025-11-28 11:50:01,946 | WARNING | Bad timestamp at line 249: 11/28/2025 01:16:49 PM -EventID: 4625
2025-11-28 11:50:01,946 | WARNING | Bad timestamp at line 250: 11/28/2025 12:44:49 PM -EventID: 4625
2025-11-28 11:50:01,946 | WARNING | Bad timestamp at line 251: 11/28/2025 12:38:49 PM -EventID: 4625
2025-11-28 11:50:01,946 | WARNING | Bad timestamp at line 252: 11/28/2025 12:26:49 PM -EventID: 4625
2025-11-28 11:50:01,946 | WARNING | Bad timestamp at line 253: 11/28/2025 12:48:49 PM -EventID: 4625
2025-11-28 11:50:01,946 | WARNING | Bad timestamp at line 254: 11/28/2025 12:06:49 PM -EventID: 4625
2025-11-28 11:50:01,946 | WARNING | Bad timestamp at line 255: 11/28/2025 12:20:49 PM -EventID: 4625
2025-11-28 11:50:01,947 | WARNING | Bad timestamp at line 256: 11/28/2025 12:47:49 PM -EventID: 4625
2025-11-28 11:50:01,947 | WARNING | Bad timestamp at line 257: 11/28/2025 11:56:49 AM -EventID: 4625
2025-11-28 11:50:01,947 | WARNING | Bad timestamp at line 258: 11/28/2025 12:10:49 PM -EventID: 4625
2025-11-28 11:50:01,947 | WARNING | Bad timestamp at line 259: 11/28/2025 12:13:49 PM -EventID: 4625
2025-11-28 11:50:01,947 | WARNING | Bad timestamp at line 260: 11/28/2025 12:24:49 PM -EventID: 4625
2025-11-28 11:50:01,947 | WARNING | Bad timestamp at line 261: 11/28/2025 12:55:49 PM -EventID: 4625
2025-11-28 11:50:01,948 | WARNING | Bad timestamp at line 262: 11/28/2025 12:50:49 PM -EventID: 4625
2025-11-28 11:50:01,948 | WARNING | Bad timestamp at line 263: 11/28/2025 01:01:49 PM -EventID: 4625
2025-11-28 11:50:01,948 | WARNING | Bad timestamp at line 264: 11/28/2025 12:48:49 PM -EventID: 4625
2025-11-28 11:50:01,948 | INFO | Parsed 0 failed logins
2025-11-28 11:50:01,949 | INFO | Exported 0 alert(s) to month1/alerts.json
2025-11-28 11:50:01,949 | INFO | No alerts generated.
2025-11-28 11:55:02,059 | INFO | === BRUTE-FORCE DETECTOR STARTED ===
2025-11-28 11:55:02,059 | INFO | Config: {'log_file': 'month1/fake_auth.log', 'output_file': 'month1/alerts.json', 'threshold_count': 3, 'time_window_minutes': 15, 'log_level': 'INFO', 'alert_title': 'BRUTE_FORCE_15MIN', 'smtp_server': 'smtp.gmail.com', 'smtp_port': 587, 'email_from': 'suleephraim1@gmail.com', 'email_to': 'cyberlootkeeper@gmail.com', 'email_password': 'uwijddtfwdtmmony'}
2025-11-28 11:55:02,064 | INFO | Parsed 25 failed logins
2025-11-28 11:55:02,064 | WARNING | ALERT: 203.0.113.27 → 4 attempts in window
2025-11-28 11:55:02,065 | INFO | Exported 1 alert(s) to month1/alerts.json
2025-11-28 11:55:02,065 | INFO | Sample: {
  "alert_type": "BRUTE_FORCE_15MIN",
  "ip": "203.0.113.27",
  "attempt_count": 4,
  "window_minutes": 9,
  "first_attempt": "2025-11-28T10:51:01",
  "last_attempt": "2025-11-28T11:00:01",
  "log_lines": [
    19,
    38,
    14,
    29
  ],
  "severity": "CRITICAL",
  "recommendation": "BLOCK IP + INVESTIGATE"
}
2025-11-28 11:55:02,144 | INFO | === EMAIL ALERTS MODULE STARTED ===
2025-11-28 11:55:02,148 | WARNING | ALERT: 203.0.113.27 → 4 attempts
2025-11-28 11:55:13,177 | INFO | EMAIL SENT: 1 alert(s) to cyberlootkeeper@gmail.com
2025-11-28 12:00:01,331 | INFO | === BRUTE-FORCE DETECTOR STARTED ===
2025-11-28 12:00:01,331 | INFO | Config: {'log_file': 'month1/fake_auth.log', 'output_file': 'month1/alerts.json', 'threshold_count': 3, 'time_window_minutes': 15, 'log_level': 'INFO', 'alert_title': 'BRUTE_FORCE_15MIN', 'smtp_server': 'smtp.gmail.com', 'smtp_port': 587, 'email_from': 'suleephraim1@gmail.com', 'email_to': 'cyberlootkeeper@gmail.com', 'email_password': 'uwijddtfwdtmmony'}
2025-11-28 12:00:01,336 | INFO | Parsed 25 failed logins
2025-11-28 12:00:01,336 | WARNING | ALERT: 203.0.113.27 → 4 attempts in window
2025-11-28 12:00:01,337 | INFO | Exported 1 alert(s) to month1/alerts.json
2025-11-28 12:00:01,337 | INFO | Sample: {
  "alert_type": "BRUTE_FORCE_15MIN",
  "ip": "203.0.113.27",
  "attempt_count": 4,
  "window_minutes": 9,
  "first_attempt": "2025-11-28T10:51:01",
  "last_attempt": "2025-11-28T11:00:01",
  "log_lines": [
    19,
    38,
    14,
    29
  ],
  "severity": "CRITICAL",
  "recommendation": "BLOCK IP + INVESTIGATE"
}
2025-11-28 12:00:01,424 | INFO | === EMAIL ALERTS MODULE STARTED ===
2025-11-28 12:00:01,427 | WARNING | ALERT: 203.0.113.27 → 4 attempts
2025-11-28 12:00:05,640 | INFO | EMAIL SENT: 1 alert(s) to cyberlootkeeper@gmail.com
2025-11-28 12:05:01,792 | INFO | === BRUTE-FORCE DETECTOR STARTED ===
2025-11-28 12:05:01,793 | INFO | Config: {'log_file': 'month1/fake_auth.log', 'output_file': 'month1/alerts.json', 'threshold_count': 3, 'time_window_minutes': 15, 'log_level': 'INFO', 'alert_title': 'BRUTE_FORCE_15MIN', 'smtp_server': 'smtp.gmail.com', 'smtp_port': 587, 'email_from': 'suleephraim1@gmail.com', 'email_to': 'cyberlootkeeper@gmail.com', 'email_password': 'uwijddtfwdtmmony'}
2025-11-28 12:05:01,801 | INFO | Parsed 25 failed logins
2025-11-28 12:05:01,801 | WARNING | ALERT: 203.0.113.27 → 4 attempts in window
2025-11-28 12:05:01,802 | INFO | Exported 1 alert(s) to month1/alerts.json
2025-11-28 12:05:01,802 | INFO | Sample: {
  "alert_type": "BRUTE_FORCE_15MIN",
  "ip": "203.0.113.27",
  "attempt_count": 4,
  "window_minutes": 9,
  "first_attempt": "2025-11-28T10:51:01",
  "last_attempt": "2025-11-28T11:00:01",
  "log_lines": [
    19,
    38,
    14,
    29
  ],
  "severity": "CRITICAL",
  "recommendation": "BLOCK IP + INVESTIGATE"
}
2025-11-28 12:05:01,906 | INFO | === EMAIL ALERTS MODULE STARTED ===
2025-11-28 12:05:01,910 | WARNING | ALERT: 203.0.113.27 → 4 attempts
2025-11-28 12:05:10,902 | INFO | EMAIL SENT: 1 alert(s) to cyberlootkeeper@gmail.com
2025-11-28 12:10:02,093 | INFO | === BRUTE-FORCE DETECTOR STARTED ===
2025-11-28 12:10:02,093 | INFO | Config: {'log_file': 'month1/fake_auth.log', 'output_file': 'month1/alerts.json', 'threshold_count': 3, 'time_window_minutes': 15, 'log_level': 'INFO', 'alert_title': 'BRUTE_FORCE_15MIN', 'smtp_server': 'smtp.gmail.com', 'smtp_port': 587, 'email_from': 'suleephraim1@gmail.com', 'email_to': 'cyberlootkeeper@gmail.com', 'email_password': 'uwijddtfwdtmmony'}
2025-11-28 12:10:02,098 | INFO | Parsed 25 failed logins
2025-11-28 12:10:02,098 | WARNING | ALERT: 203.0.113.27 → 4 attempts in window
2025-11-28 12:10:02,099 | INFO | Exported 1 alert(s) to month1/alerts.json
2025-11-28 12:10:02,099 | INFO | Sample: {
  "alert_type": "BRUTE_FORCE_15MIN",
  "ip": "203.0.113.27",
  "attempt_count": 4,
  "window_minutes": 9,
  "first_attempt": "2025-11-28T11:09:00",
  "last_attempt": "2025-11-28T11:18:00",
  "log_lines": [
    37,
    24,
    38,
    9
  ],
  "severity": "CRITICAL",
  "recommendation": "BLOCK IP + INVESTIGATE"
}
2025-11-28 12:10:02,189 | INFO | === EMAIL ALERTS MODULE STARTED ===
2025-11-28 12:10:02,193 | WARNING | ALERT: 203.0.113.27 → 4 attempts
2025-11-28 12:10:06,303 | INFO | EMAIL SENT: 1 alert(s) to cyberlootkeeper@gmail.com
2025-11-28 12:15:01,452 | INFO | === BRUTE-FORCE DETECTOR STARTED ===
2025-11-28 12:15:01,453 | INFO | Config: {'log_file': 'month1/fake_auth.log', 'output_file': 'month1/alerts.json', 'threshold_count': 3, 'time_window_minutes': 15, 'log_level': 'INFO', 'alert_title': 'BRUTE_FORCE_15MIN', 'smtp_server': 'smtp.gmail.com', 'smtp_port': 587, 'email_from': 'suleephraim1@gmail.com', 'email_to': 'cyberlootkeeper@gmail.com', 'email_password': 'uwijddtfwdtmmony'}
2025-11-28 12:15:01,461 | INFO | Parsed 250 failed logins
2025-11-28 12:15:01,461 | WARNING | ALERT: 200~243.1.119.40 → 4 attempts in window
2025-11-28 12:15:01,462 | INFO | Exported 1 alert(s) to month1/alerts.json
2025-11-28 12:15:01,462 | INFO | Sample: {
  "alert_type": "BRUTE_FORCE_15MIN",
  "ip": "200~243.1.119.40",
  "attempt_count": 4,
  "window_minutes": 9,
  "first_attempt": "2025-11-28T11:10:20",
  "last_attempt": "2025-11-28T11:19:20",
  "log_lines": [
    249,
    197,
    91,
    191
  ],
  "severity": "CRITICAL",
  "recommendation": "BLOCK IP + INVESTIGATE"
}
2025-11-28 12:15:01,545 | INFO | === EMAIL ALERTS MODULE STARTED ===
2025-11-28 12:15:01,552 | WARNING | ALERT: 200~243.1.119.40 → 4 attempts
2025-11-28 12:15:05,533 | INFO | EMAIL SENT: 1 alert(s) to cyberlootkeeper@gmail.com
2025-11-28 12:20:01,771 | INFO | === BRUTE-FORCE DETECTOR STARTED ===
2025-11-28 12:20:01,772 | INFO | Config: {'log_file': 'month1/fake_auth.log', 'output_file': 'month1/alerts.json', 'threshold_count': 3, 'time_window_minutes': 15, 'log_level': 'INFO', 'alert_title': 'BRUTE_FORCE_15MIN', 'smtp_server': 'smtp.gmail.com', 'smtp_port': 587, 'email_from': 'suleephraim1@gmail.com', 'email_to': 'cyberlootkeeper@gmail.com', 'email_password': 'uwijddtfwdtmmony'}
2025-11-28 12:20:01,785 | INFO | Parsed 250 failed logins
2025-11-28 12:20:01,787 | INFO | Exported 0 alert(s) to month1/alerts.json
2025-11-28 12:20:01,788 | INFO | No alerts generated.
2025-11-28 12:25:01,901 | INFO | === BRUTE-FORCE DETECTOR STARTED ===
2025-11-28 12:25:01,901 | INFO | Config: {'log_file': 'month1/fake_auth.log', 'output_file': 'month1/alerts.json', 'threshold_count': 3, 'time_window_minutes': 15, 'log_level': 'INFO', 'alert_title': 'BRUTE_FORCE_15MIN', 'smtp_server': 'smtp.gmail.com', 'smtp_port': 587, 'email_from': 'suleephraim1@gmail.com', 'email_to': 'cyberlootkeeper@gmail.com', 'email_password': 'uwijddtfwdtmmony'}
2025-11-28 12:25:01,909 | INFO | Parsed 250 failed logins
2025-11-28 12:25:01,910 | INFO | Exported 0 alert(s) to month1/alerts.json
2025-11-28 12:25:01,910 | INFO | No alerts generated.
2025-11-28 12:30:02,028 | INFO | === BRUTE-FORCE DETECTOR STARTED ===
2025-11-28 12:30:02,028 | INFO | Config: {'log_file': 'month1/fake_auth.log', 'output_file': 'month1/alerts.json', 'threshold_count': 3, 'time_window_minutes': 15, 'log_level': 'INFO', 'alert_title': 'BRUTE_FORCE_15MIN', 'smtp_server': 'smtp.gmail.com', 'smtp_port': 587, 'email_from': 'suleephraim1@gmail.com', 'email_to': 'cyberlootkeeper@gmail.com', 'email_password': 'uwijddtfwdtmmony'}
2025-11-28 12:30:02,034 | INFO | Parsed 25 failed logins
2025-11-28 12:30:02,034 | WARNING | ALERT: 203.0.113.27 → 4 attempts in window
2025-11-28 12:30:02,036 | INFO | Exported 1 alert(s) to month1/alerts.json
2025-11-28 12:30:02,036 | INFO | Sample: {
  "alert_type": "BRUTE_FORCE_15MIN",
  "ip": "203.0.113.27",
  "attempt_count": 4,
  "window_minutes": 9,
  "first_attempt": "2025-11-28T11:25:23",
  "last_attempt": "2025-11-28T11:34:23",
  "log_lines": [
    15,
    9,
    22,
    39
  ],
  "severity": "CRITICAL",
  "recommendation": "BLOCK IP + INVESTIGATE"
}
2025-11-28 12:30:02,125 | INFO | === EMAIL ALERTS MODULE STARTED ===
2025-11-28 12:30:02,128 | WARNING | ALERT: 203.0.113.27 → 4 attempts
2025-11-28 12:35:02,068 | INFO | === BRUTE-FORCE DETECTOR STARTED ===
2025-11-28 12:35:02,078 | INFO | Config: {'log_file': 'month1/fake_auth.log', 'output_file': 'month1/alerts.json', 'threshold_count': 3, 'time_window_minutes': 15, 'log_level': 'INFO', 'alert_title': 'BRUTE_FORCE_15MIN', 'smtp_server': 'smtp.gmail.com', 'smtp_port': 587, 'email_from': 'suleephraim1@gmail.com', 'email_to': 'cyberlootkeeper@gmail.com', 'email_password': 'uwijddtfwdtmmony'}
2025-11-28 12:35:02,084 | INFO | Parsed 25 failed logins
2025-11-28 12:35:02,084 | WARNING | ALERT: 203.0.113.27 → 4 attempts in window
2025-11-28 12:35:02,085 | INFO | Exported 1 alert(s) to month1/alerts.json
2025-11-28 12:35:02,085 | INFO | Sample: {
  "alert_type": "BRUTE_FORCE_15MIN",
  "ip": "203.0.113.27",
  "attempt_count": 4,
  "window_minutes": 9,
  "first_attempt": "2025-11-28T11:25:23",
  "last_attempt": "2025-11-28T11:34:23",
  "log_lines": [
    15,
    9,
    22,
    39
  ],
  "severity": "CRITICAL",
  "recommendation": "BLOCK IP + INVESTIGATE"
}
2025-11-28 12:35:02,177 | INFO | === EMAIL ALERTS MODULE STARTED ===
2025-11-28 12:35:02,181 | WARNING | ALERT: 203.0.113.27 → 4 attempts
2025-11-28 12:35:10,237 | INFO | EMAIL SENT: 1 alert(s) to cyberlootkeeper@gmail.com
2025-11-28 12:40:01,396 | INFO | === BRUTE-FORCE DETECTOR STARTED ===
2025-11-28 12:40:01,397 | INFO | Config: {'log_file': 'month1/fake_auth.log', 'output_file': 'month1/alerts.json', 'threshold_count': 3, 'time_window_minutes': 15, 'log_level': 'INFO', 'alert_title': 'BRUTE_FORCE_15MIN', 'smtp_server': 'smtp.gmail.com', 'smtp_port': 587, 'email_from': 'suleephraim1@gmail.com', 'email_to': 'cyberlootkeeper@gmail.com', 'email_password': 'uwijddtfwdtmmony'}
2025-11-28 12:40:01,402 | INFO | Parsed 25 failed logins
2025-11-28 12:40:01,402 | WARNING | ALERT: 203.0.113.27 → 4 attempts in window
2025-11-28 12:40:01,402 | INFO | Exported 1 alert(s) to month1/alerts.json
2025-11-28 12:40:01,403 | INFO | Sample: {
  "alert_type": "BRUTE_FORCE_15MIN",
  "ip": "203.0.113.27",
  "attempt_count": 4,
  "window_minutes": 9,
  "first_attempt": "2025-11-28T11:25:23",
  "last_attempt": "2025-11-28T11:34:23",
  "log_lines": [
    15,
    9,
    22,
    39
  ],
  "severity": "CRITICAL",
  "recommendation": "BLOCK IP + INVESTIGATE"
}
2025-11-28 12:40:01,494 | INFO | === EMAIL ALERTS MODULE STARTED ===
2025-11-28 12:40:01,497 | WARNING | ALERT: 203.0.113.27 → 4 attempts
2025-11-28 12:40:11,235 | INFO | EMAIL SENT: 1 alert(s) to cyberlootkeeper@gmail.com
2025-11-28 12:45:01,395 | INFO | === BRUTE-FORCE DETECTOR STARTED ===
2025-11-28 12:45:01,396 | INFO | Config: {'log_file': 'month1/fake_auth.log', 'output_file': 'month1/alerts.json', 'threshold_count': 3, 'time_window_minutes': 15, 'log_level': 'INFO', 'alert_title': 'BRUTE_FORCE_15MIN', 'smtp_server': 'smtp.gmail.com', 'smtp_port': 587, 'email_from': 'suleephraim1@gmail.com', 'email_to': 'cyberlootkeeper@gmail.com', 'email_password': 'uwijddtfwdtmmony'}
2025-11-28 12:45:01,401 | INFO | Parsed 25 failed logins
2025-11-28 12:45:01,401 | WARNING | ALERT: 203.0.113.27 → 4 attempts in window
2025-11-28 12:45:01,402 | INFO | Exported 1 alert(s) to month1/alerts.json
2025-11-28 12:45:01,402 | INFO | Sample: {
  "alert_type": "BRUTE_FORCE_15MIN",
  "ip": "203.0.113.27",
  "attempt_count": 4,
  "window_minutes": 9,
  "first_attempt": "2025-11-28T11:25:23",
  "last_attempt": "2025-11-28T11:34:23",
  "log_lines": [
    15,
    9,
    22,
    39
  ],
  "severity": "CRITICAL",
  "recommendation": "BLOCK IP + INVESTIGATE"
}
2025-11-28 12:45:01,513 | INFO | === EMAIL ALERTS MODULE STARTED ===
2025-11-28 12:45:01,517 | WARNING | ALERT: 203.0.113.27 → 4 attempts
2025-11-28 12:50:01,431 | INFO | === BRUTE-FORCE DETECTOR STARTED ===
2025-11-28 12:50:01,432 | INFO | Config: {'log_file': 'month1/fake_auth.log', 'output_file': 'month1/alerts.json', 'threshold_count': 3, 'time_window_minutes': 15, 'log_level': 'INFO', 'alert_title': 'BRUTE_FORCE_15MIN', 'smtp_server': 'smtp.gmail.com', 'smtp_port': 587, 'email_from': 'suleephraim1@gmail.com', 'email_to': 'cyberlootkeeper@gmail.com', 'email_password': 'uwijddtfwdtmmony'}
2025-11-28 12:50:01,438 | INFO | Parsed 25 failed logins
2025-11-28 12:50:01,438 | WARNING | ALERT: 203.0.113.27 → 4 attempts in window
2025-11-28 12:50:01,438 | INFO | Exported 1 alert(s) to month1/alerts.json
2025-11-28 12:50:01,439 | INFO | Sample: {
  "alert_type": "BRUTE_FORCE_15MIN",
  "ip": "203.0.113.27",
  "attempt_count": 4,
  "window_minutes": 9,
  "first_attempt": "2025-11-28T11:25:23",
  "last_attempt": "2025-11-28T11:34:23",
  "log_lines": [
    15,
    9,
    22,
    39
  ],
  "severity": "CRITICAL",
  "recommendation": "BLOCK IP + INVESTIGATE"
}
2025-11-28 12:50:01,547 | INFO | === EMAIL ALERTS MODULE STARTED ===
2025-11-28 12:50:01,550 | WARNING | ALERT: 203.0.113.27 → 4 attempts
2025-11-28 12:50:09,618 | INFO | EMAIL SENT: 1 alert(s) to cyberlootkeeper@gmail.com
2025-11-28 12:55:01,742 | INFO | === BRUTE-FORCE DETECTOR STARTED ===
2025-11-28 12:55:01,743 | INFO | Config: {'log_file': 'month1/fake_auth.log', 'output_file': 'month1/alerts.json', 'threshold_count': 3, 'time_window_minutes': 15, 'log_level': 'INFO', 'alert_title': 'BRUTE_FORCE_15MIN', 'smtp_server': 'smtp.gmail.com', 'smtp_port': 587, 'email_from': 'suleephraim1@gmail.com', 'email_to': 'cyberlootkeeper@gmail.com', 'email_password': 'uwijddtfwdtmmony'}
2025-11-28 12:55:01,748 | INFO | Parsed 25 failed logins
2025-11-28 12:55:01,748 | WARNING | ALERT: 203.0.113.27 → 4 attempts in window
2025-11-28 12:55:01,749 | INFO | Exported 1 alert(s) to month1/alerts.json
2025-11-28 12:55:01,749 | INFO | Sample: {
  "alert_type": "BRUTE_FORCE_15MIN",
  "ip": "203.0.113.27",
  "attempt_count": 4,
  "window_minutes": 9,
  "first_attempt": "2025-11-28T11:25:23",
  "last_attempt": "2025-11-28T11:34:23",
  "log_lines": [
    15,
    9,
    22,
    39
  ],
  "severity": "CRITICAL",
  "recommendation": "BLOCK IP + INVESTIGATE"
}
2025-11-28 12:55:01,828 | INFO | === EMAIL ALERTS MODULE STARTED ===
2025-11-28 12:55:01,832 | WARNING | ALERT: 203.0.113.27 → 4 attempts
2025-11-28 12:55:04,865 | INFO | EMAIL SENT: 1 alert(s) to cyberlootkeeper@gmail.com
2025-11-28 13:00:02,008 | INFO | === BRUTE-FORCE DETECTOR STARTED ===
2025-11-28 13:00:02,008 | INFO | Config: {'log_file': 'month1/fake_auth.log', 'output_file': 'month1/alerts.json', 'threshold_count': 3, 'time_window_minutes': 15, 'log_level': 'INFO', 'alert_title': 'BRUTE_FORCE_15MIN', 'smtp_server': 'smtp.gmail.com', 'smtp_port': 587, 'email_from': 'suleephraim1@gmail.com', 'email_to': 'cyberlootkeeper@gmail.com', 'email_password': 'uwijddtfwdtmmony'}
2025-11-28 13:00:02,013 | INFO | Parsed 25 failed logins
2025-11-28 13:00:02,013 | WARNING | ALERT: 203.0.113.27 → 4 attempts in window
2025-11-28 13:00:02,014 | INFO | Exported 1 alert(s) to month1/alerts.json
2025-11-28 13:00:02,014 | INFO | Sample: {
  "alert_type": "BRUTE_FORCE_15MIN",
  "ip": "203.0.113.27",
  "attempt_count": 4,
  "window_minutes": 9,
  "first_attempt": "2025-11-28T11:25:23",
  "last_attempt": "2025-11-28T11:34:23",
  "log_lines": [
    15,
    9,
    22,
    39
  ],
  "severity": "CRITICAL",
  "recommendation": "BLOCK IP + INVESTIGATE"
}
2025-11-28 13:00:02,094 | INFO | === EMAIL ALERTS MODULE STARTED ===
2025-11-28 13:00:02,099 | WARNING | ALERT: 203.0.113.27 → 4 attempts
2025-11-28 13:00:12,893 | INFO | EMAIL SENT: 1 alert(s) to cyberlootkeeper@gmail.com
2025-11-28 13:05:02,065 | INFO | === BRUTE-FORCE DETECTOR STARTED ===
2025-11-28 13:05:02,065 | INFO | Config: {'log_file': 'month1/fake_auth.log', 'output_file': 'month1/alerts.json', 'threshold_count': 3, 'time_window_minutes': 15, 'log_level': 'INFO', 'alert_title': 'BRUTE_FORCE_15MIN', 'smtp_server': 'smtp.gmail.com', 'smtp_port': 587, 'email_from': 'suleephraim1@gmail.com', 'email_to': 'cyberlootkeeper@gmail.com', 'email_password': 'uwijddtfwdtmmony'}
2025-11-28 13:05:02,072 | INFO | Parsed 25 failed logins
2025-11-28 13:05:02,073 | WARNING | ALERT: 203.0.113.27 → 4 attempts in window
2025-11-28 13:05:02,073 | INFO | Exported 1 alert(s) to month1/alerts.json
2025-11-28 13:05:02,074 | INFO | Sample: {
  "alert_type": "BRUTE_FORCE_15MIN",
  "ip": "203.0.113.27",
  "attempt_count": 4,
  "window_minutes": 9,
  "first_attempt": "2025-11-28T11:25:23",
  "last_attempt": "2025-11-28T11:34:23",
  "log_lines": [
    15,
    9,
    22,
    39
  ],
  "severity": "CRITICAL",
  "recommendation": "BLOCK IP + INVESTIGATE"
}
2025-11-28 13:05:02,198 | INFO | === EMAIL ALERTS MODULE STARTED ===
2025-11-28 13:05:02,201 | WARNING | ALERT: 203.0.113.27 → 4 attempts
2025-11-28 13:05:05,272 | INFO | EMAIL SENT: 1 alert(s) to cyberlootkeeper@gmail.com
2025-11-28 21:30:01,909 | INFO | === BRUTE-FORCE DETECTOR STARTED ===
2025-11-28 21:30:01,964 | INFO | Config: {'log_file': 'month1/fake_auth.log', 'output_file': 'month1/alerts.json', 'threshold_count': 3, 'time_window_minutes': 15, 'log_level': 'INFO', 'alert_title': 'BRUTE_FORCE_15MIN', 'smtp_server': 'smtp.gmail.com', 'smtp_port': 587, 'email_from': 'suleephraim1@gmail.com', 'email_to': 'cyberlootkeeper@gmail.com', 'email_password': 'uwijddtfwdtmmony'}
2025-11-28 21:30:02,002 | INFO | Parsed 25 failed logins
2025-11-28 21:30:02,002 | WARNING | ALERT: 203.0.113.27 → 4 attempts in window
2025-11-28 21:30:02,018 | INFO | Exported 1 alert(s) to month1/alerts.json
2025-11-28 21:30:02,018 | INFO | Sample: {
  "alert_type": "BRUTE_FORCE_15MIN",
  "ip": "203.0.113.27",
  "attempt_count": 4,
  "window_minutes": 9,
  "first_attempt": "2025-11-28T11:25:23",
  "last_attempt": "2025-11-28T11:34:23",
  "log_lines": [
    15,
    9,
    22,
    39
  ],
  "severity": "CRITICAL",
  "recommendation": "BLOCK IP + INVESTIGATE"
}
2025-11-28 21:30:02,168 | INFO | === EMAIL ALERTS MODULE STARTED ===
2025-11-28 21:30:02,169 | WARNING | ALERT: 203.0.113.27 → 4 attempts
2025-11-28 21:30:05,778 | INFO | EMAIL SENT: 1 alert(s) to cyberlootkeeper@gmail.com
2025-11-28 21:35:01,875 | INFO | === BRUTE-FORCE DETECTOR STARTED ===
2025-11-28 21:35:01,875 | INFO | Config: {'log_file': 'month1/fake_auth.log', 'output_file': 'month1/alerts.json', 'threshold_count': 3, 'time_window_minutes': 15, 'log_level': 'INFO', 'alert_title': 'BRUTE_FORCE_15MIN', 'smtp_server': 'smtp.gmail.com', 'smtp_port': 587, 'email_from': 'suleephraim1@gmail.com', 'email_to': 'cyberlootkeeper@gmail.com', 'email_password': 'uwijddtfwdtmmony'}
2025-11-28 21:35:01,879 | INFO | Parsed 25 failed logins
2025-11-28 21:35:01,879 | WARNING | ALERT: 203.0.113.27 → 4 attempts in window
2025-11-28 21:35:01,879 | INFO | Exported 1 alert(s) to month1/alerts.json
2025-11-28 21:35:01,879 | INFO | Sample: {
  "alert_type": "BRUTE_FORCE_15MIN",
  "ip": "203.0.113.27",
  "attempt_count": 4,
  "window_minutes": 9,
  "first_attempt": "2025-11-28T11:25:23",
  "last_attempt": "2025-11-28T11:34:23",
  "log_lines": [
    15,
    9,
    22,
    39
  ],
  "severity": "CRITICAL",
  "recommendation": "BLOCK IP + INVESTIGATE"
}
2025-11-28 21:35:01,943 | INFO | === EMAIL ALERTS MODULE STARTED ===
2025-11-28 21:35:01,945 | WARNING | ALERT: 203.0.113.27 → 4 attempts
2025-11-28 21:35:07,052 | INFO | EMAIL SENT: 1 alert(s) to cyberlootkeeper@gmail.com
2025-11-28 21:40:01,162 | INFO | === BRUTE-FORCE DETECTOR STARTED ===
2025-11-28 21:40:01,162 | INFO | Config: {'log_file': 'month1/fake_auth.log', 'output_file': 'month1/alerts.json', 'threshold_count': 3, 'time_window_minutes': 15, 'log_level': 'INFO', 'alert_title': 'BRUTE_FORCE_15MIN', 'smtp_server': 'smtp.gmail.com', 'smtp_port': 587, 'email_from': 'suleephraim1@gmail.com', 'email_to': 'cyberlootkeeper@gmail.com', 'email_password': 'uwijddtfwdtmmony'}
2025-11-28 21:40:01,166 | INFO | Parsed 25 failed logins
2025-11-28 21:40:01,166 | WARNING | ALERT: 203.0.113.27 → 4 attempts in window
2025-11-28 21:40:01,166 | INFO | Exported 1 alert(s) to month1/alerts.json
2025-11-28 21:40:01,167 | INFO | Sample: {
  "alert_type": "BRUTE_FORCE_15MIN",
  "ip": "203.0.113.27",
  "attempt_count": 4,
  "window_minutes": 9,
  "first_attempt": "2025-11-28T11:25:23",
  "last_attempt": "2025-11-28T11:34:23",
  "log_lines": [
    15,
    9,
    22,
    39
  ],
  "severity": "CRITICAL",
  "recommendation": "BLOCK IP + INVESTIGATE"
}
2025-11-28 21:40:01,231 | INFO | === EMAIL ALERTS MODULE STARTED ===
2025-11-28 21:40:01,233 | WARNING | ALERT: 203.0.113.27 → 4 attempts
2025-11-28 21:40:20,543 | INFO | EMAIL SENT: 1 alert(s) to cyberlootkeeper@gmail.com
2025-11-28 21:45:01,635 | INFO | === BRUTE-FORCE DETECTOR STARTED ===
2025-11-28 21:45:01,635 | INFO | Config: {'log_file': 'month1/fake_auth.log', 'output_file': 'month1/alerts.json', 'threshold_count': 3, 'time_window_minutes': 15, 'log_level': 'INFO', 'alert_title': 'BRUTE_FORCE_15MIN', 'smtp_server': 'smtp.gmail.com', 'smtp_port': 587, 'email_from': 'suleephraim1@gmail.com', 'email_to': 'cyberlootkeeper@gmail.com', 'email_password': 'uwijddtfwdtmmony'}
2025-11-28 21:45:01,639 | INFO | Parsed 25 failed logins
2025-11-28 21:45:01,639 | WARNING | ALERT: 203.0.113.27 → 4 attempts in window
2025-11-28 21:45:01,639 | INFO | Exported 1 alert(s) to month1/alerts.json
2025-11-28 21:45:01,639 | INFO | Sample: {
  "alert_type": "BRUTE_FORCE_15MIN",
  "ip": "203.0.113.27",
  "attempt_count": 4,
  "window_minutes": 9,
  "first_attempt": "2025-11-28T11:25:23",
  "last_attempt": "2025-11-28T11:34:23",
  "log_lines": [
    15,
    9,
    22,
    39
  ],
  "severity": "CRITICAL",
  "recommendation": "BLOCK IP + INVESTIGATE"
}
2025-11-28 21:45:01,701 | INFO | === EMAIL ALERTS MODULE STARTED ===
2025-11-28 21:45:01,703 | WARNING | ALERT: 203.0.113.27 → 4 attempts
2025-11-28 21:45:26,008 | INFO | EMAIL SENT: 1 alert(s) to cyberlootkeeper@gmail.com
2025-11-28 21:50:01,118 | INFO | === BRUTE-FORCE DETECTOR STARTED ===
2025-11-28 21:50:01,118 | INFO | Config: {'log_file': 'month1/fake_auth.log', 'output_file': 'month1/alerts.json', 'threshold_count': 3, 'time_window_minutes': 15, 'log_level': 'INFO', 'alert_title': 'BRUTE_FORCE_15MIN', 'smtp_server': 'smtp.gmail.com', 'smtp_port': 587, 'email_from': 'suleephraim1@gmail.com', 'email_to': 'cyberlootkeeper@gmail.com', 'email_password': 'uwijddtfwdtmmony'}
2025-11-28 21:50:01,122 | INFO | Parsed 25 failed logins
2025-11-28 21:50:01,122 | WARNING | ALERT: 203.0.113.27 → 4 attempts in window
2025-11-28 21:50:01,123 | INFO | Exported 1 alert(s) to month1/alerts.json
2025-11-28 21:50:01,123 | INFO | Sample: {
  "alert_type": "BRUTE_FORCE_15MIN",
  "ip": "203.0.113.27",
  "attempt_count": 4,
  "window_minutes": 9,
  "first_attempt": "2025-11-28T11:25:23",
  "last_attempt": "2025-11-28T11:34:23",
  "log_lines": [
    15,
    9,
    22,
    39
  ],
  "severity": "CRITICAL",
  "recommendation": "BLOCK IP + INVESTIGATE"
}
2025-11-28 21:50:01,185 | INFO | === EMAIL ALERTS MODULE STARTED ===
2025-11-28 21:50:01,187 | WARNING | ALERT: 203.0.113.27 → 4 attempts
2025-11-28 21:50:06,689 | INFO | EMAIL SENT: 1 alert(s) to cyberlootkeeper@gmail.com
2025-11-28 21:55:01,791 | INFO | === BRUTE-FORCE DETECTOR STARTED ===
2025-11-28 21:55:01,791 | INFO | Config: {'log_file': 'month1/fake_auth.log', 'output_file': 'month1/alerts.json', 'threshold_count': 3, 'time_window_minutes': 15, 'log_level': 'INFO', 'alert_title': 'BRUTE_FORCE_15MIN', 'smtp_server': 'smtp.gmail.com', 'smtp_port': 587, 'email_from': 'suleephraim1@gmail.com', 'email_to': 'cyberlootkeeper@gmail.com', 'email_password': 'uwijddtfwdtmmony'}
2025-11-28 21:55:01,795 | INFO | Parsed 25 failed logins
2025-11-28 21:55:01,795 | WARNING | ALERT: 203.0.113.27 → 4 attempts in window
2025-11-28 21:55:01,796 | INFO | Exported 1 alert(s) to month1/alerts.json
2025-11-28 21:55:01,796 | INFO | Sample: {
  "alert_type": "BRUTE_FORCE_15MIN",
  "ip": "203.0.113.27",
  "attempt_count": 4,
  "window_minutes": 9,
  "first_attempt": "2025-11-28T11:25:23",
  "last_attempt": "2025-11-28T11:34:23",
  "log_lines": [
    15,
    9,
    22,
    39
  ],
  "severity": "CRITICAL",
  "recommendation": "BLOCK IP + INVESTIGATE"
}
2025-11-28 21:55:01,858 | INFO | === EMAIL ALERTS MODULE STARTED ===
2025-11-28 21:55:01,860 | WARNING | ALERT: 203.0.113.27 → 4 attempts
2025-11-28 21:55:22,290 | INFO | EMAIL SENT: 1 alert(s) to cyberlootkeeper@gmail.com
2025-11-28 22:00:01,404 | INFO | === BRUTE-FORCE DETECTOR STARTED ===
2025-11-28 22:00:01,404 | INFO | Config: {'log_file': 'month1/fake_auth.log', 'output_file': 'month1/alerts.json', 'threshold_count': 3, 'time_window_minutes': 15, 'log_level': 'INFO', 'alert_title': 'BRUTE_FORCE_15MIN', 'smtp_server': 'smtp.gmail.com', 'smtp_port': 587, 'email_from': 'suleephraim1@gmail.com', 'email_to': 'cyberlootkeeper@gmail.com', 'email_password': 'uwijddtfwdtmmony'}
2025-11-28 22:00:01,408 | INFO | Parsed 25 failed logins
2025-11-28 22:00:01,409 | WARNING | ALERT: 203.0.113.27 → 4 attempts in window
2025-11-28 22:00:01,409 | INFO | Exported 1 alert(s) to month1/alerts.json
2025-11-28 22:00:01,409 | INFO | Sample: {
  "alert_type": "BRUTE_FORCE_15MIN",
  "ip": "203.0.113.27",
  "attempt_count": 4,
  "window_minutes": 9,
  "first_attempt": "2025-11-28T11:25:23",
  "last_attempt": "2025-11-28T11:34:23",
  "log_lines": [
    15,
    9,
    22,
    39
  ],
  "severity": "CRITICAL",
  "recommendation": "BLOCK IP + INVESTIGATE"
}
2025-11-28 22:00:01,472 | INFO | === EMAIL ALERTS MODULE STARTED ===
2025-11-28 22:00:01,474 | WARNING | ALERT: 203.0.113.27 → 4 attempts
2025-11-28 22:00:22,019 | INFO | EMAIL SENT: 1 alert(s) to cyberlootkeeper@gmail.com
2025-11-28 22:05:01,122 | INFO | === BRUTE-FORCE DETECTOR STARTED ===
2025-11-28 22:05:01,122 | INFO | Config: {'log_file': 'month1/fake_auth.log', 'output_file': 'month1/alerts.json', 'threshold_count': 3, 'time_window_minutes': 15, 'log_level': 'INFO', 'alert_title': 'BRUTE_FORCE_15MIN', 'smtp_server': 'smtp.gmail.com', 'smtp_port': 587, 'email_from': 'suleephraim1@gmail.com', 'email_to': 'cyberlootkeeper@gmail.com', 'email_password': 'uwijddtfwdtmmony'}
2025-11-28 22:05:01,127 | INFO | Parsed 25 failed logins
2025-11-28 22:05:01,127 | WARNING | ALERT: 203.0.113.27 → 4 attempts in window
2025-11-28 22:05:01,128 | INFO | Exported 1 alert(s) to month1/alerts.json
2025-11-28 22:05:01,128 | INFO | Sample: {
  "alert_type": "BRUTE_FORCE_15MIN",
  "ip": "203.0.113.27",
  "attempt_count": 4,
  "window_minutes": 9,
  "first_attempt": "2025-11-28T11:25:23",
  "last_attempt": "2025-11-28T11:34:23",
  "log_lines": [
    15,
    9,
    22,
    39
  ],
  "severity": "CRITICAL",
  "recommendation": "BLOCK IP + INVESTIGATE"
}
2025-11-28 22:05:01,222 | INFO | === EMAIL ALERTS MODULE STARTED ===
2025-11-28 22:05:01,225 | WARNING | ALERT: 203.0.113.27 → 4 attempts
2025-11-28 22:05:05,552 | INFO | EMAIL SENT: 1 alert(s) to cyberlootkeeper@gmail.com
2025-11-28 22:10:01,661 | INFO | === BRUTE-FORCE DETECTOR STARTED ===
2025-11-28 22:10:01,661 | INFO | Config: {'log_file': 'month1/fake_auth.log', 'output_file': 'month1/alerts.json', 'threshold_count': 3, 'time_window_minutes': 15, 'log_level': 'INFO', 'alert_title': 'BRUTE_FORCE_15MIN', 'smtp_server': 'smtp.gmail.com', 'smtp_port': 587, 'email_from': 'suleephraim1@gmail.com', 'email_to': 'cyberlootkeeper@gmail.com', 'email_password': 'uwijddtfwdtmmony'}
2025-11-28 22:10:01,665 | INFO | Parsed 25 failed logins
2025-11-28 22:10:01,665 | WARNING | ALERT: 203.0.113.27 → 4 attempts in window
2025-11-28 22:10:01,666 | INFO | Exported 1 alert(s) to month1/alerts.json
2025-11-28 22:10:01,666 | INFO | Sample: {
  "alert_type": "BRUTE_FORCE_15MIN",
  "ip": "203.0.113.27",
  "attempt_count": 4,
  "window_minutes": 9,
  "first_attempt": "2025-11-28T11:25:23",
  "last_attempt": "2025-11-28T11:34:23",
  "log_lines": [
    15,
    9,
    22,
    39
  ],
  "severity": "CRITICAL",
  "recommendation": "BLOCK IP + INVESTIGATE"
}
2025-11-28 22:10:01,729 | INFO | === EMAIL ALERTS MODULE STARTED ===
2025-11-28 22:10:01,731 | WARNING | ALERT: 203.0.113.27 → 4 attempts
2025-11-28 22:10:06,295 | INFO | EMAIL SENT: 1 alert(s) to cyberlootkeeper@gmail.com
2025-11-28 22:15:01,394 | INFO | === BRUTE-FORCE DETECTOR STARTED ===
2025-11-28 22:15:01,394 | INFO | Config: {'log_file': 'month1/fake_auth.log', 'output_file': 'month1/alerts.json', 'threshold_count': 3, 'time_window_minutes': 15, 'log_level': 'INFO', 'alert_title': 'BRUTE_FORCE_15MIN', 'smtp_server': 'smtp.gmail.com', 'smtp_port': 587, 'email_from': 'suleephraim1@gmail.com', 'email_to': 'cyberlootkeeper@gmail.com', 'email_password': 'uwijddtfwdtmmony'}
2025-11-28 22:15:01,399 | INFO | Parsed 25 failed logins
2025-11-28 22:15:01,399 | WARNING | ALERT: 203.0.113.27 → 4 attempts in window
2025-11-28 22:15:01,399 | INFO | Exported 1 alert(s) to month1/alerts.json
2025-11-28 22:15:01,399 | INFO | Sample: {
  "alert_type": "BRUTE_FORCE_15MIN",
  "ip": "203.0.113.27",
  "attempt_count": 4,
  "window_minutes": 9,
  "first_attempt": "2025-11-28T11:25:23",
  "last_attempt": "2025-11-28T11:34:23",
  "log_lines": [
    15,
    9,
    22,
    39
  ],
  "severity": "CRITICAL",
  "recommendation": "BLOCK IP + INVESTIGATE"
}
2025-11-28 22:15:01,462 | INFO | === EMAIL ALERTS MODULE STARTED ===
2025-11-28 22:15:01,464 | WARNING | ALERT: 203.0.113.27 → 4 attempts
2025-11-28 22:15:05,726 | INFO | EMAIL SENT: 1 alert(s) to cyberlootkeeper@gmail.com
2025-11-28 22:20:01,852 | INFO | === BRUTE-FORCE DETECTOR STARTED ===
2025-11-28 22:20:01,852 | INFO | Config: {'log_file': 'month1/fake_auth.log', 'output_file': 'month1/alerts.json', 'threshold_count': 3, 'time_window_minutes': 15, 'log_level': 'INFO', 'alert_title': 'BRUTE_FORCE_15MIN', 'smtp_server': 'smtp.gmail.com', 'smtp_port': 587, 'email_from': 'suleephraim1@gmail.com', 'email_to': 'cyberlootkeeper@gmail.com', 'email_password': 'uwijddtfwdtmmony'}
2025-11-28 22:20:01,857 | INFO | Parsed 25 failed logins
2025-11-28 22:20:01,857 | WARNING | ALERT: 203.0.113.27 → 4 attempts in window
2025-11-28 22:20:01,857 | INFO | Exported 1 alert(s) to month1/alerts.json
2025-11-28 22:20:01,857 | INFO | Sample: {
  "alert_type": "BRUTE_FORCE_15MIN",
  "ip": "203.0.113.27",
  "attempt_count": 4,
  "window_minutes": 9,
  "first_attempt": "2025-11-28T11:25:23",
  "last_attempt": "2025-11-28T11:34:23",
  "log_lines": [
    15,
    9,
    22,
    39
  ],
  "severity": "CRITICAL",
  "recommendation": "BLOCK IP + INVESTIGATE"
}
2025-11-28 22:20:01,925 | INFO | === EMAIL ALERTS MODULE STARTED ===
2025-11-28 22:20:01,927 | WARNING | ALERT: 203.0.113.27 → 4 attempts
2025-11-28 22:20:25,091 | INFO | EMAIL SENT: 1 alert(s) to cyberlootkeeper@gmail.com
